medical,simple
The patient underwent a laparoscopic cholecystectomy due to cholelithiasis.,The patient had a laparoscopic cholecystectomy (minimally invasive surgery to remove the gallbladder) due to cholelithiasis (gallstones).
He was diagnosed with myocardial infarction and prescribed thrombolytic therapy.,He was diagnosed with myocardial infarction (heart attack) and prescribed thrombolytic therapy (medication to dissolve blood clots).
The child presented with erythematous rash and was treated with antihistamines.,The child had an erythematous rash (red skin rash) and was treated with antihistamines (allergy medicine).
The patient was administered intravenous fluids for dehydration.,The patient was given intravenous fluids (fluids through an IV) for dehydration (loss of too much body fluid).
He was diagnosed with benign prostatic hyperplasia and is considering transurethral resection of the prostate.,He was diagnosed with benign prostatic hyperplasia (enlarged prostate) and is considering transurethral resection of the prostate (surgery to remove part of the prostate).
The patient suffered from a compound fracture of the tibia.,The patient suffered from a compound fracture (broken bone that pierces the skin) of the tibia (shin bone).
She was treated for acute renal failure with hemodialysis.,She was treated for acute renal failure (sudden kidney failure) with hemodialysis (machine to clean the blood).
He was diagnosed with deep vein thrombosis and put on anticoagulants.,He was diagnosed with deep vein thrombosis (blood clot in a deep vein) and put on anticoagulants (blood thinners).
The patient was administered a beta-blocker for hypertension.,The patient was given a beta-blocker (medication to slow the heart) for hypertension (high blood pressure).
She underwent a total hip arthroplasty due to osteoarthritis.,She had a total hip arthroplasty (hip replacement surgery) due to osteoarthritis (joint disease causing pain and stiffness).
The patient presented with dyspnea and was treated with supplemental oxygen.,The patient had dyspnea (difficulty breathing) and was treated with supplemental oxygen (extra oxygen).
He was diagnosed with type 2 diabetes mellitus and prescribed metformin.,He was diagnosed with type 2 diabetes mellitus (a type of diabetes) and prescribed metformin (diabetes medication).
The patient has a history of atrial fibrillation and is on antiarrhythmic medication.,The patient has a history of atrial fibrillation (irregular heartbeat) and is on antiarrhythmic medication (medication to correct the heartbeat).
She was treated for gastroesophageal reflux disease with a proton pump inhibitor.,She was treated for gastroesophageal reflux disease (acid reflux) with a proton pump inhibitor (medication to reduce stomach acid).
The patient presented with hematuria and was referred for a cystoscopy.,The patient had hematuria (blood in the urine) and was referred for a cystoscopy (a procedure to look inside the bladder).
He was diagnosed with chronic obstructive pulmonary disease and prescribed bronchodilators.,"He was diagnosed with chronic obstructive pulmonary disease (COPD, a lung disease) and prescribed bronchodilators (medication to open the airways)."
The patient underwent a coronary artery bypass graft due to severe coronary artery disease.,The patient had a coronary artery bypass graft (heart bypass surgery) due to severe coronary artery disease (blocked heart arteries).
She presented with menorrhagia and was evaluated for potential uterine fibroids.,She had menorrhagia (heavy menstrual bleeding) and was evaluated for potential uterine fibroids (non-cancerous growths in the uterus).
The patient has a history of hyperlipidemia and is on statin therapy.,The patient has a history of hyperlipidemia (high cholesterol) and is on statin therapy (medication to lower cholesterol).
He was treated for acute bronchitis with a course of antibiotics.,He was treated for acute bronchitis (short-term lung infection) with a course of antibiotics (medication to fight bacteria).
The patient presented with syncope and was advised to undergo an ECG.,The patient had syncope (fainting) and was advised to undergo an ECG (heart test).
She was diagnosed with systemic lupus erythematosus and started on immunosuppressive therapy.,She was diagnosed with systemic lupus erythematosus (an autoimmune disease) and started on immunosuppressive therapy (medication to suppress the immune system).
The patient was administered epinephrine for anaphylaxis.,The patient was given epinephrine (adrenaline) for anaphylaxis (severe allergic reaction).
He underwent an endoscopy to investigate the cause of his dyspepsia.,He had an endoscopy (a procedure to look inside the digestive tract) to investigate the cause of his dyspepsia (indigestion).
The patient presented with tinnitus and was referred to an otolaryngologist.,"The patient had tinnitus (ringing in the ears) and was referred to an otolaryngologist (ear, nose, and throat doctor)."
She was diagnosed with rheumatoid arthritis and prescribed disease-modifying antirheumatic drugs.,She was diagnosed with rheumatoid arthritis (a type of arthritis) and prescribed disease-modifying antirheumatic drugs (medication to slow the disease).
The patient was treated for peptic ulcer disease with proton pump inhibitors.,The patient was treated for peptic ulcer disease (sores in the stomach lining) with proton pump inhibitors (medication to reduce stomach acid).
He was diagnosed with glaucoma and prescribed intraocular pressure-lowering medication.,He was diagnosed with glaucoma (an eye condition) and prescribed intraocular pressure-lowering medication (medication to reduce eye pressure).
The patient presented with pruritus and was advised to use topical corticosteroids.,The patient had pruritus (itching) and was advised to use topical corticosteroids (skin creams).
She was diagnosed with ulcerative colitis and started on anti-inflammatory medication.,She was diagnosed with ulcerative colitis (a type of bowel disease) and started on anti-inflammatory medication (medication to reduce inflammation).
The patient was treated for bacterial meningitis with intravenous antibiotics.,The patient was treated for bacterial meningitis (a serious brain infection) with intravenous antibiotics (antibiotics through an IV).
He underwent a colonoscopy to screen for colorectal cancer.,He had a colonoscopy (a procedure to look inside the colon) to screen for colorectal cancer (colon cancer).
The patient presented with cellulitis and was prescribed oral antibiotics.,The patient had cellulitis (a skin infection) and was prescribed oral antibiotics (antibiotics taken by mouth).
She was diagnosed with chronic kidney disease and referred to a nephrologist.,She was diagnosed with chronic kidney disease (long-term kidney damage) and referred to a nephrologist (kidney doctor).
The patient was administered a sedative prior to undergoing an MRI scan.,The patient was given a sedative (medicine to help calm down) before undergoing an MRI scan (a type of imaging test).
He presented with dysphagia and was scheduled for a barium swallow test.,He had dysphagia (difficulty swallowing) and was scheduled for a barium swallow test (an imaging test of the throat and esophagus).
The patient has a history of gout and is on uric acid-lowering medication.,The patient has a history of gout (a type of arthritis) and is on uric acid-lowering medication (medication to reduce uric acid levels).
She was treated for acute pancreatitis with intravenous fluids and pain management.,She was treated for acute pancreatitis (sudden inflammation of the pancreas) with intravenous fluids (IV fluids) and pain management.
The patient was diagnosed with Barrett's esophagus and scheduled for regular surveillance endoscopies.,The patient was diagnosed with Barrett's esophagus (a condition affecting the esophagus) and scheduled for regular surveillance endoscopies (regular checks of the esophagus).
He underwent a lumbar puncture to rule out meningitis.,He had a lumbar puncture (spinal tap) to rule out meningitis (a brain infection).
The patient presented with tachycardia and was given beta-blockers.,The patient had tachycardia (fast heartbeat) and was given beta-blockers (medication to slow the heart).
She was diagnosed with polycystic ovary syndrome and started on hormonal therapy.,She was diagnosed with polycystic ovary syndrome (a hormone imbalance) and started on hormonal therapy (hormone treatment).
The patient was treated for shingles with antiviral medication.,The patient was treated for shingles (a viral infection causing a painful rash) with antiviral medication (medication to fight the virus).
He presented with epistaxis and was advised to apply pressure and ice packs.,He had epistaxis (nosebleed) and was advised to apply pressure and ice packs.
The patient was diagnosed with obstructive sleep apnea and recommended continuous positive airway pressure therapy.,"The patient was diagnosed with obstructive sleep apnea (a sleep disorder) and recommended continuous positive airway pressure therapy (CPAP, a machine to help breathe during sleep)."
She underwent a DEXA scan to evaluate for osteoporosis.,She had a DEXA scan (bone density test) to evaluate for osteoporosis (weak bones).
The patient was treated for bacterial endocarditis with intravenous antibiotics.,The patient was treated for bacterial endocarditis (heart valve infection) with intravenous antibiotics (antibiotics through an IV).
He was diagnosed with hypothyroidism and prescribed levothyroxine.,He was diagnosed with hypothyroidism (underactive thyroid) and prescribed levothyroxine (thyroid hormone replacement).
The patient presented with conjunctivitis and was given antibiotic eye drops.,The patient had conjunctivitis (pink eye) and was given antibiotic eye drops.
She was diagnosed with multiple sclerosis and started on disease-modifying therapy.,She was diagnosed with multiple sclerosis (a disease of the nervous system) and started on disease-modifying therapy (medication to slow the disease).
The patient was administered an antiemetic for nausea and vomiting.,The patient was given an antiemetic (medication to stop nausea and vomiting).
He presented with melena and was referred for a gastrointestinal evaluation.,"He had melena (black, tarry stools) and was referred for a gastrointestinal evaluation (digestive system check)."
The patient underwent a thyroidectomy due to a suspicious thyroid nodule.,The patient had a thyroidectomy (surgery to remove the thyroid) due to a suspicious thyroid nodule (lump in the thyroid).
She was diagnosed with endometriosis and treated with laparoscopic surgery.,She was diagnosed with endometriosis (a condition where tissue grows outside the uterus) and treated with laparoscopic surgery (minimally invasive surgery).
The patient presented with hemoptysis and was referred for a chest CT scan.,The patient had hemoptysis (coughing up blood) and was referred for a chest CT scan (detailed imaging of the chest).
He was treated for benign paroxysmal positional vertigo with Epley maneuvers.,He was treated for benign paroxysmal positional vertigo (a type of dizziness) with Epley maneuvers (head movements to reduce dizziness).
The patient was diagnosed with peripheral artery disease and started on antiplatelet therapy.,The patient was diagnosed with peripheral artery disease (narrowing of the arteries in the limbs) and started on antiplatelet therapy (medication to prevent blood clots).
She presented with dysmenorrhea and was prescribed nonsteroidal anti-inflammatory drugs.,"She had dysmenorrhea (painful periods) and was prescribed nonsteroidal anti-inflammatory drugs (NSAIDs, medication to reduce pain and inflammation)."
The patient was diagnosed with psoriasis and treated with topical corticosteroids.,The patient was diagnosed with psoriasis (a skin condition) and treated with topical corticosteroids (skin creams).
He was treated for acute appendicitis with an appendectomy.,He was treated for acute appendicitis (sudden inflammation of the appendix) with an appendectomy (surgery to remove the appendix).
The patient presented with jaundice and was evaluated for hepatic dysfunction.,The patient had jaundice (yellowing of the skin and eyes) and was evaluated for hepatic dysfunction (liver problems).
She was diagnosed with chronic sinusitis and recommended sinus surgery.,She was diagnosed with chronic sinusitis (long-term sinus infection) and recommended sinus surgery (surgery to clear the sinuses).
The patient underwent a mastectomy due to breast cancer.,The patient had a mastectomy (surgery to remove the breast) due to breast cancer.
He was diagnosed with bipolar disorder and started on mood stabilizers.,He was diagnosed with bipolar disorder (a mental health condition) and started on mood stabilizers (medication to control mood swings).
The patient presented with nephrolithiasis and was scheduled for lithotripsy.,The patient had nephrolithiasis (kidney stones) and was scheduled for lithotripsy (a procedure to break up the stones).
She was treated for bacterial vaginosis with oral antibiotics.,She was treated for bacterial vaginosis (an infection in the vagina) with oral antibiotics (antibiotics taken by mouth).
The patient was diagnosed with rotator cuff tendinitis and prescribed physical therapy.,The patient was diagnosed with rotator cuff tendinitis (shoulder inflammation) and prescribed physical therapy (exercises to improve movement and strength).
He presented with aphasia and was referred to a speech therapist.,He had aphasia (difficulty speaking or understanding speech) and was referred to a speech therapist.
The patient was treated for scabies with topical permethrin cream.,The patient was treated for scabies (a skin infestation) with topical permethrin cream (a cream to kill the mites).
She was diagnosed with fibromyalgia and started on pain management therapy.,She was diagnosed with fibromyalgia (a condition causing widespread pain) and started on pain management therapy (treatment to manage pain).
The patient presented with alopecia areata and was treated with corticosteroid injections.,The patient had alopecia areata (patchy hair loss) and was treated with corticosteroid injections (medication to reduce inflammation).
He was diagnosed with chronic hepatitis C and started on antiviral therapy.,He was diagnosed with chronic hepatitis C (a long-term liver infection) and started on antiviral therapy (medication to fight the virus).
The patient presented with varicose veins and was recommended sclerotherapy.,The patient had varicose veins (swollen veins) and was recommended sclerotherapy (a procedure to treat the veins).
She was treated for allergic rhinitis with intranasal corticosteroids.,She was treated for allergic rhinitis (hay fever) with intranasal corticosteroids (nose spray medication).
The patient was diagnosed with celiac disease and advised to follow a gluten-free diet.,"The patient was diagnosed with celiac disease (an autoimmune disorder) and advised to follow a gluten-free diet (avoiding gluten, a protein found in wheat)."
He presented with hyperthyroidism and was started on antithyroid medication.,He had hyperthyroidism (overactive thyroid) and was started on antithyroid medication (medication to reduce thyroid activity).
The patient underwent a cardiac catheterization to assess for coronary artery disease.,The patient had a cardiac catheterization (a procedure to check the heart and its blood vessels) to assess for coronary artery disease (blocked heart arteries).
She was diagnosed with irritable bowel syndrome and advised dietary modifications.,She was diagnosed with irritable bowel syndrome (a digestive disorder) and advised dietary modifications (changes to her diet).
The patient presented with peripheral neuropathy and was prescribed gabapentin.,The patient had peripheral neuropathy (nerve damage) and was prescribed gabapentin (medication to relieve nerve pain).
He was treated for acute pharyngitis with oral antibiotics.,He was treated for acute pharyngitis (sore throat) with oral antibiotics (antibiotics taken by mouth).
The patient was diagnosed with cervical spondylosis and recommended physical therapy.,The patient was diagnosed with cervical spondylosis (wear and tear in the neck) and recommended physical therapy (exercises to improve movement and strength).
She presented with Raynaud's phenomenon and was advised to avoid cold exposure.,She had Raynaud's phenomenon (reduced blood flow to fingers and toes) and was advised to avoid cold exposure.
He was diagnosed with chronic venous insufficiency and recommended compression stockings.,He was diagnosed with chronic venous insufficiency (poor blood flow in the veins) and recommended compression stockings (special socks to improve blood flow).
The patient underwent a paracentesis to relieve ascites.,The patient had a paracentesis (procedure to remove fluid from the abdomen) to relieve ascites (fluid buildup in the abdomen).
She was diagnosed with acute lymphoblastic leukemia and started on chemotherapy.,She was diagnosed with acute lymphoblastic leukemia (a type of blood cancer) and started on chemotherapy (cancer treatment).
The patient presented with hypoglycemia and was treated with glucose tablets.,The patient had hypoglycemia (low blood sugar) and was treated with glucose tablets (sugar tablets).
He was diagnosed with obstructive uropathy and underwent a nephrostomy.,He was diagnosed with obstructive uropathy (blocked urine flow) and underwent a nephrostomy (procedure to drain urine from the kidney).
The patient presented with hypercalcemia and was treated with intravenous fluids and bisphosphonates.,The patient had hypercalcemia (high calcium levels in the blood) and was treated with intravenous fluids (IV fluids) and bisphosphonates (medication to reduce calcium levels).
She was diagnosed with ankylosing spondylitis and started on anti-inflammatory medication.,She was diagnosed with ankylosing spondylitis (a type of arthritis) and started on anti-inflammatory medication (medication to reduce inflammation).
The patient was treated for seborrheic dermatitis with antifungal shampoo.,The patient was treated for seborrheic dermatitis (a skin condition causing dandruff) with antifungal shampoo (shampoo to reduce fungus).
He presented with costochondritis and was prescribed nonsteroidal anti-inflammatory drugs.,"He had costochondritis (inflammation of the chest cartilage) and was prescribed nonsteroidal anti-inflammatory drugs (NSAIDs, medication to reduce pain and inflammation)."
The patient was diagnosed with adhesive capsulitis and recommended physical therapy.,The patient was diagnosed with adhesive capsulitis (frozen shoulder) and recommended physical therapy (exercises to improve movement and strength).
She presented with uterine prolapse and was referred for pelvic floor therapy.,She had uterine prolapse (the uterus dropping into the vagina) and was referred for pelvic floor therapy (exercises to strengthen the pelvic muscles).
The patient was treated for sciatica with nonsteroidal anti-inflammatory drugs.,"The patient was treated for sciatica (nerve pain in the lower back) with nonsteroidal anti-inflammatory drugs (NSAIDs, medication to reduce pain and inflammation)."
She presented with hyperemesis gravidarum and was hospitalized for intravenous fluids.,She had hyperemesis gravidarum (severe morning sickness) and was hospitalized for intravenous fluids (IV fluids).
The patient was diagnosed with macular degeneration and prescribed antioxidant vitamins.,The patient was diagnosed with macular degeneration (eye disease that affects vision) and prescribed antioxidant vitamins (vitamins to help slow the disease).
He underwent an esophagogastroduodenoscopy to investigate his dyspepsia.,He had an esophagogastroduodenoscopy (a procedure to look inside the digestive tract) to investigate his dyspepsia (indigestion).
The patient presented with polyuria and was evaluated for diabetes mellitus.,The patient had polyuria (excessive urination) and was evaluated for diabetes mellitus (a type of diabetes).
She was treated for allergic conjunctivitis with antihistamine eye drops.,She was treated for allergic conjunctivitis (eye allergy) with antihistamine eye drops (allergy eye drops).
The patient underwent a bronchoscopy to investigate chronic cough.,The patient had a bronchoscopy (a procedure to look inside the airways) to investigate chronic cough.
He was diagnosed with mitral valve prolapse and prescribed beta-blockers.,He was diagnosed with mitral valve prolapse (a heart valve problem) and prescribed beta-blockers (medication to slow the heart).
The patient presented with xerostomia and was advised to use saliva substitutes.,The patient had xerostomia (dry mouth) and was advised to use saliva substitutes (products to help moisten the mouth).
She was treated for tinea pedis with antifungal cream.,She was treated for tinea pedis (athlete's foot) with antifungal cream (medication to kill the fungus).
The patient was diagnosed with osteomyelitis and started on intravenous antibiotics.,The patient was diagnosed with osteomyelitis (bone infection) and started on intravenous antibiotics (antibiotics through an IV).
He presented with gynecomastia and was referred to an endocrinologist.,He had gynecomastia (enlarged breast tissue in men) and was referred to an endocrinologist (hormone specialist).
The patient underwent a craniotomy to remove a brain tumor.,The patient had a craniotomy (surgery to open the skull) to remove a brain tumor.
She was diagnosed with Ménière's disease and prescribed diuretics.,She was diagnosed with Ménière's disease (an inner ear disorder) and prescribed diuretics (medication to reduce fluid buildup).
The patient was treated for onychomycosis with oral antifungal medication.,The patient was treated for onychomycosis (nail fungus) with oral antifungal medication (antifungal pills).
He presented with esophageal varices and underwent band ligation.,He had esophageal varices (swollen veins in the esophagus) and underwent band ligation (a procedure to tie off the veins).
The patient was diagnosed with pleurisy and treated with anti-inflammatory medication.,The patient was diagnosed with pleurisy (inflammation of the lung lining) and treated with anti-inflammatory medication.
She underwent a hysteroscopy to evaluate abnormal uterine bleeding.,She had a hysteroscopy (a procedure to look inside the uterus) to evaluate abnormal uterine bleeding.
The patient presented with uveitis and was prescribed corticosteroid eye drops.,The patient had uveitis (inflammation of the eye) and was prescribed corticosteroid eye drops (anti-inflammatory eye drops).
He was diagnosed with ankylosing spondylitis and started on anti-inflammatory medication.,He was diagnosed with ankylosing spondylitis (a type of arthritis) and started on anti-inflammatory medication (medication to reduce inflammation).
The patient underwent a nephrectomy due to renal cell carcinoma.,The patient had a nephrectomy (surgery to remove a kidney) due to renal cell carcinoma (kidney cancer).
She was treated for a Bartholin's cyst with incision and drainage.,She was treated for a Bartholin's cyst (a cyst near the vaginal opening) with incision and drainage (cutting it open and letting it drain).
The patient presented with sialolithiasis and was referred for sialography.,The patient had sialolithiasis (salivary gland stones) and was referred for sialography (an imaging test of the salivary glands).
He was diagnosed with idiopathic thrombocytopenic purpura and treated with corticosteroids.,He was diagnosed with idiopathic thrombocytopenic purpura (a bleeding disorder) and treated with corticosteroids (anti-inflammatory medication).
The patient underwent a lumbar laminectomy for spinal stenosis.,The patient had a lumbar laminectomy (surgery to remove part of the spine) for spinal stenosis (narrowing of the spinal canal).
She was diagnosed with Sjogren's syndrome and advised to use artificial tears.,She was diagnosed with Sjogren's syndrome (an autoimmune disorder) and advised to use artificial tears (eye drops to moisten the eyes).
The patient presented with temporomandibular joint dysfunction and was referred for physical therapy.,The patient had temporomandibular joint dysfunction (jaw pain) and was referred for physical therapy (exercises to improve movement and reduce pain).
He was treated for cellulitis with intravenous antibiotics.,He was treated for cellulitis (a skin infection) with intravenous antibiotics (antibiotics through an IV).
The patient underwent a carpal tunnel release due to carpal tunnel syndrome.,The patient had a carpal tunnel release (surgery to relieve pressure on the nerve) due to carpal tunnel syndrome (nerve compression in the wrist).
She was diagnosed with hidradenitis suppurativa and treated with antibiotics.,She was diagnosed with hidradenitis suppurativa (a skin condition) and treated with antibiotics (medication to fight infection).
The patient presented with Bell's palsy and was treated with corticosteroids.,The patient had Bell's palsy (temporary facial paralysis) and was treated with corticosteroids (anti-inflammatory medication).
He was diagnosed with hemophilia and started on clotting factor replacement therapy.,He was diagnosed with hemophilia (a bleeding disorder) and started on clotting factor replacement therapy (medication to help blood clot).
The patient underwent a ureteroscopy to remove kidney stones.,The patient had a ureteroscopy (a procedure to look inside the ureter) to remove kidney stones.
She was treated for rosacea with topical metronidazole.,She was treated for rosacea (a skin condition causing redness) with topical metronidazole (a cream to reduce inflammation).
The patient was diagnosed with retinitis pigmentosa and referred to a genetic counselor.,The patient was diagnosed with retinitis pigmentosa (a genetic eye disorder) and referred to a genetic counselor (specialist in inherited diseases).
He presented with adhesive capsulitis and was prescribed physical therapy.,He had adhesive capsulitis (frozen shoulder) and was prescribed physical therapy (exercises to improve movement and strength).
The patient was treated for benign paroxysmal positional vertigo with Epley maneuvers.,The patient was treated for benign paroxysmal positional vertigo (a type of dizziness) with Epley maneuvers (head movements to reduce dizziness).
The patient presented with tinea corporis and was prescribed topical antifungal medication.,The patient had tinea corporis (ringworm) and was prescribed topical antifungal medication (medication to kill the fungus).
He was treated for paronychia with incision and drainage.,He was treated for paronychia (a nail infection) with incision and drainage (cutting it open and letting it drain).
The patient was diagnosed with chronic lymphocytic leukemia and started on chemotherapy.,The patient was diagnosed with chronic lymphocytic leukemia (a type of blood cancer) and started on chemotherapy (cancer treatment).
She presented with diverticulitis and was treated with antibiotics.,She had diverticulitis (infection of the colon pouches) and was treated with antibiotics (medication to fight infection).
The patient underwent a lithotripsy to break up kidney stones.,The patient had a lithotripsy (a procedure to break up kidney stones).
He was diagnosed with herpes zoster and prescribed antiviral medication.,He was diagnosed with herpes zoster (shingles) and prescribed antiviral medication (medication to fight the virus).
The patient presented with otitis externa and was given antibiotic ear drops.,The patient had otitis externa (swimmer's ear) and was given antibiotic ear drops.
She was diagnosed with Addison's disease and started on corticosteroid replacement therapy.,She was diagnosed with Addison's disease (a hormone disorder) and started on corticosteroid replacement therapy (medication to replace missing hormones).
The patient was treated for balanitis with topical antifungal cream.,The patient was treated for balanitis (inflammation of the penis) with topical antifungal cream (cream to kill the fungus).
He underwent a cystoscopy to investigate hematuria.,He had a cystoscopy (a procedure to look inside the bladder) to investigate hematuria (blood in the urine).
The patient was diagnosed with sarcoidosis and started on corticosteroids.,The patient was diagnosed with sarcoidosis (a disease causing inflammation) and started on corticosteroids (anti-inflammatory medication).
She was treated for trichomoniasis with oral metronidazole.,She was treated for trichomoniasis (a sexually transmitted infection) with oral metronidazole (antibiotic pills).
The patient presented with lumbar radiculopathy and was referred for physical therapy.,The patient had lumbar radiculopathy (nerve pain in the lower back) and was referred for physical therapy (exercises to improve movement and reduce pain).
He was diagnosed with chronic pancreatitis and advised to avoid alcohol.,He was diagnosed with chronic pancreatitis (long-term inflammation of the pancreas) and advised to avoid alcohol.
The patient was treated for hypokalemia with oral potassium supplements.,The patient was treated for hypokalemia (low potassium levels) with oral potassium supplements (potassium pills).
She presented with hyperhidrosis and was prescribed antiperspirant.,She had hyperhidrosis (excessive sweating) and was prescribed antiperspirant (a product to reduce sweating).
The patient underwent a tonsillectomy due to recurrent tonsillitis.,The patient had a tonsillectomy (surgery to remove the tonsils) due to recurrent tonsillitis (frequent throat infections).
He was diagnosed with aortic stenosis and referred for surgical evaluation.,He was diagnosed with aortic stenosis (narrowing of the heart valve) and referred for surgical evaluation (consideration for surgery).
The patient was treated for plantar fasciitis with physical therapy and orthotics.,The patient was treated for plantar fasciitis (heel pain) with physical therapy (exercises to improve movement and reduce pain) and orthotics (special shoe inserts).
She was diagnosed with vitiligo and referred to a dermatologist.,She was diagnosed with vitiligo (loss of skin color) and referred to a dermatologist (skin doctor).
The patient presented with epiglottitis and was treated with intravenous antibiotics.,The patient had epiglottitis (inflammation of the epiglottis) and was treated with intravenous antibiotics (antibiotics through an IV).
He was treated for pericarditis with nonsteroidal anti-inflammatory drugs.,"He was treated for pericarditis (inflammation of the lining around the heart) with nonsteroidal anti-inflammatory drugs (NSAIDs, medication to reduce pain and inflammation)."
The patient was diagnosed with Paget's disease of bone and started on bisphosphonates.,The patient was diagnosed with Paget's disease of bone (a bone disorder) and started on bisphosphonates (medication to strengthen bones).
She was treated for a ganglion cyst with aspiration.,She was treated for a ganglion cyst (a fluid-filled lump) with aspiration (draining the fluid).
The patient presented with encephalitis and was hospitalized for antiviral therapy.,The patient had encephalitis (brain inflammation) and was hospitalized for antiviral therapy (medication to fight the virus).
He was diagnosed with phimosis and referred for circumcision.,He was diagnosed with phimosis (tight foreskin) and referred for circumcision (surgery to remove the foreskin).
The patient was treated for a peritonsillar abscess with incision and drainage.,The patient was treated for a peritonsillar abscess (pus-filled pocket near the tonsils) with incision and drainage (cutting it open and letting it drain).
She presented with acromegaly and was referred to an endocrinologist.,She had acromegaly (excessive growth hormone) and was referred to an endocrinologist (hormone specialist).
The patient was diagnosed with optic neuritis and started on corticosteroids.,The patient was diagnosed with optic neuritis (inflammation of the optic nerve) and started on corticosteroids (anti-inflammatory medication).
He was treated for epididymitis with oral antibiotics.,He was treated for epididymitis (inflammation of the epididymis) with oral antibiotics (antibiotics taken by mouth).
The patient presented with cholangitis and was admitted for intravenous antibiotics.,The patient had cholangitis (infection of the bile ducts) and was admitted for intravenous antibiotics (antibiotics through an IV).
She was diagnosed with chondromalacia patellae and prescribed physical therapy.,She was diagnosed with chondromalacia patellae (softening of the cartilage under the kneecap) and prescribed physical therapy (exercises to improve movement and reduce pain).
The patient was treated for a Baker's cyst with aspiration.,The patient was treated for a Baker's cyst (fluid-filled lump behind the knee) with aspiration (draining the fluid).
He was diagnosed with pneumothorax and underwent chest tube insertion.,He was diagnosed with pneumothorax (collapsed lung) and underwent chest tube insertion (a tube placed in the chest to remove air).
The patient presented with cholesteatoma and was referred for surgical evaluation.,The patient had cholesteatoma (abnormal skin growth in the ear) and was referred for surgical evaluation (consideration for surgery).
She was diagnosed with myasthenia gravis and started on anticholinesterase medication.,She was diagnosed with myasthenia gravis (a muscle weakness disorder) and started on anticholinesterase medication (medication to improve muscle strength).
The patient was treated for herpes labialis with oral antiviral medication.,The patient was treated for herpes labialis (cold sores) with oral antiviral medication (antiviral pills).
He presented with balanoposthitis and was prescribed topical antibiotics.,He had balanoposthitis (inflammation of the penis and foreskin) and was prescribed topical antibiotics (antibiotic cream).
The patient was diagnosed with interstitial cystitis and advised to follow a bladder-friendly diet.,The patient was diagnosed with interstitial cystitis (bladder pain syndrome) and advised to follow a bladder-friendly diet (avoiding foods that irritate the bladder).
She was treated for cervicitis with oral antibiotics.,She was treated for cervicitis (inflammation of the cervix) with oral antibiotics (antibiotics taken by mouth).
The patient presented with pterygium and was referred to an ophthalmologist.,The patient had pterygium (a growth on the eye) and was referred to an ophthalmologist (eye doctor).
He was diagnosed with pyelonephritis and treated with intravenous antibiotics.,He was diagnosed with pyelonephritis (kidney infection) and treated with intravenous antibiotics (antibiotics through an IV).
The patient was treated for hyperuricemia with allopurinol.,The patient was treated for hyperuricemia (high uric acid levels) with allopurinol (medication to reduce uric acid).
She presented with temporomandibular joint disorder and was referred to a dentist.,She had temporomandibular joint disorder (jaw pain) and was referred to a dentist.
The patient was diagnosed with Barrett's esophagus and started on proton pump inhibitors.,The patient was diagnosed with Barrett's esophagus (a condition affecting the esophagus) and started on proton pump inhibitors (medication to reduce stomach acid).
He was treated for tinea capitis with oral antifungal medication.,He was treated for tinea capitis (scalp ringworm) with oral antifungal medication (antifungal pills).
The patient presented with aortic dissection and was admitted for emergency surgery.,The patient had aortic dissection (a tear in the aorta) and was admitted for emergency surgery.
She was diagnosed with polymyalgia rheumatica and started on corticosteroids.,She was diagnosed with polymyalgia rheumatica (a condition causing muscle pain) and started on corticosteroids (anti-inflammatory medication).
The patient was treated for a chalazion with warm compresses.,The patient was treated for a chalazion (a lump on the eyelid) with warm compresses (warm cloths).
He was diagnosed with polycystic kidney disease and referred to a nephrologist.,He was diagnosed with polycystic kidney disease (a genetic kidney disorder) and referred to a nephrologist (kidney doctor).
The patient presented with scleritis and was started on corticosteroids.,The patient had scleritis (inflammation of the white part of the eye) and was started on corticosteroids (anti-inflammatory medication).
She was treated for perioral dermatitis with topical antibiotics.,She was treated for perioral dermatitis (rash around the mouth) with topical antibiotics (antibiotic cream).
The patient was diagnosed with a pituitary adenoma and referred for neurosurgical evaluation.,The patient was diagnosed with a pituitary adenoma (a benign tumor in the pituitary gland) and referred for neurosurgical evaluation (consideration for surgery).
He presented with a rotator cuff tear and was referred for physical therapy.,He had a rotator cuff tear (shoulder injury) and was referred for physical therapy (exercises to improve movement and strength).
The patient was treated for prurigo nodularis with corticosteroid injections.,The patient was treated for prurigo nodularis (itchy lumps on the skin) with corticosteroid injections (anti-inflammatory medication).
She was diagnosed with hypoparathyroidism and started on calcium and vitamin D supplements.,She was diagnosed with hypoparathyroidism (low parathyroid hormone) and started on calcium and vitamin D supplements (pills to increase calcium and vitamin D levels).
The patient was treated for subungual hematoma with nail trephination.,The patient was treated for subungual hematoma (blood under the nail) with nail trephination (making a small hole in the nail to relieve pressure).
He presented with scleroderma and was referred to a rheumatologist.,He had scleroderma (a connective tissue disorder) and was referred to a rheumatologist (joint and muscle doctor).
The patient was diagnosed with Henoch-Schönlein purpura and advised to rest and take pain relievers.,The patient was diagnosed with Henoch-Schönlein purpura (a condition causing blood vessel inflammation) and advised to rest and take pain relievers.
She presented with vestibular neuritis and was prescribed vestibular rehabilitation exercises.,She had vestibular neuritis (inflammation of the balance nerve) and was prescribed vestibular rehabilitation exercises (exercises to improve balance).
The patient was treated for hidradenitis suppurativa with oral antibiotics.,The patient was treated for hidradenitis suppurativa (a skin condition) with oral antibiotics (antibiotics taken by mouth).
He was diagnosed with keloids and treated with corticosteroid injections.,He was diagnosed with keloids (raised scars) and treated with corticosteroid injections (anti-inflammatory medication).
The patient presented with Dupuytren's contracture and was referred for surgical evaluation.,The patient had Dupuytren's contracture (tightening of tissue in the hand) and was referred for surgical evaluation (consideration for surgery).
She was diagnosed with iritis and started on corticosteroid eye drops.,She was diagnosed with iritis (inflammation of the eye) and started on corticosteroid eye drops (anti-inflammatory eye drops).
The patient was treated for molluscum contagiosum with cryotherapy.,The patient was treated for molluscum contagiosum (a skin infection) with cryotherapy (freezing the bumps).
He presented with Charcot-Marie-Tooth disease and was referred to a neurologist.,He had Charcot-Marie-Tooth disease (a genetic nerve disorder) and was referred to a neurologist (nerve doctor).
The patient was diagnosed with pemphigus vulgaris and started on immunosuppressive therapy.,The patient was diagnosed with pemphigus vulgaris (an autoimmune skin disorder) and started on immunosuppressive therapy (medication to suppress the immune system).
She presented with lichen planus and was treated with topical corticosteroids.,She had lichen planus (an itchy skin rash) and was treated with topical corticosteroids (anti-inflammatory cream).
He was treated for pneumocystis pneumonia with trimethoprim-sulfamethoxazole.,He was treated for pneumocystis pneumonia (a type of lung infection) with trimethoprim-sulfamethoxazole (antibiotic pills).
The patient presented with radial head subluxation and underwent reduction.,The patient had radial head subluxation (nursemaid's elbow) and underwent reduction (a procedure to put the bone back in place).
She was diagnosed with vulvodynia and prescribed topical lidocaine.,She was diagnosed with vulvodynia (chronic vulva pain) and prescribed topical lidocaine (pain-relief cream).
The patient was treated for xerosis with emollients.,The patient was treated for xerosis (dry skin) with emollients (moisturizers).
He was diagnosed with acanthosis nigricans and advised to manage his weight.,"He was diagnosed with acanthosis nigricans (dark, thickened skin patches) and advised to manage his weight."
The patient presented with Takayasu's arteritis and started on corticosteroids.,The patient had Takayasu's arteritis (inflammation of blood vessels) and started on corticosteroids (anti-inflammatory medication).
She was treated for pityriasis rosea with antihistamines.,She was treated for pityriasis rosea (a skin rash) with antihistamines (allergy medicine).
The patient was diagnosed with hyperparathyroidism and referred for surgical evaluation.,The patient was diagnosed with hyperparathyroidism (overactive parathyroid glands) and referred for surgical evaluation (consideration for surgery).
He was treated for plantar warts with salicylic acid.,He was treated for plantar warts (warts on the feet) with salicylic acid (a wart remover).
The patient presented with aortic aneurysm and was referred for vascular surgery.,The patient had an aortic aneurysm (a bulge in the aorta) and was referred for vascular surgery (consideration for surgery).
She was diagnosed with Scheuermann's disease and prescribed physical therapy.,She was diagnosed with Scheuermann's disease (a spine disorder) and prescribed physical therapy (exercises to improve movement and reduce pain).
He was diagnosed with achalasia and referred for esophageal dilation.,He was diagnosed with achalasia (difficulty swallowing) and referred for esophageal dilation (a procedure to widen the esophagus).
The patient presented with epiretinal membrane and was referred to an ophthalmologist.,The patient had epiretinal membrane (a thin layer on the retina) and was referred to an ophthalmologist (eye doctor).
She was treated for congenital adrenal hyperplasia with corticosteroids.,She was treated for congenital adrenal hyperplasia (a genetic hormone disorder) with corticosteroids (hormone medication).
The patient was diagnosed with achondroplasia and referred to a geneticist.,The patient was diagnosed with achondroplasia (a genetic bone disorder) and referred to a geneticist (genetic specialist).
He was treated for alopecia areata with corticosteroid injections.,He was treated for alopecia areata (patchy hair loss) with corticosteroid injections (anti-inflammatory medication).
The patient presented with carpal tunnel syndrome and was referred for nerve conduction studies.,The patient had carpal tunnel syndrome (nerve compression in the wrist) and was referred for nerve conduction studies (tests to measure nerve function).
She was diagnosed with amyloidosis and referred for a biopsy.,She was diagnosed with amyloidosis (a protein buildup disorder) and referred for a biopsy (tissue sample test).
The patient was treated for seborrheic keratosis with cryotherapy.,The patient was treated for seborrheic keratosis (a non-cancerous skin growth) with cryotherapy (freezing the growth).
He was diagnosed with Marfan syndrome and referred to a cardiologist.,He was diagnosed with Marfan syndrome (a genetic disorder affecting connective tissue) and referred to a cardiologist (heart doctor).
The patient presented with hereditary angioedema and was treated with C1 inhibitor concentrate.,The patient had hereditary angioedema (a genetic swelling disorder) and was treated with C1 inhibitor concentrate (medication to reduce swelling).
She was treated for lichen sclerosus with topical corticosteroids.,She was treated for lichen sclerosus (a skin condition causing white patches) with topical corticosteroids (anti-inflammatory cream).
The patient was diagnosed with Gaucher disease and started on enzyme replacement therapy.,The patient was diagnosed with Gaucher disease (a genetic disorder) and started on enzyme replacement therapy (medication to replace missing enzymes).
He presented with osteogenesis imperfecta and was referred to a geneticist.,He had osteogenesis imperfecta (a genetic bone disorder) and was referred to a geneticist (genetic specialist).
The patient was treated for cutaneous T-cell lymphoma with phototherapy.,The patient was treated for cutaneous T-cell lymphoma (a type of skin cancer) with phototherapy (light therapy).
She was diagnosed with cystic fibrosis and started on airway clearance therapy.,She was diagnosed with cystic fibrosis (a genetic lung disorder) and started on airway clearance therapy (treatment to clear mucus from the lungs).
The patient was treated for neurofibromatosis with surgical removal of neurofibromas.,The patient was treated for neurofibromatosis (a genetic disorder causing tumors) with surgical removal of neurofibromas (tumors).
He was diagnosed with Huntington's disease and referred to a neurologist.,He was diagnosed with Huntington's disease (a genetic brain disorder) and referred to a neurologist (nerve doctor).
The patient presented with Turner syndrome and was started on growth hormone therapy.,The patient had Turner syndrome (a genetic disorder) and was started on growth hormone therapy (medication to increase growth).
She was treated for Wolff-Parkinson-White syndrome with radiofrequency ablation.,She was treated for Wolff-Parkinson-White syndrome (a heart rhythm disorder) with radiofrequency ablation (a procedure to destroy abnormal heart tissue).
The patient was diagnosed with Rett syndrome and referred to a geneticist.,The patient was diagnosed with Rett syndrome (a genetic brain disorder) and referred to a geneticist (genetic specialist).
He presented with Prader-Willi syndrome and was started on growth hormone therapy.,He had Prader-Willi syndrome (a genetic disorder) and was started on growth hormone therapy (medication to increase growth).
The patient was treated for Ehlers-Danlos syndrome with physical therapy.,The patient was treated for Ehlers-Danlos syndrome (a genetic connective tissue disorder) with physical therapy (exercises to improve movement and strength).
She was diagnosed with Alport syndrome and referred to a nephrologist.,She was diagnosed with Alport syndrome (a genetic kidney disorder) and referred to a nephrologist (kidney doctor).
The patient presented with Smith-Lemli-Opitz syndrome and was started on cholesterol supplementation.,The patient had Smith-Lemli-Opitz syndrome (a genetic disorder) and was started on cholesterol supplementation (medication to increase cholesterol levels).
He was treated for Joubert syndrome with supportive care.,He was treated for Joubert syndrome (a genetic brain disorder) with supportive care (help with daily activities and symptoms).
The patient was diagnosed with Leigh syndrome and referred to a neurologist.,The patient was diagnosed with Leigh syndrome (a genetic brain disorder) and referred to a neurologist (nerve doctor).
She presented with Usher syndrome and was referred to an ophthalmologist and audiologist.,She had Usher syndrome (a genetic disorder affecting hearing and vision) and was referred to an ophthalmologist (eye doctor) and audiologist (hearing doctor).
she was intubated and was resuscitated after 10 - 22 minutes of pea arrest.,She was intubated (had a breathing tube inserted) and was resuscitated (brought back to life) after 10-22 minutes of pea arrest (a type of cardiac arrest).
The patient presented with tachycardia and hypertension.,The patient presented with tachycardia (fast heart rate) and hypertension (high blood pressure).
He was diagnosed with COPD and given a bronchodilator.,He was diagnosed with COPD (chronic lung disease) and given a bronchodilator (medicine to help open airways).
The MRI showed a large hematoma in the cerebrum.,The MRI showed a large hematoma (blood clot) in the cerebrum (part of the brain).
The patient is experiencing dysphagia and needs a gastrostomy tube.,The patient is experiencing dysphagia (difficulty swallowing) and needs a gastrostomy tube (feeding tube).
An echocardiogram revealed left ventricular hypertrophy.,An echocardiogram (heart ultrasound) revealed left ventricular hypertrophy (enlargement of the left heart chamber).
She has a history of myocardial infarction and is on beta blockers.,She has a history of myocardial infarction (heart attack) and is on beta blockers (heart medication).
The biopsy indicated adenocarcinoma of the colon.,The biopsy indicated adenocarcinoma (type of cancer) of the colon (large intestine).
He was treated for acute pancreatitis with IV fluids.,He was treated for acute pancreatitis (sudden pancreas inflammation) with IV fluids (intravenous fluids).
The patient suffers from chronic renal insufficiency.,The patient suffers from chronic renal insufficiency (long-term kidney problems).
The child was diagnosed with bronchiolitis and given nebulizer treatments.,The child was diagnosed with bronchiolitis (small airway infection) and given nebulizer treatments (breathing treatments).
The CT scan revealed a subdural hematoma.,The CT scan revealed a subdural hematoma (blood clot under the skull).
He was found to have a pleural effusion and needed a thoracentesis.,He was found to have a pleural effusion (fluid around the lungs) and needed a thoracentesis (fluid removal procedure).
The patient has aortic stenosis and requires valve replacement surgery.,The patient has aortic stenosis (narrowing of the heart valve) and requires valve replacement surgery.
The blood work showed elevated liver enzymes indicative of hepatitis.,The blood work showed elevated liver enzymes (liver problems) indicative of hepatitis (liver inflammation).
She was diagnosed with gestational diabetes during her pregnancy.,She was diagnosed with gestational diabetes (diabetes during pregnancy) during her pregnancy.
The patient has rheumatoid arthritis and is on immunosuppressants.,The patient has rheumatoid arthritis (joint disease) and is on immunosuppressants (immune system medication).
The ECG showed atrial fibrillation.,The ECG (heart test) showed atrial fibrillation (irregular heartbeat).
The patient has a peptic ulcer and is being treated with proton pump inhibitors.,The patient has a peptic ulcer (stomach sore) and is being treated with proton pump inhibitors (stomach acid medicine).
The baby was diagnosed with congenital heart disease.,The baby was diagnosed with congenital heart disease (heart problem present at birth).
The patient was diagnosed with hypothyroidism and started on levothyroxine.,The patient was diagnosed with hypothyroidism (low thyroid function) and started on levothyroxine (thyroid medicine).
The colonoscopy revealed multiple polyps in the colon.,The colonoscopy (bowel exam) revealed multiple polyps (growths) in the colon (large intestine).
The patient underwent a cholecystectomy due to gallstones.,The patient underwent a cholecystectomy (gallbladder removal) due to gallstones.
The MRI showed a herniated disc in the lumbar spine.,The MRI showed a herniated disc (slipped disc) in the lumbar spine (lower back).
He was treated for atrial fibrillation with anticoagulants.,He was treated for atrial fibrillation (irregular heartbeat) with anticoagulants (blood thinners).
The child has been diagnosed with autism spectrum disorder.,The child has been diagnosed with autism spectrum disorder (developmental condition).
He was prescribed an antibiotic for his bacterial pneumonia.,He was prescribed an antibiotic (infection medicine) for his bacterial pneumonia (lung infection).
The MRI showed signs of multiple sclerosis.,The MRI showed signs of multiple sclerosis (nerve disease).
She was treated for a deep vein thrombosis with anticoagulants.,She was treated for a deep vein thrombosis (blood clot) with anticoagulants (blood thinners).
The patient has a history of diverticulitis.,The patient has a history of diverticulitis (bowel inflammation).
He was diagnosed with obstructive sleep apnea and given a CPAP machine.,He was diagnosed with obstructive sleep apnea (breathing problems during sleep) and given a CPAP machine (breathing device).
The patient was diagnosed with acute lymphoblastic leukemia.,The patient was diagnosed with acute lymphoblastic leukemia (type of blood cancer).
He was treated for hyperthyroidism with radioactive iodine.,He was treated for hyperthyroidism (overactive thyroid) with radioactive iodine.
She was prescribed an antipsychotic for her schizophrenia.,She was prescribed an antipsychotic (mental health medication) for her schizophrenia (mental disorder).
The patient has ulcerative colitis and takes immunosuppressants.,The patient has ulcerative colitis (colon inflammation) and takes immunosuppressants (immune system medication).
She was treated for bacterial meningitis with intravenous antibiotics.,She was treated for bacterial meningitis (brain infection) with intravenous antibiotics (IV infection medicine).
He was treated for cellulitis with antibiotics.,He was treated for cellulitis (skin infection) with antibiotics (infection medicine).
The patient has aortic aneurysm and is scheduled for surgery.,The patient has aortic aneurysm (bulging blood vessel) and is scheduled for surgery.
She was diagnosed with psoriasis and uses topical treatments.,She was diagnosed with psoriasis (skin condition) and uses topical treatments (skin creams).
He was treated for sepsis with broad-spectrum antibiotics.,He was treated for sepsis (blood infection) with broad-spectrum antibiotics (strong infection medicine).
The patient was diagnosed with type 1 diabetes and uses insulin daily.,The patient was diagnosed with type 1 diabetes (insulin-dependent diabetes) and uses insulin daily.
He was diagnosed with prostate cancer and is undergoing radiation therapy.,He was diagnosed with prostate cancer (male gland cancer) and is undergoing radiation therapy (cancer treatment).
She was diagnosed with lupus and is being treated with corticosteroids.,She was diagnosed with lupus (immune system disease) and is being treated with corticosteroids (anti-inflammatory medicine).
He was treated for a pulmonary embolism with anticoagulants.,He was treated for a pulmonary embolism (lung blood clot) with anticoagulants (blood thinners).
The patient has peripheral neuropathy and experiences tingling in the extremities.,The patient has peripheral neuropathy (nerve damage) and experiences tingling in the extremities (hands and feet).
The patient has a history of Barrett's esophagus and undergoes regular surveillance endoscopies.,The patient has a history of Barrett's esophagus (esophagus changes) and undergoes regular surveillance endoscopies (throat exams).
He was diagnosed with atrial flutter and underwent catheter ablation.,He was diagnosed with atrial flutter (heart rhythm problem) and underwent catheter ablation (heart procedure).
The patient has Crohn's disease and takes biologic therapy to manage symptoms.,The patient has Crohn's disease (digestive tract inflammation) and takes biologic therapy (advanced treatment) to manage symptoms.
She has a history of temporal lobe epilepsy and takes anticonvulsants.,She has a history of temporal lobe epilepsy (seizure disorder) and takes anticonvulsants (seizure medicine).
He was treated for bacterial endocarditis with intravenous antibiotics.,He was treated for bacterial endocarditis (heart infection) with intravenous antibiotics (IV infection medicine).
The patient has a history of hypertrophic cardiomyopathy.,The patient has a history of hypertrophic cardiomyopathy (thickened heart muscle).
She was diagnosed with osteoporosis and is on bisphosphonates.,She was diagnosed with osteoporosis (weak bones) and is on bisphosphonates (bone-strengthening medicine).
The patient has hyperlipidemia and takes statins to manage cholesterol levels.,The patient has hyperlipidemia (high cholesterol) and takes statins (cholesterol medicine) to manage cholesterol levels.
The patient has polycystic ovary syndrome and takes metformin.,The patient has polycystic ovary syndrome (ovary condition) and takes metformin (diabetes medicine).
She was diagnosed with bipolar disorder and started on lithium therapy.,She was diagnosed with bipolar disorder (mood disorder) and started on lithium therapy (mood stabilizer).
The patient has a history of chronic pancreatitis and avoids alcohol.,The patient has a history of chronic pancreatitis (long-term pancreas inflammation) and avoids alcohol.
He was treated for hyperkalemia with intravenous calcium.,He was treated for hyperkalemia (high potassium) with intravenous calcium (IV calcium).
He was diagnosed with ankylosing spondylitis and is on biologic therapy.,He was diagnosed with ankylosing spondylitis (spine inflammation) and is on biologic therapy (advanced treatment).
The patient has a history of hypertrophic cardiomyopathy.,The patient has a history of hypertrophic cardiomyopathy (thickened heart muscle).
She was diagnosed with systemic lupus erythematosus and is on immunosuppressants.,She was diagnosed with systemic lupus erythematosus (immune system disease) and is on immunosuppressants (immune system medication).
The patient has a history of Marfan syndrome and requires regular monitoring.,The patient has a history of Marfan syndrome (connective tissue disorder) and requires regular monitoring.
He was treated for bacterial pneumonia with broad-spectrum antibiotics.,He was treated for bacterial pneumonia (lung infection) with broad-spectrum antibiotics (strong infection medicine).
The patient has a history of ischemic cardiomyopathy.,The patient has a history of ischemic cardiomyopathy (heart muscle disease).
She was diagnosed with peripheral artery disease and takes antiplatelet therapy.,She was diagnosed with peripheral artery disease (poor blood flow) and takes antiplatelet therapy (blood clot prevention medicine).
The patient has a history of chronic lymphocytic leukemia.,The patient has a history of chronic lymphocytic leukemia (type of blood cancer).
He was treated for acute kidney injury with dialysis.,He was treated for acute kidney injury (sudden kidney failure) with dialysis (blood cleaning).
The patient has a history of temporal arteritis and takes corticosteroids.,The patient has a history of temporal arteritis (blood vessel inflammation) and takes corticosteroids (anti-inflammatory medicine).
The patient has a history of chronic venous insufficiency.,The patient has a history of chronic venous insufficiency (poor leg circulation).
She was treated for deep vein thrombosis with anticoagulants.,She was treated for deep vein thrombosis (blood clot) with anticoagulants (blood thinners).
The patient has a history of Sjögren's syndrome.,The patient has a history of Sjögren's syndrome (immune system disease).
He was diagnosed with multiple sclerosis and takes disease-modifying therapy.,He was diagnosed with multiple sclerosis (nerve disease) and takes disease-modifying therapy (advanced treatment).
The patient has a history of osteoarthritis and takes nonsteroidal anti-inflammatory drugs.,The patient has a history of osteoarthritis (joint wear and tear) and takes nonsteroidal anti-inflammatory drugs (pain medicine).
She was treated for peptic ulcer disease with proton pump inhibitors.,She was treated for peptic ulcer disease (stomach sore) with proton pump inhibitors (stomach acid medicine).
He was treated for bacterial endocarditis with intravenous antibiotics.,He was treated for bacterial endocarditis (heart infection) with intravenous antibiotics (IV infection medicine).
The patient has a history of hypertrophic cardiomyopathy.,The patient has a history of hypertrophic cardiomyopathy (thickened heart muscle).
She was diagnosed with systemic lupus erythematosus and is on immunosuppressants.,She was diagnosed with systemic lupus erythematosus (immune system disease) and is on immunosuppressants (immune system medication).
The patient has a history of Marfan syndrome and requires regular monitoring.,The patient has a history of Marfan syndrome (connective tissue disorder) and requires regular monitoring.
He was treated for bacterial pneumonia with broad-spectrum antibiotics.,He was treated for bacterial pneumonia (lung infection) with broad-spectrum antibiotics (strong infection medicine).
The patient has a history of ischemic cardiomyopathy.,The patient has a history of ischemic cardiomyopathy (heart muscle disease).
She was diagnosed with peripheral artery disease and takes antiplatelet therapy.,She was diagnosed with peripheral artery disease (poor blood flow) and takes antiplatelet therapy (blood clot prevention medicine).
The patient has a history of chronic lymphocytic leukemia.,The patient has a history of chronic lymphocytic leukemia (type of blood cancer).
He was treated for acute kidney injury with dialysis.,He was treated for acute kidney injury (sudden kidney failure) with dialysis (blood cleaning).
The patient has a history of temporal arteritis and takes corticosteroids.,The patient has a history of temporal arteritis (blood vessel inflammation) and takes corticosteroids (anti-inflammatory medicine).
The patient has a history of chronic venous insufficiency.,The patient has a history of chronic venous insufficiency (poor leg circulation).
She was treated for deep vein thrombosis with anticoagulants.,She was treated for deep vein thrombosis (blood clot) with anticoagulants (blood thinners).
The patient has a history of Sjögren's syndrome.,The patient has a history of Sjögren's syndrome (immune system disease).
He was diagnosed with multiple sclerosis and takes disease-modifying therapy.,He was diagnosed with multiple sclerosis (nerve disease) and takes disease-modifying therapy (advanced treatment).
The patient has a history of osteoarthritis and takes nonsteroidal anti-inflammatory drugs.,The patient has a history of osteoarthritis (joint wear and tear) and takes nonsteroidal anti-inflammatory drugs (pain medicine).
She was treated for peptic ulcer disease with proton pump inhibitors.,She was treated for peptic ulcer disease (stomach sore) with proton pump inhibitors (stomach acid medicine).
He was treated for bacterial endocarditis with intravenous antibiotics.,He was treated for bacterial endocarditis (heart infection) with intravenous antibiotics (IV infection medicine).
The patient has a history of hypertrophic cardiomyopathy.,The patient has a history of hypertrophic cardiomyopathy (thickened heart muscle).
She was diagnosed with systemic lupus erythematosus and is on immunosuppressants.,She was diagnosed with systemic lupus erythematosus (immune system disease) and is on immunosuppressants (immune system medication).
The patient has a history of Marfan syndrome and requires regular monitoring.,The patient has a history of Marfan syndrome (connective tissue disorder) and requires regular monitoring.
He was treated for bacterial pneumonia with broad-spectrum antibiotics.,He was treated for bacterial pneumonia (lung infection) with broad-spectrum antibiotics (strong infection medicine).
The patient has a history of ischemic cardiomyopathy.,The patient has a history of ischemic cardiomyopathy (heart muscle disease).
She was diagnosed with peripheral artery disease and takes antiplatelet therapy.,She was diagnosed with peripheral artery disease (poor blood flow) and takes antiplatelet therapy (blood clot prevention medicine).
The patient has a history of chronic lymphocytic leukemia.,The patient has a history of chronic lymphocytic leukemia (type of blood cancer).
He was treated for acute kidney injury with dialysis.,He was treated for acute kidney injury (sudden kidney failure) with dialysis (blood cleaning).
The patient has a history of temporal arteritis and takes corticosteroids.,The patient has a history of temporal arteritis (blood vessel inflammation) and takes corticosteroids (anti-inflammatory medicine).
The patient has a history of chronic venous insufficiency.,The patient has a history of chronic venous insufficiency (poor leg circulation).
She was treated for deep vein thrombosis with anticoagulants.,She was treated for deep vein thrombosis (blood clot) with anticoagulants (blood thinners).
The patient has a history of Sjögren's syndrome.,The patient has a history of Sjögren's syndrome (immune system disease).
He was diagnosed with multiple sclerosis and takes disease-modifying therapy.,He was diagnosed with multiple sclerosis (nerve disease) and takes disease-modifying therapy (advanced treatment).
The patient has a history of osteoarthritis and takes nonsteroidal anti-inflammatory drugs.,The patient has a history of osteoarthritis (joint wear and tear) and takes nonsteroidal anti-inflammatory drugs (pain medicine).
She was treated for peptic ulcer disease with proton pump inhibitors.,She was treated for peptic ulcer disease (stomach sore) with proton pump inhibitors (stomach acid medicine).
He was treated for bacterial endocarditis with intravenous antibiotics.,He was treated for bacterial endocarditis (heart infection) with intravenous antibiotics (IV infection medicine).
The patient has a history of hypertrophic cardiomyopathy.,The patient has a history of hypertrophic cardiomyopathy (thickened heart muscle).
She was diagnosed with systemic lupus erythematosus and is on immunosuppressants.,She was diagnosed with systemic lupus erythematosus (immune system disease) and is on immunosuppressants (immune system medication).
The patient has a history of Marfan syndrome and requires regular monitoring.,The patient has a history of Marfan syndrome (connective tissue disorder) and requires regular monitoring.
The patient presented with dyspnea and orthopnea.,The patient had difficulty breathing (dyspnea) and had trouble breathing while lying down (orthopnea).
The ECG showed atrial fibrillation.,The ECG showed an irregular heartbeat (atrial fibrillation).
He was diagnosed with chronic obstructive pulmonary disease.,He was diagnosed with a lung disease that makes it hard to breathe (chronic obstructive pulmonary disease).
The patient underwent a laparoscopic cholecystectomy.,The patient had their gallbladder removed using small incisions and a camera (laparoscopic cholecystectomy).
She was given a prescription for antihypertensive medication.,She was given medicine to lower her high blood pressure (antihypertensive medication).
He has a history of myocardial infarction.,He has a history of a heart attack (myocardial infarction).
The patient was experiencing severe epigastric pain.,The patient was experiencing severe pain in the upper stomach area (epigastric pain).
She developed erythema and swelling at the injection site.,She developed redness and swelling at the injection site (erythema).
The biopsy confirmed the presence of adenocarcinoma.,The biopsy confirmed the presence of a type of cancer (adenocarcinoma).
He was diagnosed with Type 2 diabetes mellitus.,He was diagnosed with a condition that affects blood sugar levels (Type 2 diabetes mellitus).
The patient was administered an intravenous infusion of saline.,The patient was given a saline solution through a vein (intravenous infusion).
She was treated for a urinary tract infection.,She was treated for an infection in the urinary system (urinary tract infection).
The CT scan revealed a subdural hematoma.,The CT scan revealed bleeding between the brain and its outer covering (subdural hematoma).
The patient exhibited signs of jaundice.,The patient showed signs of yellowing of the skin and eyes (jaundice).
He was diagnosed with gastroesophageal reflux disease.,He was diagnosed with a condition where stomach acid frequently flows back into the tube connecting your mouth and stomach (gastroesophageal reflux disease).
She was prescribed a bronchodilator for her asthma.,She was prescribed medicine to help open her airways (bronchodilator) for her asthma.
The patient has a history of rheumatoid arthritis.,The patient has a history of a disease that causes joint pain and swelling (rheumatoid arthritis).
The MRI showed a herniated disc.,The MRI showed a problem with one of the discs in the spine (herniated disc).
The patient was treated for a deep vein thrombosis.,The patient was treated for a blood clot in a deep vein (deep vein thrombosis).
She underwent a total knee arthroplasty.,She had knee replacement surgery (total knee arthroplasty).
He was diagnosed with chronic renal failure.,He was diagnosed with long-term kidney failure (chronic renal failure).
The echocardiogram showed left ventricular hypertrophy.,The heart ultrasound showed that the left side of the heart was enlarged (left ventricular hypertrophy).
The patient was experiencing paroxysmal nocturnal dyspnea.,The patient was experiencing sudden shortness of breath at night (paroxysmal nocturnal dyspnea).
She was diagnosed with polycystic ovary syndrome.,She was diagnosed with a hormonal disorder causing enlarged ovaries with small cysts (polycystic ovary syndrome).
The patient was given an anticoagulant to prevent thrombosis.,The patient was given medicine to prevent blood clots (anticoagulant).
The X-ray showed a comminuted fracture.,The X-ray showed a broken bone that is in several pieces (comminuted fracture).
She was treated for bacterial endocarditis.,She was treated for an infection of the inner lining of the heart (bacterial endocarditis).
He was diagnosed with obstructive sleep apnea.,He was diagnosed with a condition where breathing stops and starts during sleep (obstructive sleep apnea).
The patient experienced transient ischemic attack.,The patient experienced a brief stroke-like event (transient ischemic attack).
She was given a diuretic for her hypertension.,She was given medicine to help reduce fluid in the body (diuretic) for her high blood pressure (hypertension).
The patient underwent coronary artery bypass grafting.,The patient had surgery to improve blood flow to the heart (coronary artery bypass grafting).
He was diagnosed with peripheral artery disease.,He was diagnosed with a condition where the blood vessels outside the heart are narrowed (peripheral artery disease).
The patient was administered a corticosteroid for inflammation.,The patient was given medicine to reduce inflammation (corticosteroid).
She was diagnosed with idiopathic pulmonary fibrosis.,She was diagnosed with a lung disease that causes scarring (idiopathic pulmonary fibrosis).
The patient was treated for deep vein thrombosis with anticoagulants.,The patient was treated for a blood clot in a deep vein with blood-thinning medicine (anticoagulants).
He was diagnosed with benign prostatic hyperplasia.,He was diagnosed with an enlarged prostate gland (benign prostatic hyperplasia).
The patient has a history of congestive heart failure.,The patient has a history of a condition where the heart doesn't pump blood as well as it should (congestive heart failure).
She was treated for a peptic ulcer with proton pump inhibitors.,She was treated for a stomach ulcer with medicine to reduce stomach acid (proton pump inhibitors).
The patient was diagnosed with essential tremor.,The patient was diagnosed with a nervous system disorder that causes shaking (essential tremor).
He was diagnosed with aortic stenosis.,He was diagnosed with a condition where the heart's aortic valve is narrowed (aortic stenosis).
The patient presented with hemoptysis.,The patient was coughing up blood (hemoptysis).
She was treated for osteoarthritis with nonsteroidal anti-inflammatory drugs.,She was treated for joint pain and stiffness with medicine to reduce inflammation (nonsteroidal anti-inflammatory drugs).
The patient has a history of transient ischemic attacks.,The patient has a history of brief stroke-like events (transient ischemic attacks).
He was diagnosed with chronic venous insufficiency.,He was diagnosed with a condition where the veins in the legs have trouble sending blood back to the heart (chronic venous insufficiency).
The patient was given a beta-blocker for arrhythmia.,The patient was given medicine to help control an irregular heartbeat (beta-blocker).
She was treated for hyperthyroidism with antithyroid medication.,She was treated for an overactive thyroid with medicine to reduce thyroid activity (antithyroid medication).
He was diagnosed with lumbar spondylosis.,He was diagnosed with wear and tear of the lower spine (lumbar spondylosis).
The patient was treated for a ganglion cyst.,The patient was treated for a noncancerous lump on the wrist or hand (ganglion cyst).
She was diagnosed with systemic lupus erythematosus.,She was diagnosed with a disease where the immune system attacks its own tissues (systemic lupus erythematosus).
The patient has a history of venous thromboembolism.,The patient has a history of blood clots in the veins (venous thromboembolism).
He was diagnosed with macular degeneration.,He was diagnosed with a condition that causes vision loss (macular degeneration).
The patient presented with cyanosis.,The patient had a bluish color to the skin due to lack of oxygen (cyanosis).
She was treated for anaphylaxis with epinephrine.,She was treated for a severe allergic reaction with a shot of adrenaline (epinephrine).
The patient was diagnosed with celiac disease.,The patient was diagnosed with a condition where eating gluten causes damage to the small intestine (celiac disease).
He was diagnosed with Barrett's esophagus.,He was diagnosed with a condition where the lining of the esophagus is damaged by stomach acid (Barrett's esophagus).
The patient underwent a colectomy.,The patient had surgery to remove part or all of the colon (colectomy).
She was diagnosed with fibromyalgia.,She was diagnosed with a condition that causes widespread pain and fatigue (fibromyalgia).
The patient presented with ecchymosis.,The patient had a large bruise (ecchymosis).
He was diagnosed with Bell's palsy.,He was diagnosed with a condition that causes sudden weakness in the muscles on one side of the face (Bell's palsy).
The patient was treated for tachycardia.,The patient was treated for a fast heartbeat (tachycardia).
She was diagnosed with trigeminal neuralgia.,She was diagnosed with a condition that causes severe facial pain (trigeminal neuralgia).
The patient presented with hematuria.,The patient had blood in the urine (hematuria).
He was diagnosed with ankylosing spondylitis.,He was diagnosed with a type of arthritis that affects the spine (ankylosing spondylitis).
The patient underwent a nephrectomy.,The patient had surgery to remove a kidney (nephrectomy).
She was treated for hyperemesis gravidarum.,She was treated for severe nausea and vomiting during pregnancy (hyperemesis gravidarum).
The patient was experiencing presyncope.,The patient was feeling like they were about to faint (presyncope).
He was diagnosed with end-stage renal disease.,He was diagnosed with the last stage of chronic kidney disease (end-stage renal disease).
The patient underwent a craniotomy.,The patient had surgery to open the skull (craniotomy).
She was treated for an inguinal hernia.,She was treated for a condition where part of the intestine bulges through a weak spot in the abdominal muscles (inguinal hernia).
The patient was diagnosed with atrial flutter.,The patient was diagnosed with a type of irregular heartbeat (atrial flutter).
He was diagnosed with pancreatitis.,He was diagnosed with inflammation of the pancreas (pancreatitis).
The patient was experiencing dysphagia.,The patient was having difficulty swallowing (dysphagia).
She was diagnosed with menorrhagia.,She was diagnosed with heavy menstrual bleeding (menorrhagia).
The patient underwent an endoscopy.,The patient had a procedure to look inside the digestive tract using a camera (endoscopy).
He was diagnosed with spinal stenosis.,He was diagnosed with a narrowing of the spaces in the spine (spinal stenosis).
The patient was treated for a pneumothorax.,The patient was treated for a collapsed lung (pneumothorax).
She was diagnosed with sarcoidosis.,She was diagnosed with a disease that causes small lumps of inflammatory cells in different parts of the body (sarcoidosis).
The patient presented with palpitations.,The patient felt like their heart was racing or pounding (palpitations).
He was diagnosed with multiple sclerosis.,He was diagnosed with a disease that affects the brain and spinal cord (multiple sclerosis).
The patient was experiencing hematemesis.,The patient was vomiting blood (hematemesis).
She was diagnosed with interstitial cystitis.,She was diagnosed with a condition that causes bladder pain and frequent urination (interstitial cystitis).
The patient was treated for an ischemic stroke.,The patient was treated for a stroke caused by a blockage in a blood vessel in the brain (ischemic stroke).
He was diagnosed with esophageal varices.,He was diagnosed with enlarged veins in the esophagus (esophageal varices).
The patient underwent a thyroidectomy.,The patient had surgery to remove the thyroid gland (thyroidectomy).
She was diagnosed with osteomyelitis.,She was diagnosed with an infection in the bone (osteomyelitis).
The patient was experiencing claudication.,The patient was experiencing pain in the legs while walking (claudication).
He was diagnosed with sciatica.,He was diagnosed with pain that radiates along the path of the sciatic nerve (sciatica).
The patient underwent a hysterectomy.,The patient had surgery to remove the uterus (hysterectomy).
She was treated for angina pectoris.,She was treated for chest pain caused by reduced blood flow to the heart (angina pectoris).
The patient was diagnosed with hyperlipidemia.,The patient was diagnosed with high levels of fats in the blood (hyperlipidemia).
He was diagnosed with bronchiectasis.,He was diagnosed with a condition where the airways are permanently widened (bronchiectasis).
The patient was experiencing paresthesia.,The patient was experiencing a tingling or prickling sensation (paresthesia).
She was diagnosed with a peptic ulcer.,She was diagnosed with a sore in the lining of the stomach or small intestine (peptic ulcer).
The patient underwent a mastectomy.,The patient had surgery to remove one or both breasts (mastectomy).
He was diagnosed with nephrotic syndrome.,He was diagnosed with a kidney disorder causing the body to excrete too much protein in the urine (nephrotic syndrome).
The patient presented with stridor.,"The patient had a harsh, vibrating noise when breathing (stridor)."
She was diagnosed with temporal arteritis.,She was diagnosed with inflammation of the blood vessels in the scalp (temporal arteritis).
The patient underwent an angioplasty.,The patient had a procedure to open narrowed or blocked blood vessels (angioplasty).
He was diagnosed with diverticulitis.,He was diagnosed with inflammation of small pouches in the digestive tract (diverticulitis).
The patient was experiencing nystagmus.,The patient had involuntary eye movements (nystagmus).
She was diagnosed with Addison's disease.,She was diagnosed with a disorder where the adrenal glands don't produce enough hormones (Addison's disease).
The patient presented with hematochezia.,The patient had blood in the stool (hematochezia).
He was diagnosed with aortic aneurysm.,He was diagnosed with a bulge in the wall of the aorta (aortic aneurysm).
The patient underwent a cystoscopy.,The patient had a procedure to look inside the bladder using a camera (cystoscopy).
She was diagnosed with Graves' disease.,She was diagnosed with a condition that causes the thyroid to be overactive (Graves' disease).
The patient was experiencing tinnitus.,The patient was hearing ringing or other noises in the ears (tinnitus).
He was diagnosed with Guillain-Barré syndrome.,He was diagnosed with a rare disorder where the body's immune system attacks the nerves (Guillain-Barré syndrome).
The patient presented with melena.,"The patient had black, tarry stools (melena)."
She was diagnosed with primary biliary cholangitis.,"She was diagnosed with a disease that causes slow, progressive damage to the bile ducts in the liver (primary biliary cholangitis)."
The patient was experiencing xerostomia.,The patient had a dry mouth (xerostomia).
He was diagnosed with aortic dissection.,He was diagnosed with a serious condition where there is a tear in the wall of the aorta (aortic dissection).
The patient underwent a bronchoscopy.,The patient had a procedure to look inside the lungs using a camera (bronchoscopy).
She was diagnosed with Sjögren's syndrome.,She was diagnosed with a disorder where the body's immune system attacks the glands that produce moisture (Sjögren's syndrome).
The patient presented with photophobia.,The patient had sensitivity to light (photophobia).
He was diagnosed with Creutzfeldt-Jakob disease.,"He was diagnosed with a rare, degenerative brain disorder (Creutzfeldt-Jakob disease)."
The patient underwent a lumbar puncture.,The patient had a procedure to collect fluid from the lower back (lumbar puncture).
She was diagnosed with hemochromatosis.,She was diagnosed with a condition where the body absorbs too much iron (hemochromatosis).
The patient was experiencing bradycardia.,The patient had a slow heartbeat (bradycardia).
He was diagnosed with Kawasaki disease.,He was diagnosed with a condition that causes inflammation in the walls of some blood vessels (Kawasaki disease).
The patient was experiencing ptosis.,The patient had drooping of the upper eyelid (ptosis).
She was diagnosed with systemic scleroderma.,She was diagnosed with a disease that causes hardening and tightening of the skin and connective tissues (systemic scleroderma).
The patient was experiencing diplopia.,The patient was seeing double (diplopia).
He was diagnosed with amyotrophic lateral sclerosis.,He was diagnosed with a disease that affects nerve cells in the brain and spinal cord (amyotrophic lateral sclerosis).
The patient presented with aphasia.,The patient had difficulty with speaking or understanding language (aphasia).
She was diagnosed with renal artery stenosis.,She was diagnosed with narrowing of the arteries that supply blood to the kidneys (renal artery stenosis).
The patient underwent an oophorectomy.,The patient had surgery to remove one or both ovaries (oophorectomy).
He was diagnosed with vasculitis.,He was diagnosed with inflammation of the blood vessels (vasculitis).
The patient was experiencing dyspepsia.,The patient had indigestion (dyspepsia).
She was diagnosed with Marfan syndrome.,She was diagnosed with a genetic disorder that affects the body's connective tissue (Marfan syndrome).
The patient presented with hyperhidrosis.,The patient had excessive sweating (hyperhidrosis).
He was diagnosed with pheochromocytoma.,He was diagnosed with a rare tumor of the adrenal gland (pheochromocytoma).
The patient was experiencing erythema multiforme.,"The patient had a skin reaction with red, target-shaped spots (erythema multiforme)."
She was diagnosed with Raynaud's phenomenon.,She was diagnosed with a condition where some areas of the body feel numb and cool in response to cold or stress (Raynaud's phenomenon).
The patient underwent a splenectomy.,The patient had surgery to remove the spleen (splenectomy).
He was diagnosed with trigeminal neuralgia.,He was diagnosed with a condition that causes severe facial pain (trigeminal neuralgia).
The patient presented with hematuria.,The patient had blood in the urine (hematuria).
She was diagnosed with achalasia.,She was diagnosed with a condition where the esophagus has trouble moving food down to the stomach (achalasia).
The patient was experiencing alopecia.,The patient had hair loss (alopecia).
The patient underwent an arthroscopy.,The patient had a procedure to look inside a joint using a camera (arthroscopy).
She was diagnosed with neurofibromatosis.,She was diagnosed with a genetic disorder that causes tumors to form on nerve tissue (neurofibromatosis).
The patient was experiencing urticaria.,The patient had hives (urticaria).
He was diagnosed with tetralogy of Fallot.,He was diagnosed with a heart defect that is present at birth (tetralogy of Fallot).
The patient underwent a gastrectomy.,The patient had surgery to remove part or all of the stomach (gastrectomy).
She was diagnosed with chronic fatigue syndrome.,She was diagnosed with a condition that causes extreme tiredness (chronic fatigue syndrome).
The patient was experiencing syncope.,The patient fainted (syncope).
He was diagnosed with hemophilia.,He was diagnosed with a disorder that affects the blood's ability to clot (hemophilia).
The patient underwent a phlebotomy.,The patient had a procedure to draw blood from a vein (phlebotomy).
She was diagnosed with Turner syndrome.,She was diagnosed with a genetic disorder that affects development in females (Turner syndrome).
The patient was experiencing hemoptysis.,The patient was coughing up blood (hemoptysis).
He was diagnosed with pulmonary embolism.,He was diagnosed with a blood clot in the lungs (pulmonary embolism).
The patient presented with jaundice.,The patient had yellowing of the skin and eyes (jaundice).
She was diagnosed with von Willebrand disease.,She was diagnosed with a bleeding disorder (von Willebrand disease).
The patient was experiencing bronchospasm.,The patient had sudden constriction of the airways in the lungs (bronchospasm).
He was diagnosed with pyloric stenosis.,He was diagnosed with a condition where the opening from the stomach to the small intestine is narrowed (pyloric stenosis).
The patient underwent a meniscectomy.,The patient had surgery to remove part of the meniscus in the knee (meniscectomy).
She was diagnosed with Burkitt's lymphoma.,She was diagnosed with a type of cancer that affects the lymphatic system (Burkitt's lymphoma).
The patient was experiencing hemarthrosis.,The patient had bleeding in a joint (hemarthrosis).
He was diagnosed with acromegaly.,He was diagnosed with a condition where the body produces too much growth hormone (acromegaly).
The patient presented with angioedema.,The patient had swelling under the skin (angioedema).
She was diagnosed with Creutzfeldt-Jakob disease.,"She was diagnosed with a rare, degenerative brain disorder (Creutzfeldt-Jakob disease)."
The patient was experiencing arthralgia.,The patient had joint pain (arthralgia).
He was diagnosed with glioblastoma.,He was diagnosed with an aggressive type of brain cancer (glioblastoma).
The patient underwent a laryngectomy.,The patient had surgery to remove the larynx (laryngectomy).
She was diagnosed with cystic fibrosis.,She was diagnosed with a genetic disorder that affects the lungs and digestive system (cystic fibrosis).
The patient was experiencing diplopia.,The patient was seeing double (diplopia).
He was diagnosed with amyloidosis.,He was diagnosed with a condition where an abnormal protein builds up in organs (amyloidosis).
The patient presented with leukocytosis.,The patient had a high white blood cell count (leukocytosis).
She was diagnosed with Crohn's disease.,She was diagnosed with a type of inflammatory bowel disease (Crohn's disease).
The patient was experiencing anuria.,The patient was not producing urine (anuria).
He was diagnosed with myasthenia gravis.,He was diagnosed with a condition that causes weakness in the muscles (myasthenia gravis).
The patient underwent a colposcopy.,"The patient had a procedure to examine the cervix, vagina, and vulva using a special instrument (colposcopy)."
She was diagnosed with spondylolisthesis.,She was diagnosed with a condition where a bone in the spine slips out of place (spondylolisthesis).
The patient was experiencing vertigo.,The patient had a sensation of spinning or dizziness (vertigo).
He was diagnosed with aplastic anemia.,He was diagnosed with a condition where the bone marrow does not produce enough blood cells (aplastic anemia).
The patient underwent a sigmoidoscopy.,The patient had a procedure to examine the lower part of the large intestine using a camera (sigmoidoscopy).
She was diagnosed with pheochromocytoma.,She was diagnosed with a rare tumor of the adrenal gland (pheochromocytoma).
The patient presented with erythema.,The patient had redness of the skin (erythema).
He was diagnosed with Ehlers-Danlos syndrome.,He was diagnosed with a group of disorders that affect connective tissues (Ehlers-Danlos syndrome).
The patient was experiencing hypercalcemia.,The patient had a high level of calcium in the blood (hypercalcemia).
She was diagnosed with sarcoma.,She was diagnosed with a type of cancer that starts in the bones or soft tissues (sarcoma).
The patient presented with glossitis.,The patient had inflammation of the tongue (glossitis).
He was diagnosed with hemochromatosis.,He was diagnosed with a condition where the body absorbs too much iron (hemochromatosis).
The patient was experiencing pancytopenia.,The patient had a low count of all types of blood cells (pancytopenia).
She was diagnosed with neuroblastoma.,She was diagnosed with a type of cancer that starts in young nerve cells (neuroblastoma).
The patient presented with anhidrosis.,The patient was not sweating normally (anhidrosis).
He was diagnosed with myelodysplastic syndrome.,He was diagnosed with a group of disorders caused by poorly formed or dysfunctional blood cells (myelodysplastic syndrome).
The patient was experiencing hyperuricemia.,The patient had a high level of uric acid in the blood (hyperuricemia).
She was diagnosed with chondrosarcoma.,She was diagnosed with a type of cancer that starts in cartilage cells (chondrosarcoma).
The patient presented with pyelonephritis.,The patient had a kidney infection (pyelonephritis).
He was diagnosed with thrombocytopenia.,He was diagnosed with a low platelet count (thrombocytopenia).
The patient was experiencing thrombophlebitis.,The patient had inflammation of a vein due to a blood clot (thrombophlebitis).
She was diagnosed with medulloblastoma.,She was diagnosed with a type of brain cancer (medulloblastoma).
The patient presented with hepatomegaly.,The patient had an enlarged liver (hepatomegaly).
He was diagnosed with osteosarcoma.,He was diagnosed with a type of bone cancer (osteosarcoma).
The patient was experiencing hyponatremia.,The patient had a low level of sodium in the blood (hyponatremia).
She was diagnosed with hepatoblastoma.,She was diagnosed with a rare type of liver cancer (hepatoblastoma).
The patient presented with onychomycosis.,The patient had a fungal infection of the nails (onychomycosis).
He was diagnosed with dermatomyositis.,He was diagnosed with a disease that causes muscle weakness and a skin rash (dermatomyositis).
The patient was experiencing polycythemia.,The patient had a high red blood cell count (polycythemia).
She was diagnosed with glioblastoma multiforme.,She was diagnosed with an aggressive type of brain cancer (glioblastoma multiforme).
The patient presented with pruritus.,The patient had itching (pruritus).
He was diagnosed with hydrocephalus.,He was diagnosed with a condition where there is a buildup of fluid in the brain (hydrocephalus).
The patient was experiencing ascites.,The patient had fluid buildup in the abdomen (ascites).
She was diagnosed with neurofibromatosis type 1.,She was diagnosed with a genetic disorder that causes tumors to form on nerve tissue (neurofibromatosis type 1).
The patient presented with cyanosis.,The patient had a bluish color to the skin due to lack of oxygen (cyanosis).
He was diagnosed with pericarditis.,He was diagnosed with inflammation of the sac around the heart (pericarditis).
The patient was experiencing ataxia.,The patient had a lack of muscle coordination (ataxia).
She was diagnosed with Hodgkin lymphoma.,She was diagnosed with a type of cancer that affects the lymphatic system (Hodgkin lymphoma).
The patient presented with erythema nodosum.,The patient had painful red bumps under the skin (erythema nodosum).
He was diagnosed with plasmacytoma.,He was diagnosed with a type of cancer that starts in plasma cells (plasmacytoma).
The patient was experiencing trismus.,The patient had difficulty opening the mouth (trismus).
She was diagnosed with pseudotumor cerebri.,She was diagnosed with a condition that causes high pressure inside the skull (pseudotumor cerebri).
The patient presented with erythema infectiosum.,The patient had a red rash caused by a viral infection (erythema infectiosum).
He was diagnosed with Wilms' tumor.,He was diagnosed with a type of kidney cancer that affects children (Wilms' tumor).
The patient was experiencing hyperkalemia.,The patient had a high level of potassium in the blood (hyperkalemia).
She was diagnosed with Stevens-Johnson syndrome.,"She was diagnosed with a rare, serious disorder of the skin and mucous membranes (Stevens-Johnson syndrome)."
The patient presented with neutropenia.,The patient had a low count of a type of white blood cell (neutropenia).
He was diagnosed with pulmonary fibrosis.,He was diagnosed with a lung disease that causes scarring (pulmonary fibrosis).
The patient was experiencing hypercalcemia.,The patient had a high level of calcium in the blood (hypercalcemia).
She was diagnosed with Kawasaki disease.,She was diagnosed with a condition that causes inflammation in the walls of some blood vessels (Kawasaki disease).
The patient presented with pancytopenia.,The patient had a low count of all types of blood cells (pancytopenia).
He was diagnosed with polyarteritis nodosa.,He was diagnosed with a rare disease that causes inflammation of the blood vessels (polyarteritis nodosa).
The patient was experiencing bronchiectasis.,The patient had a condition where the airways are permanently widened (bronchiectasis).
She was diagnosed with systemic lupus erythematosus.,She was diagnosed with a disease where the immune system attacks its own tissues (systemic lupus erythematosus).
She was administered an intravenous infusion of saline.,She was given a saline solution through an IV (intravenous infusion).
The biopsy revealed malignant cells.,The biopsy showed cancerous cells (malignant cells).
He suffers from chronic obstructive pulmonary disease.,He has a lung disease that makes it hard to breathe (chronic obstructive pulmonary disease).
The patient underwent a coronary artery bypass graft surgery.,The patient had surgery to improve blood flow to the heart (coronary artery bypass graft).
The infant was born with congenital heart defect.,The baby was born with a heart problem (congenital heart defect).
She experiences frequent episodes of hypoglycemia.,She often has low blood sugar (hypoglycemia).
The medication prescribed is a beta-blocker.,The prescribed medication is for lowering blood pressure and heart rate (beta-blocker).
The patient has a history of cerebrovascular accident.,The patient has had a stroke before (cerebrovascular accident).
The treatment includes antipyretics to reduce fever.,The treatment includes medicine to lower fever (antipyretics).
She presented with tachycardia and hypertension.,She came in with a fast heartbeat (tachycardia) and high blood pressure (hypertension).
The patient is on anticoagulant therapy.,The patient is taking medicine to prevent blood clots (anticoagulant therapy).
He was diagnosed with deep vein thrombosis.,He has a blood clot in a deep vein (deep vein thrombosis).
The condition was treated with a laparoscopic cholecystectomy.,The condition was treated with surgery to remove the gallbladder using small incisions (laparoscopic cholecystectomy).
She experiences intermittent claudication.,She has leg pain that comes and goes (intermittent claudication).
The patient has been prescribed a diuretic.,The patient has been given medicine to help remove excess water from the body (diuretic).
The radiograph showed a pneumothorax.,The X-ray showed a collapsed lung (pneumothorax).
He was treated for gastroesophageal reflux disease.,He was treated for acid reflux or heartburn (gastroesophageal reflux disease).
The blood test indicated hyperkalemia.,The blood test showed high levels of potassium (hyperkalemia).
The patient has been diagnosed with rheumatoid arthritis.,The patient has an autoimmune disease causing joint pain (rheumatoid arthritis).
The child presented with symptoms of bronchiolitis.,The child showed signs of a lung infection common in infants (bronchiolitis).
He has a family history of hypertension.,He has a family history of high blood pressure (hypertension).
The echocardiogram showed mitral valve prolapse.,The heart ultrasound showed a problem with one of the heart valves (mitral valve prolapse).
She was treated for a urinary tract infection.,She was treated for an infection in the urinary system (urinary tract infection).
The patient has been diagnosed with obstructive sleep apnea.,The patient has a condition that causes breathing to stop and start during sleep (obstructive sleep apnea).
The infant was diagnosed with neonatal jaundice.,The newborn has yellowing of the skin due to high bilirubin (neonatal jaundice).
The patient suffers from irritable bowel syndrome.,The patient has a condition causing stomach pain and bowel problems (irritable bowel syndrome).
The electrocardiogram revealed atrial fibrillation.,The heart test showed an irregular heartbeat (atrial fibrillation).
He was given an antihistamine for his allergic reaction.,He was given medicine to relieve allergy symptoms (antihistamine).
The patient underwent a total hip arthroplasty.,The patient had hip replacement surgery (total hip arthroplasty).
The lab results indicated hypocalcemia.,The lab results showed low calcium levels in the blood (hypocalcemia).
She was treated for bacterial pneumonia.,She was treated for a lung infection caused by bacteria (bacterial pneumonia).
He has a history of transient ischemic attacks.,He has had mini-strokes before (transient ischemic attacks).
The patient was diagnosed with benign prostatic hyperplasia.,The patient has an enlarged prostate (benign prostatic hyperplasia).
The endoscopy revealed peptic ulcers.,The internal examination showed sores in the stomach lining (peptic ulcers).
She has been prescribed an antidiabetic medication.,She has been given medicine to control blood sugar levels (antidiabetic medication).
The patient presented with dyspnea and cyanosis.,The patient came in with difficulty breathing (dyspnea) and a bluish skin color (cyanosis).
He was diagnosed with chronic renal insufficiency.,He has long-term kidney problems (chronic renal insufficiency).
The MRI revealed a torn meniscus.,The MRI showed a tear in the knee cartilage (torn meniscus).
She was treated for viral gastroenteritis.,She was treated for a stomach virus (viral gastroenteritis).
The patient has hyperthyroidism.,The patient has an overactive thyroid (hyperthyroidism).
He underwent a lumbar puncture.,He had a procedure to take a sample of spinal fluid (lumbar puncture).
The patient has peripheral neuropathy.,The patient has nerve damage causing pain and numbness in the limbs (peripheral neuropathy).
She was diagnosed with systemic lupus erythematosus.,She has an autoimmune disease affecting multiple organs (systemic lupus erythematosus).
He suffers from obstructive pulmonary disease.,He has a lung disease that makes it hard to breathe (obstructive pulmonary disease).
The patient was treated for deep vein thrombosis.,The patient was treated for a blood clot in a deep vein (deep vein thrombosis).
She has a diagnosis of osteoarthritis.,She has joint pain and stiffness (osteoarthritis).
The patient was diagnosed with essential hypertension.,The patient has high blood pressure with no known cause (essential hypertension).
He was prescribed an antihypertensive medication.,He was given medicine to lower his blood pressure (antihypertensive medication).
The patient has a history of myocardial infarction.,The patient has had a heart attack before (myocardial infarction).
She was diagnosed with bilateral pneumonia.,She has pneumonia in both lungs (bilateral pneumonia).
The child presented with symptoms of croup.,The child showed signs of a respiratory infection causing a barking cough (croup).
The patient was treated for acute pancreatitis.,The patient was treated for inflammation of the pancreas (acute pancreatitis).
She has a history of transient ischemic attacks.,She has had mini-strokes before (transient ischemic attacks).
He suffers from chronic kidney disease.,He has long-term kidney problems (chronic kidney disease).
The patient has a diagnosis of atrial fibrillation.,The patient has an irregular heartbeat (atrial fibrillation).
She presented with symptoms of angina pectoris.,She came in with chest pain due to reduced blood flow to the heart (angina pectoris).
The patient has been prescribed a bronchodilator.,The patient has been given medicine to open up the airways in the lungs (bronchodilator).
The child was diagnosed with attention-deficit/hyperactivity disorder.,The child has a condition affecting focus and behavior (attention-deficit/hyperactivity disorder).
The patient has a history of congestive heart failure.,The patient has had heart failure before (congestive heart failure).
She was diagnosed with rheumatoid arthritis.,She has an autoimmune disease causing joint pain (rheumatoid arthritis).
He was treated for a pulmonary embolism.,He was treated for a blood clot in the lungs (pulmonary embolism).
The patient has a diagnosis of hyperlipidemia.,The patient has high cholesterol (hyperlipidemia).
She presented with symptoms of hypothyroidism.,She came in with signs of an underactive thyroid (hypothyroidism).
The patient was treated for deep vein thrombosis.,The patient was treated for a blood clot in a deep vein (deep vein thrombosis).
She was diagnosed with systemic lupus erythematosus.,She has an autoimmune disease affecting multiple organs (systemic lupus erythematosus).
The patient has a history of cerebrovascular accident.,The patient has had a stroke before (cerebrovascular accident).
He was given an antihistamine for his allergic reaction.,He was given medicine to relieve allergy symptoms (antihistamine).
The patient has hyperthyroidism.,The patient has an overactive thyroid (hyperthyroidism).
She presented with tachycardia and hypertension.,She came in with a fast heartbeat (tachycardia) and high blood pressure (hypertension).
He suffers from chronic obstructive pulmonary disease.,He has a lung disease that makes it hard to breathe (chronic obstructive pulmonary disease).
The child was diagnosed with attention-deficit/hyperactivity disorder.,The child has a condition affecting focus and behavior (attention-deficit/hyperactivity disorder).
The patient underwent a coronary artery bypass graft surgery.,The patient had surgery to improve blood flow to the heart (coronary artery bypass graft).
She was treated for bacterial pneumonia.,She was treated for a lung infection caused by bacteria (bacterial pneumonia).
The infant was diagnosed with neonatal jaundice.,The newborn has yellowing of the skin due to high bilirubin (neonatal jaundice).
The child presented with symptoms of bronchiolitis.,The child showed signs of a lung infection common in infants (bronchiolitis).
He suffers from irritable bowel syndrome.,He has a condition causing stomach pain and bowel problems (irritable bowel syndrome).
The echocardiogram showed mitral valve prolapse.,The heart ultrasound showed a problem with one of the heart valves (mitral valve prolapse).
She was treated for a urinary tract infection.,She was treated for an infection in the urinary system (urinary tract infection).
The blood test indicated hyperkalemia.,The blood test showed high levels of potassium (hyperkalemia).
The patient was diagnosed with benign prostatic hyperplasia.,The patient has an enlarged prostate (benign prostatic hyperplasia).
The biopsy revealed malignant cells.,The biopsy showed cancerous cells (malignant cells).
The radiograph showed a pneumothorax.,The X-ray showed a collapsed lung (pneumothorax).
He was treated for gastroesophageal reflux disease.,He was treated for acid reflux or heartburn (gastroesophageal reflux disease).
She experiences frequent episodes of hypoglycemia.,She often has low blood sugar (hypoglycemia).
The treatment includes antipyretics to reduce fever.,The treatment includes medicine to lower fever (antipyretics).
He has a family history of hypertension.,He has a family history of high blood pressure (hypertension).
The MRI revealed a torn meniscus.,The MRI showed a tear in the knee cartilage (torn meniscus).
The patient has hyperlipidemia.,The patient has high cholesterol (hyperlipidemia).
The patient was diagnosed with obstructive sleep apnea.,The patient has a condition that causes breathing to stop and start during sleep (obstructive sleep apnea).
The infant was born with congenital heart defect.,The baby was born with a heart problem (congenital heart defect).
The patient has a diagnosis of atrial fibrillation.,The patient has an irregular heartbeat (atrial fibrillation).
The lab results indicated hypocalcemia.,The lab results showed low calcium levels in the blood (hypocalcemia).
The patient has been prescribed a diuretic.,The patient has been given medicine to help remove excess water from the body (diuretic).
She experiences intermittent claudication.,She has leg pain that comes and goes (intermittent claudication).
The electrocardiogram revealed atrial fibrillation.,The heart test showed an irregular heartbeat (atrial fibrillation).
The endoscopy revealed peptic ulcers.,The internal examination showed sores in the stomach lining (peptic ulcers).
He was diagnosed with deep vein thrombosis.,He has a blood clot in a deep vein (deep vein thrombosis).
The patient was diagnosed with essential hypertension.,The patient has high blood pressure with no known cause (essential hypertension).
The condition was treated with a laparoscopic cholecystectomy.,The condition was treated with surgery to remove the gallbladder using small incisions (laparoscopic cholecystectomy).
The patient has a history of myocardial infarction.,The patient has had a heart attack before (myocardial infarction).
The patient has peripheral neuropathy.,The patient has nerve damage causing pain and numbness in the limbs (peripheral neuropathy).
She has a diagnosis of osteoarthritis.,She has joint pain and stiffness (osteoarthritis).
The patient underwent a total hip arthroplasty.,The patient had hip replacement surgery (total hip arthroplasty).
She presented with symptoms of hypothyroidism.,She came in with signs of an underactive thyroid (hypothyroidism).
The child presented with symptoms of croup.,The child showed signs of a respiratory infection causing a barking cough (croup).
She was diagnosed with systemic lupus erythematosus.,She has an autoimmune disease affecting multiple organs (systemic lupus erythematosus).
He was treated for a pulmonary embolism.,He was treated for a blood clot in the lungs (pulmonary embolism).
The patient has a history of congestive heart failure.,The patient has had heart failure before (congestive heart failure).
She has been prescribed an antidiabetic medication.,She has been given medicine to control blood sugar levels (antidiabetic medication).
He was diagnosed with chronic renal insufficiency.,He has long-term kidney problems (chronic renal insufficiency).
She has a history of transient ischemic attacks.,She has had mini-strokes before (transient ischemic attacks).
The patient was treated for deep vein thrombosis.,The patient was treated for a blood clot in a deep vein (deep vein thrombosis).
He was given an antihistamine for his allergic reaction.,He was given medicine to relieve allergy symptoms (antihistamine).
The patient has been prescribed a bronchodilator.,The patient has been given medicine to open up the airways in the lungs (bronchodilator).
The patient was treated for acute pancreatitis.,The patient was treated for inflammation of the pancreas (acute pancreatitis).
The child presented with symptoms of bronchiolitis.,The child showed signs of a lung infection common in infants (bronchiolitis).
The infant was diagnosed with neonatal jaundice.,The newborn has yellowing of the skin due to high bilirubin (neonatal jaundice).
He suffers from irritable bowel syndrome.,He has a condition causing stomach pain and bowel problems (irritable bowel syndrome).
The echocardiogram showed mitral valve prolapse.,The heart ultrasound showed a problem with one of the heart valves (mitral valve prolapse).
The blood test indicated hyperkalemia.,The blood test showed high levels of potassium (hyperkalemia).
The patient was diagnosed with benign prostatic hyperplasia.,The patient has an enlarged prostate (benign prostatic hyperplasia).
The biopsy revealed malignant cells.,The biopsy showed cancerous cells (malignant cells).
The radiograph showed a pneumothorax.,The X-ray showed a collapsed lung (pneumothorax).
She experiences frequent episodes of hypoglycemia.,She often has low blood sugar (hypoglycemia).
The treatment includes antipyretics to reduce fever.,The treatment includes medicine to lower fever (antipyretics).
He has a family history of hypertension.,He has a family history of high blood pressure (hypertension).
The patient has hyperlipidemia.,The patient has high cholesterol (hyperlipidemia).
The patient was diagnosed with obstructive sleep apnea.,The patient has a condition that causes breathing to stop and start during sleep (obstructive sleep apnea).
The patient has a diagnosis of atrial fibrillation.,The patient has an irregular heartbeat (atrial fibrillation).
The lab results indicated hypocalcemia.,The lab results showed low calcium levels in the blood (hypocalcemia).
The patient has been prescribed a diuretic.,The patient has been given medicine to help remove excess water from the body (diuretic).
The endoscopy revealed peptic ulcers.,The internal examination showed sores in the stomach lining (peptic ulcers).
He was diagnosed with deep vein thrombosis.,He has a blood clot in a deep vein (deep vein thrombosis).
The patient was diagnosed with essential hypertension.,The patient has high blood pressure with no known cause (essential hypertension).
The patient has a history of myocardial infarction.,The patient has had a heart attack before (myocardial infarction).
The patient has peripheral neuropathy.,The patient has nerve damage causing pain and numbness in the limbs (peripheral neuropathy).
She has a diagnosis of osteoarthritis.,She has joint pain and stiffness (osteoarthritis).
She presented with symptoms of hypothyroidism.,She came in with signs of an underactive thyroid (hypothyroidism).
The child presented with symptoms of croup.,The child showed signs of a respiratory infection causing a barking cough (croup).
She was diagnosed with systemic lupus erythematosus.,She has an autoimmune disease affecting multiple organs (systemic lupus erythematosus).
He was treated for a pulmonary embolism.,He was treated for a blood clot in the lungs (pulmonary embolism).
The patient has a history of congestive heart failure.,The patient has had heart failure before (congestive heart failure).
He was diagnosed with chronic renal insufficiency.,He has long-term kidney problems (chronic renal insufficiency).
She has a history of transient ischemic attacks.,She has had mini-strokes before (transient ischemic attacks).
He was given an antihistamine for his allergic reaction.,He was given medicine to relieve allergy symptoms (antihistamine).
The patient has been prescribed a bronchodilator.,The patient has been given medicine to open up the airways in the lungs (bronchodilator).
The patient was treated for acute pancreatitis.,The patient was treated for inflammation of the pancreas (acute pancreatitis).
The infant was diagnosed with neonatal jaundice.,The newborn has yellowing of the skin due to high bilirubin (neonatal jaundice).
He suffers from irritable bowel syndrome.,He has a condition causing stomach pain and bowel problems (irritable bowel syndrome).
The echocardiogram showed mitral valve prolapse.,The heart ultrasound showed a problem with one of the heart valves (mitral valve prolapse).
The blood test indicated hyperkalemia.,The blood test showed high levels of potassium (hyperkalemia).
The patient was diagnosed with benign prostatic hyperplasia.,The patient has an enlarged prostate (benign prostatic hyperplasia).
The biopsy revealed malignant cells.,The biopsy showed cancerous cells (malignant cells).
The radiograph showed a pneumothorax.,The X-ray showed a collapsed lung (pneumothorax).
The patient has hyperlipidemia.,The patient has high cholesterol (hyperlipidemia).
The patient has a diagnosis of atrial fibrillation.,The patient has an irregular heartbeat (atrial fibrillation).
The lab results indicated hypocalcemia.,The lab results showed low calcium levels in the blood (hypocalcemia).
The patient has been prescribed a diuretic.,The patient has been given medicine to help remove excess water from the body (diuretic).
The endoscopy revealed peptic ulcers.,The internal examination showed sores in the stomach lining (peptic ulcers).
The patient was diagnosed with essential hypertension.,The patient has high blood pressure with no known cause (essential hypertension).
The patient has a history of myocardial infarction.,The patient has had a heart attack before (myocardial infarction).
The patient has peripheral neuropathy.,The patient has nerve damage causing pain and numbness in the limbs (peripheral neuropathy).
The patient was treated for deep vein thrombosis.,The patient was treated for a blood clot in a deep vein (deep vein thrombosis).
He was given an antihistamine for his allergic reaction.,He was given medicine to relieve allergy symptoms (antihistamine).
The patient has hyperthyroidism.,The patient has an overactive thyroid (hyperthyroidism).
The patient has a diagnosis of atrial fibrillation.,The patient has an irregular heartbeat (atrial fibrillation).
She presented with tachycardia and hypertension.,She came in with a fast heartbeat (tachycardia) and high blood pressure (hypertension).
He suffers from chronic obstructive pulmonary disease.,He has a lung disease that makes it hard to breathe (chronic obstructive pulmonary disease).
The patient has been prescribed a bronchodilator.,The patient has been given medicine to open up the airways in the lungs (bronchodilator).
The patient was treated for acute pancreatitis.,The patient was treated for inflammation of the pancreas (acute pancreatitis).
The infant was diagnosed with neonatal jaundice.,The newborn has yellowing of the skin due to high bilirubin (neonatal jaundice).
He suffers from irritable bowel syndrome.,He has a condition causing stomach pain and bowel problems (irritable bowel syndrome).
The echocardiogram showed mitral valve prolapse.,The heart ultrasound showed a problem with one of the heart valves (mitral valve prolapse).
The blood test indicated hyperkalemia.,The blood test showed high levels of potassium (hyperkalemia).
The patient was diagnosed with benign prostatic hyperplasia.,The patient has an enlarged prostate (benign prostatic hyperplasia).
The biopsy revealed malignant cells.,The biopsy showed cancerous cells (malignant cells).
The radiograph showed a pneumothorax.,The X-ray showed a collapsed lung (pneumothorax).
The patient has hyperlipidemia.,The patient has high cholesterol (hyperlipidemia).
The patient has a diagnosis of atrial fibrillation.,The patient has an irregular heartbeat (atrial fibrillation).
The lab results indicated hypocalcemia.,The lab results showed low calcium levels in the blood (hypocalcemia).
The patient has been prescribed a diuretic.,The patient has been given medicine to help remove excess water from the body (diuretic).
The endoscopy revealed peptic ulcers.,The internal examination showed sores in the stomach lining (peptic ulcers).
The patient was diagnosed with essential hypertension.,The patient has high blood pressure with no known cause (essential hypertension).
The patient has a history of myocardial infarction.,The patient has had a heart attack before (myocardial infarction).
The patient has peripheral neuropathy.,The patient has nerve damage causing pain and numbness in the limbs (peripheral neuropathy).
The patient was treated for deep vein thrombosis.,The patient was treated for a blood clot in a deep vein (deep vein thrombosis).
He was given an antihistamine for his allergic reaction.,He was given medicine to relieve allergy symptoms (antihistamine).
The patient has hyperthyroidism.,The patient has an overactive thyroid (hyperthyroidism).
The patient has a diagnosis of atrial fibrillation.,The patient has an irregular heartbeat (atrial fibrillation).
She presented with tachycardia and hypertension.,She came in with a fast heartbeat (tachycardia) and high blood pressure (hypertension).
He suffers from chronic obstructive pulmonary disease.,He has a lung disease that makes it hard to breathe (chronic obstructive pulmonary disease).
The patient has been prescribed a bronchodilator.,The patient has been given medicine to open up the airways in the lungs (bronchodilator).
The patient was treated for acute pancreatitis.,The patient was treated for inflammation of the pancreas (acute pancreatitis).
The infant was diagnosed with neonatal jaundice.,The newborn has yellowing of the skin due to high bilirubin (neonatal jaundice).
He suffers from irritable bowel syndrome.,He has a condition causing stomach pain and bowel problems (irritable bowel syndrome).
The echocardiogram showed mitral valve prolapse.,The heart ultrasound showed a problem with one of the heart valves (mitral valve prolapse).
The blood test indicated hyperkalemia.,The blood test showed high levels of potassium (hyperkalemia).
The patient was diagnosed with benign prostatic hyperplasia.,The patient has an enlarged prostate (benign prostatic hyperplasia).
The biopsy revealed malignant cells.,The biopsy showed cancerous cells (malignant cells).
The radiograph showed a pneumothorax.,The X-ray showed a collapsed lung (pneumothorax).
The patient has hyperlipidemia.,The patient has high cholesterol (hyperlipidemia).
The patient has a diagnosis of atrial fibrillation.,The patient has an irregular heartbeat (atrial fibrillation).
The lab results indicated hypocalcemia.,The lab results showed low calcium levels in the blood (hypocalcemia).
The patient has been prescribed a diuretic.,The patient has been given medicine to help remove excess water from the body (diuretic).
The endoscopy revealed peptic ulcers.,The internal examination showed sores in the stomach lining (peptic ulcers).
The patient was diagnosed with essential hypertension.,The patient has high blood pressure with no known cause (essential hypertension).
The patient has a history of myocardial infarction.,The patient has had a heart attack before (myocardial infarction).
The patient has peripheral neuropathy.,The patient has nerve damage causing pain and numbness in the limbs (peripheral neuropathy).
The patient was treated for deep vein thrombosis.,The patient was treated for a blood clot in a deep vein (deep vein thrombosis).
He was given an antihistamine for his allergic reaction.,He was given medicine to relieve allergy symptoms (antihistamine).
The patient has hyperthyroidism.,The patient has an overactive thyroid (hyperthyroidism).
The patient has a diagnosis of atrial fibrillation.,The patient has an irregular heartbeat (atrial fibrillation).
She presented with tachycardia and hypertension.,She came in with a fast heartbeat (tachycardia) and high blood pressure (hypertension).
He suffers from chronic obstructive pulmonary disease.,He has a lung disease that makes it hard to breathe (chronic obstructive pulmonary disease).
The patient was diagnosed with atrial fibrillation.,The patient was diagnosed with atrial fibrillation (an irregular heartbeat).
She underwent a cholecystectomy.,She underwent a cholecystectomy (gallbladder removal surgery).
He presented with dyspnea on exertion.,He had shortness of breath when exercising.
The infant has neonatal jaundice.,The newborn has yellowing of the skin and eyes.
The patient is experiencing myocardial infarction.,The patient is having a heart attack.
She was prescribed an antibiotic for her otitis media.,She was given medicine for her middle ear infection.
He has a history of chronic obstructive pulmonary disease.,He has a long-term lung disease that makes it hard to breathe.
The doctor noted erythema and swelling.,The doctor observed redness and swelling.
She is experiencing dysmenorrhea.,She has painful menstrual cramps.
The treatment plan includes cognitive behavioral therapy.,The treatment plan includes talking therapy to change behavior and thoughts.
He has a benign prostatic hyperplasia.,He has an enlarged prostate gland.
The patient presented with tachycardia.,The patient had a fast heart rate.
She underwent a lumbar puncture.,She had a spinal tap.
The patient was treated for acute renal failure.,The patient was treated for sudden kidney failure.
He has a peptic ulcer disease.,He has sores in the lining of his stomach or upper intestine.
The patient experienced syncope.,The patient fainted.
She was diagnosed with gestational diabetes.,She was diagnosed with diabetes that develops during pregnancy.
He has a cerebrovascular accident.,He had a stroke.
The patient has a history of hyperlipidemia.,The patient has a history of high cholesterol.
She presented with severe hypoglycemia.,She had dangerously low blood sugar levels.
He underwent a coronary artery bypass graft.,He had heart surgery to improve blood flow to the heart.
The patient was treated for deep vein thrombosis.,The patient was treated for a blood clot in a deep vein.
She is experiencing polyuria.,She is urinating more often than usual.
The child has been diagnosed with attention deficit hyperactivity disorder.,"The child has been diagnosed with ADHD, which affects concentration and behavior."
He has a diagnosis of rheumatoid arthritis.,He has a type of arthritis that causes pain and swelling in the joints.
The patient has undergone a hysterectomy.,The patient has had surgery to remove her uterus.
She has a history of gastroesophageal reflux disease.,She has a history of chronic acid reflux.
The patient was prescribed a diuretic.,The patient was given medicine to help remove excess water from the body.
He presented with cyanosis.,He had a bluish color to his skin due to lack of oxygen.
She has been diagnosed with bipolar disorder.,She has a mental health condition that causes extreme mood swings.
The patient experienced angina pectoris.,The patient had chest pain due to reduced blood flow to the heart.
He has been diagnosed with chronic kidney disease.,He has long-term damage to his kidneys.
She is being treated for hypothyroidism.,She is being treated for an underactive thyroid.
The patient underwent a colonoscopy.,The patient had a procedure to examine the inside of the colon.
He presented with hematuria.,He had blood in his urine.
She is experiencing hyperemesis gravidarum.,She has severe nausea and vomiting during pregnancy.
The patient has a history of ischemic heart disease.,The patient has a history of heart problems due to narrowed arteries.
He was diagnosed with obstructive sleep apnea.,He was diagnosed with a condition where breathing stops and starts during sleep.
She underwent a bilateral salpingo-oophorectomy.,She had surgery to remove both ovaries and fallopian tubes.
The patient has been diagnosed with chronic bronchitis.,The patient has a long-term inflammation of the airways in the lungs.
He presented with jaundice.,He had yellowing of the skin and eyes.
She is experiencing menorrhagia.,She has abnormally heavy or prolonged menstrual periods.
The patient was diagnosed with a herniated disc.,The patient has a slipped disc in the spine.
He is being treated for hypertensive crisis.,He is being treated for extremely high blood pressure.
She presented with epistaxis.,She had a nosebleed.
The patient was diagnosed with osteoarthritis.,The patient has a type of arthritis that affects the joints.
He has a diagnosis of chronic pancreatitis.,He has long-term inflammation of the pancreas.
She is experiencing vertigo.,She feels like the room is spinning.
The patient was treated for acute appendicitis.,The patient was treated for a sudden inflammation of the appendix.
He has a history of Barrett's esophagus.,He has a condition where the lining of the esophagus changes due to acid reflux.
She was diagnosed with systemic lupus erythematosus.,"She was diagnosed with lupus, a disease where the immune system attacks the body."
The patient has a history of atrial flutter.,The patient has a type of abnormal heart rhythm.
He is experiencing hyperkalemia.,He has high levels of potassium in his blood.
She presented with urolithiasis.,She has kidney stones.
The patient was treated for a pneumothorax.,The patient was treated for a collapsed lung.
He has a diagnosis of celiac disease.,He has an immune reaction to eating gluten.
She underwent a mastectomy.,She had surgery to remove a breast.
The patient has a history of venous insufficiency.,The patient has a condition where the veins have trouble sending blood back to the heart.
He presented with dysphagia.,He had difficulty swallowing.
She is experiencing bradycardia.,She has a slow heart rate.
The patient was diagnosed with acute pancreatitis.,The patient was diagnosed with sudden inflammation of the pancreas.
He has a history of diverticulitis.,He has a condition where small pouches in the colon become inflamed.
She presented with cellulitis.,She had a bacterial skin infection.
The patient was diagnosed with ulcerative colitis.,The patient has a condition causing inflammation and sores in the colon.
He has a diagnosis of chronic sinusitis.,He has long-term inflammation of the sinuses.
She underwent an angioplasty.,She had a procedure to open blocked blood vessels.
The patient presented with hematochezia.,The patient had blood in the stool.
He has been diagnosed with hyperthyroidism.,He has an overactive thyroid.
She is experiencing alopecia areata.,She has a condition that causes hair loss.
The patient has a history of mitral valve prolapse.,The patient has a condition where the valve between the heart's chambers doesn't close properly.
He presented with hypothermia.,He had dangerously low body temperature.
She was diagnosed with fibromyalgia.,She has a condition causing widespread pain and fatigue.
The patient underwent a nephrectomy.,The patient had surgery to remove a kidney.
He has a history of gout.,"He has a type of arthritis that causes severe pain, redness, and tenderness in joints."
She presented with pruritus.,She had severe itching.
The patient was diagnosed with encephalitis.,The patient has inflammation of the brain.
He has a history of myocardial ischemia.,"He has a condition where blood flow to the heart is reduced, preventing the heart muscle from getting enough oxygen."
She underwent a thyroidectomy.,She had surgery to remove all or part of her thyroid gland.
The patient presented with dyspepsia.,The patient had indigestion.
He has been diagnosed with peripheral artery disease.,He has narrowed arteries reducing blood flow to his limbs.
She is experiencing hemoptysis.,She is coughing up blood.
The patient was diagnosed with ankylosing spondylitis.,The patient has a type of arthritis that causes inflammation in the spine.
He has a history of benign paroxysmal positional vertigo.,He has a condition that causes brief episodes of dizziness.
She presented with photophobia.,She had sensitivity to light.
The patient was diagnosed with endometriosis.,The patient has a condition where tissue similar to the lining inside the uterus grows outside the uterus.
He has been diagnosed with schizophrenia.,"He has a mental disorder that affects how a person thinks, feels, and behaves."
She underwent a laminectomy.,She had surgery to remove part of the vertebra to relieve pressure on the spinal cord.
The patient presented with esophageal varices.,The patient had swollen veins in the esophagus.
He has a history of thrombophlebitis.,He has inflammation of a vein due to a blood clot.
She presented with xerostomia.,She had dry mouth.
The patient was diagnosed with vitiligo.,The patient has a condition where skin loses its pigment.
He has a history of peptic ulcer disease.,He has sores in the lining of his stomach or small intestine.
She is experiencing amenorrhea.,She has missed menstrual periods.
The patient was treated for pneumonia.,The patient was treated for an infection in the lungs.
He has a history of cardiomegaly.,He has an enlarged heart.
She presented with hyperhidrosis.,She had excessive sweating.
The patient was diagnosed with bursitis.,The patient has inflammation of the fluid-filled sacs in the joints.
He has a history of esophagitis.,He has inflammation of the esophagus.
She underwent an oophorectomy.,She had surgery to remove one or both ovaries.
The patient presented with strabismus.,The patient had crossed eyes.
He has a history of multiple sclerosis.,He has a disease that affects the brain and spinal cord.
She is experiencing tenosynovitis.,She has inflammation of the tendon sheath.
The patient was diagnosed with pharyngitis.,The patient has a sore throat.
He has a history of chronic fatigue syndrome.,He has a condition that causes extreme tiredness.
She presented with pyelonephritis.,She had a kidney infection.
The patient was diagnosed with pancreatitis.,The patient has inflammation of the pancreas.
He has a history of retinopathy.,He has damage to the retina of the eye.
She is experiencing dysmenorrhea.,She has painful menstrual periods.
The patient was treated for conjunctivitis.,The patient was treated for pink eye.
He has a history of Bell's palsy.,He has a condition causing sudden weakness in the muscles on one side of the face.
She presented with nephrolithiasis.,She has kidney stones.
The patient was diagnosed with macular degeneration.,The patient has a condition that affects the central part of the retina and leads to vision loss.
He has a history of chronic hepatitis.,He has long-term inflammation of the liver.
She underwent a cystoscopy.,She had a procedure to examine the inside of the bladder.
The patient presented with sialadenitis.,The patient had inflammation of the salivary glands.
He has a history of Addison's disease.,He has a disorder where the adrenal glands don't produce enough hormones.
She presented with dyspnea.,She had difficulty breathing.
The patient was diagnosed with osteomyelitis.,The patient has an infection in the bone.
He has a history of tinnitus.,He has ringing in the ears.
She presented with diplopia.,She had double vision.
The patient was diagnosed with anemia.,The patient has a condition where there are not enough healthy red blood cells to carry oxygen.
He has a history of blepharitis.,He has inflammation of the eyelids.
She underwent a laparotomy.,She had surgery to open the abdomen.
The patient presented with pleurisy.,The patient had inflammation of the tissues around the lungs.
He has a history of peripheral neuropathy.,He has damage to the nerves outside the brain and spinal cord.
She is experiencing dysuria.,She has pain when urinating.
The patient was diagnosed with pyelonephritis.,The patient has a kidney infection.
He has a history of narcolepsy.,He has a condition that causes sudden attacks of sleep.
She presented with polycystic ovary syndrome.,She has a hormonal disorder causing enlarged ovaries with cysts.
The patient was diagnosed with multiple myeloma.,The patient has a type of cancer that affects plasma cells in the bone marrow.
He has a history of hyperparathyroidism.,He has a condition where the parathyroid glands produce too much hormone.
She presented with trichomoniasis.,She has a sexually transmitted infection caused by a parasite.
The patient was diagnosed with hidradenitis suppurativa.,The patient has a skin condition causing painful bumps under the skin.
He has a history of chronic prostatitis.,He has long-term inflammation of the prostate gland.
She presented with polymyalgia rheumatica.,She has an inflammatory disorder causing muscle pain and stiffness.
The patient was diagnosed with myasthenia gravis.,The patient has a condition causing weakness in the voluntary muscles.
He has a history of Paget's disease of bone.,He has a condition that disrupts the normal cycle of bone renewal.
She presented with onychomycosis.,She has a fungal infection of the nails.
The patient was diagnosed with acute lymphoblastic leukemia.,The patient has a type of cancer affecting the white blood cells.
He has a history of pheochromocytoma.,He has a rare tumor of the adrenal gland.
She presented with leukoplakia.,She has white patches in the mouth.
The patient was diagnosed with Creutzfeldt-Jakob disease.,"The patient has a rare, degenerative brain disorder."
He has a history of neurofibromatosis.,He has a genetic disorder causing tumors to form on nerve tissue.
She presented with glossitis.,She has inflammation of the tongue.
The patient was diagnosed with transient ischemic attack.,The patient had a mini-stroke.
He has a history of von Willebrand disease.,He has a bleeding disorder caused by a deficiency of a blood-clotting protein.
She presented with hydrocephalus.,She has a condition where fluid builds up in the brain.
The patient was diagnosed with Sjogren's syndrome.,The patient has an autoimmune disease causing dry eyes and mouth.
He has a history of Marfan syndrome.,He has a genetic disorder affecting the connective tissue.
She presented with acromegaly.,She has a condition where the body produces too much growth hormone.
The patient was diagnosed with sarcoidosis.,The patient has a disease causing inflammation in various organs.
He has a history of hereditary hemochromatosis.,He has a genetic condition causing the body to absorb too much iron.
She presented with hypertrophic cardiomyopathy.,She has a condition where the heart muscle becomes abnormally thick.
The patient was diagnosed with cystic fibrosis.,The patient has a genetic disorder affecting the lungs and digestive system.
He has a history of sickle cell anemia.,He has a genetic disorder where red blood cells become misshapen and break down.
She presented with Duchenne muscular dystrophy.,She has a genetic disorder causing muscle degeneration.
The patient was diagnosed with Kawasaki disease.,The patient has a rare condition causing inflammation in blood vessels.
He has a history of Tay-Sachs disease.,He has a genetic disorder affecting nerve cells in the brain and spinal cord.
She presented with Wilson's disease.,She has a genetic disorder causing excess copper in the body.
The patient was diagnosed with Niemann-Pick disease.,The patient has a genetic disorder affecting lipid metabolism.
He has a history of Addisonian crisis.,He has a sudden and severe lack of adrenal hormones.
She presented with Guillain-Barre syndrome.,She has a condition where the immune system attacks the nerves.
The patient was diagnosed with retinitis pigmentosa.,The patient has a genetic disorder causing loss of vision.
He has a history of Wernicke-Korsakoff syndrome.,He has a brain disorder caused by a lack of vitamin B1.
She presented with congenital adrenal hyperplasia.,She has a genetic disorder affecting the adrenal glands.
The patient was diagnosed with Huntington's disease.,The patient has a genetic disorder causing the progressive breakdown of nerve cells in the brain.
He has a history of Prader-Willi syndrome.,"He has a genetic disorder causing physical, mental, and behavioral problems."
She presented with Turner syndrome.,"She has a genetic disorder affecting females, causing short stature and lack of ovarian development."
The patient was diagnosed with Fragile X syndrome.,The patient has a genetic condition causing intellectual disability.
He has a history of Klinefelter syndrome.,"He has a genetic condition affecting males, causing low testosterone and infertility."
She presented with Angelman syndrome.,She has a genetic disorder causing developmental disabilities and neurological problems.
The patient was diagnosed with Ehlers-Danlos syndrome.,The patient has a group of genetic disorders affecting the connective tissues.
He has a history of hereditary angioedema.,He has a genetic condition causing severe swelling.
She presented with phenylketonuria.,She has a genetic disorder where the body can't break down a certain amino acid.
The patient was diagnosed with glycogen storage disease.,The patient has a group of disorders affecting how the body stores and uses glycogen.
He has a history of hemophilia.,He has a genetic disorder causing problems with blood clotting.
She presented with Rett syndrome.,She has a rare genetic disorder affecting brain development in girls.
The patient was diagnosed with galactosemia.,The patient has a genetic disorder affecting how the body processes a sugar called galactose.
He has a history of muscular dystrophy.,He has a group of genetic diseases causing muscle weakness and loss.
She presented with osteogenesis imperfecta.,She has a genetic disorder causing brittle bones.
The patient was diagnosed with spinal muscular atrophy.,The patient has a genetic disorder affecting the control of muscle movement.
He has a history of maple syrup urine disease.,He has a genetic disorder affecting how the body breaks down certain amino acids.
She presented with tuberous sclerosis.,She has a genetic disorder causing non-cancerous tumors to grow in many parts of the body.
The patient was diagnosed with X-linked agammaglobulinemia.,The patient has a genetic disorder causing a lack of antibodies.
He has a history of lysosomal storage disease.,He has a group of genetic disorders affecting the body's ability to break down certain substances.
She presented with hypohidrotic ectodermal dysplasia.,"She has a genetic disorder affecting the development of skin, hair, nails, teeth, and sweat glands."
The patient was diagnosed with epidermolysis bullosa.,The patient has a group of genetic conditions causing fragile skin that blisters easily.
He has a history of Beckwith-Wiedemann syndrome.,He has a genetic disorder causing overgrowth of tissues and organs.
She presented with Cornelia de Lange syndrome.,She has a genetic disorder causing developmental delays and physical abnormalities.
The patient was diagnosed with type 2 diabetes mellitus.,The patient was diagnosed with type 2 diabetes (a condition where blood sugar levels are too high).
He had a myocardial infarction (heart attack) which required angioplasty.,He had a heart attack (myocardial infarction) that needed a procedure to open blocked arteries (angioplasty).
She presented with signs of acute bronchitis.,She showed signs of acute bronchitis (inflammation of the bronchial tubes).
The patient is being treated with anticoagulants to prevent deep vein thrombosis.,The patient is taking blood thinners (anticoagulants) to prevent blood clots in the veins (deep vein thrombosis).
He was given a prescription for an antibiotic to treat his pneumonia.,He was prescribed antibiotics to treat his pneumonia (lung infection).
The doctor recommended a biopsy to determine the nature of the tumor.,The doctor suggested taking a tissue sample (biopsy) to find out more about the tumor.
She has been diagnosed with hyperlipidemia.,She has high cholesterol levels (hyperlipidemia).
The patient had a cerebrovascular accident (stroke) and needed rehabilitation.,The patient had a stroke (cerebrovascular accident) and needed therapy to recover.
"The patient’s blood pressure was elevated, indicating hypertension.",The patient had high blood pressure (hypertension).
He was diagnosed with chronic obstructive pulmonary disease (COPD).,He was diagnosed with COPD (a lung disease that makes breathing difficult).
The patient required intubation due to respiratory failure.,The patient needed a breathing tube (intubation) because of respiratory failure.
She was administered an analgesic for her pain.,She was given a painkiller (analgesic) for her pain.
The doctor prescribed an antipyretic to reduce fever.,The doctor gave a fever reducer (antipyretic) to lower her fever.
He has been experiencing tachycardia.,He has been having a fast heart rate (tachycardia).
The patient was diagnosed with gastroesophageal reflux disease (GERD).,The patient has GERD (a condition where stomach acid flows back into the esophagus).
He was treated with an intravenous line for fluid resuscitation.,He received fluids through a vein (IV line) to rehydrate him.
The patient has a history of atrial fibrillation.,The patient has a history of irregular heartbeats (atrial fibrillation).
The patient was advised to follow a low-sodium diet to manage hypertension.,The patient was told to eat less salt (low-sodium diet) to control high blood pressure (hypertension).
He was diagnosed with osteoarthritis and prescribed NSAIDs for pain relief.,He has osteoarthritis (joint pain) and was given anti-inflammatory drugs (NSAIDs) for pain relief.
She underwent a mammogram to screen for breast cancer.,She had a mammogram (breast X-ray) to check for breast cancer.
The patient was treated with an inhaler to manage his asthma.,The patient used an inhaler to control his asthma.
He had a hysterectomy to remove his uterus.,He had surgery to remove his uterus (hysterectomy).
She was diagnosed with anemia and prescribed iron supplements.,She has anemia (low iron) and was given iron pills (iron supplements).
The doctor recommended a colonoscopy to screen for colon cancer.,The doctor suggested a colonoscopy (colon exam) to check for colon cancer.
He had a cerebrovascular accident (stroke) and is currently undergoing physical therapy.,He had a stroke (cerebrovascular accident) and is doing physical therapy to recover.
The patient was given a beta-blocker to manage his heart condition.,The patient took a beta-blocker to treat his heart condition.
She had a seizure and was given anticonvulsants.,She had a seizure and was given medication to prevent more seizures (anticonvulsants).
The doctor prescribed a proton pump inhibitor to treat her acid reflux.,The doctor gave a medicine (proton pump inhibitor) to treat her acid reflux.
He was diagnosed with chronic kidney disease (CKD).,He has chronic kidney disease (CKD) (long-term kidney damage).
She was given an antiemetic to control her nausea.,She was given a medicine to prevent vomiting (antiemetic).
The patient had a pulmonary embolism and was started on anticoagulants.,The patient had a blood clot in the lung (pulmonary embolism) and was started on blood thinners (anticoagulants).
He was treated with a diuretic to reduce fluid buildup.,He was given a water pill (diuretic) to help reduce fluid retention.
She had a laminectomy to relieve pressure on her spinal cord.,She had surgery to remove part of her spine bone (laminectomy) to relieve pressure on her spinal cord.
The patient was diagnosed with benign prostatic hyperplasia (BPH).,The patient has an enlarged prostate (benign prostatic hyperplasia).
He has a history of myocardial infarction (heart attack).,He has had a heart attack (myocardial infarction).
She was prescribed an antidepressant for her depression.,She was given an antidepressant to treat her depression.
The doctor diagnosed him with sleep apnea.,The doctor said he has sleep apnea (a condition where breathing stops and starts during sleep).
The patient was given an antihistamine for his allergies.,The patient took an allergy medicine (antihistamine) for his allergies.
He had a PET scan to check for cancer spread.,He had a PET scan (a type of imaging test) to see if cancer has spread.
The doctor recommended a bone density test to check for osteoporosis.,The doctor suggested a bone scan to check for weak bones (osteoporosis).
She was diagnosed with psoriasis and prescribed a topical steroid.,She has psoriasis (a skin condition) and was given a steroid cream to treat it.
He had a cystoscopy to examine his bladder.,He had a test (cystoscopy) to look inside his bladder.
The patient was treated with intravenous antibiotics for his infection.,The patient got antibiotics through a vein (IV) to treat his infection.
She was diagnosed with endometriosis and prescribed hormonal therapy.,She has endometriosis (a condition where tissue grows outside the uterus) and was given hormones to treat it.
The patient exhibited signs of tachycardia and hypertension.,The patient had a fast heart rate (tachycardia) and high blood pressure (hypertension).
He was diagnosed with myocardial infarction and prescribed anticoagulants.,He had a heart attack (myocardial infarction) and was given blood thinners (anticoagulants).
The radiograph revealed a comminuted fracture of the femur.,The X-ray showed a broken thigh bone (comminuted fracture of the femur) with multiple pieces.
She underwent a laparoscopic cholecystectomy.,She had her gallbladder removed through a small cut (laparoscopic cholecystectomy).
The patient has a history of COPD and requires bronchodilators.,The patient has chronic lung disease (COPD) and needs medication to open the airways (bronchodilators).
"The blood test showed elevated levels of bilirubin, indicating jaundice.","The blood test showed high levels of a yellow substance (bilirubin), indicating jaundice."
He presented with severe dyspnea and orthopnea.,He had trouble breathing (dyspnea) and could only breathe comfortably when sitting up (orthopnea).
The biopsy confirmed the presence of adenocarcinoma.,The tissue sample test showed a type of cancer (adenocarcinoma).
The patient was treated with a combination of beta-blockers and ACE inhibitors.,The patient was given medications to lower blood pressure and protect the heart (beta-blockers and ACE inhibitors).
The ultrasound revealed a large ovarian cyst.,The scan showed a large fluid-filled sac on her ovary (ovarian cyst).
She was diagnosed with type 2 diabetes mellitus and started on metformin.,She was diagnosed with type 2 diabetes and started on medication to control blood sugar (metformin).
The ECG showed atrial fibrillation.,The heart test showed an irregular heartbeat (atrial fibrillation).
He was administered intravenous fluids and analgesics.,He was given fluids through a vein (intravenous fluids) and painkillers (analgesics).
The MRI scan revealed a herniated disc in the lumbar spine.,The scan showed a slipped disc in the lower back (herniated disc).
The patient presented with symptoms of gastroesophageal reflux disease (GERD).,The patient had symptoms of acid reflux (GERD).
She was advised to take a diuretic for her edema.,She was told to take a water pill (diuretic) for her swelling (edema).
The pathology report indicated a benign neoplasm.,The tissue test showed a non-cancerous growth (benign neoplasm).
He underwent coronary artery bypass grafting.,He had surgery to improve blood flow to his heart (coronary artery bypass grafting).
The patient experienced a transient ischemic attack (TIA).,The patient had a mini-stroke (transient ischemic attack).
The patient was diagnosed with acute appendicitis and required an appendectomy.,The patient had a sudden inflammation of the appendix and needed surgery to remove it (appendectomy).
She exhibited signs of hyperglycemia and was prescribed insulin therapy.,She had high blood sugar (hyperglycemia) and was given insulin shots.
The patient has a history of atrial septal defect repair.,The patient had surgery to fix a hole in the heart (atrial septal defect repair).
He was given a prophylactic antibiotic before the surgery.,He was given an antibiotic to prevent infection before the surgery.
The patient developed deep vein thrombosis (DVT) in the left leg.,The patient had a blood clot in a deep vein of the left leg (DVT).
She was treated for bacterial pneumonia with intravenous antibiotics.,She was treated for a lung infection caused by bacteria (bacterial pneumonia) with antibiotics given through a vein.
The patient's echocardiogram showed left ventricular hypertrophy.,The heart ultrasound showed thickening of the left heart muscle (left ventricular hypertrophy).
He was admitted for severe pancreatitis.,He was admitted to the hospital for severe inflammation of the pancreas (pancreatitis).
The patient was diagnosed with bilateral renal calculi.,The patient had kidney stones in both kidneys (bilateral renal calculi).
She underwent a hysterectomy due to uterine fibroids.,She had surgery to remove her uterus because of non-cancerous growths (uterine fibroids).
The patient was treated for anaphylaxis with epinephrine.,The patient was treated for a severe allergic reaction (anaphylaxis) with a shot of adrenaline (epinephrine).
He was diagnosed with chronic obstructive pulmonary disease (COPD).,He was diagnosed with a long-term lung disease that makes it hard to breathe (COPD).
The CT scan revealed a subdural hematoma.,The brain scan showed a collection of blood outside the brain (subdural hematoma).
She was prescribed an antipyretic for her fever.,She was given medicine to reduce her fever (antipyretic).
The patient required a tracheostomy to assist with breathing.,The patient needed a hole made in the windpipe to help with breathing (tracheostomy).
He was diagnosed with gastroenteritis and given oral rehydration therapy.,He had an infection of the stomach and intestines (gastroenteritis) and was given fluids to drink (oral rehydration therapy).
The patient has a history of peptic ulcer disease.,The patient has a history of sores in the lining of the stomach or small intestine (peptic ulcer disease).
She was treated for acute pyelonephritis with intravenous antibiotics.,She was treated for a sudden kidney infection (acute pyelonephritis) with antibiotics given through a vein.
The patient was diagnosed with peripheral arterial disease (PAD).,The patient was diagnosed with narrowed blood vessels in the legs (peripheral arterial disease).
He has a history of transient ischemic attacks (TIAs).,He has had mini-strokes (transient ischemic attacks) in the past.
The patient presented with acute exacerbation of chronic bronchitis.,The patient had a sudden worsening of long-term bronchitis (acute exacerbation of chronic bronchitis).
She underwent a bilateral mastectomy for breast cancer.,She had both breasts removed to treat breast cancer (bilateral mastectomy).
The patient was diagnosed with stage 4 colorectal carcinoma.,The patient was diagnosed with advanced colon cancer (stage 4 colorectal carcinoma).
He presented with a severe case of cellulitis.,He had a serious skin infection (cellulitis).
The patient was treated for atrial flutter with a cardioversion procedure.,The patient had an irregular heartbeat (atrial flutter) treated with an electric shock to restore normal rhythm (cardioversion).
She was diagnosed with rheumatoid arthritis and started on DMARDs.,She was diagnosed with a type of joint inflammation (rheumatoid arthritis) and started on medicine to slow the disease (DMARDs).
The patient was admitted for an exacerbation of congestive heart failure (CHF).,The patient was admitted to the hospital because their heart failure got worse (exacerbation of CHF).
He was diagnosed with acute lymphoblastic leukemia (ALL).,He was diagnosed with a type of blood cancer (acute lymphoblastic leukemia).
The MRI scan showed multiple sclerosis (MS) lesions.,The brain scan showed areas of damage from a disease affecting the nerves (multiple sclerosis).
The patient was treated for an upper respiratory tract infection (URTI).,"The patient was treated for a cold or other infection in the nose, throat, or sinuses (upper respiratory tract infection)."
She was diagnosed with hyperthyroidism and prescribed antithyroid medication.,She had an overactive thyroid gland (hyperthyroidism) and was given medicine to reduce thyroid activity.
The patient was treated for deep vein thrombosis (DVT) with anticoagulants.,The patient had a blood clot in a deep vein (DVT) and was treated with blood thinners.
He presented with symptoms of benign prostatic hyperplasia (BPH).,He had symptoms of an enlarged prostate gland (benign prostatic hyperplasia).
The CT scan revealed pulmonary embolism (PE).,The scan showed a blood clot in the lungs (pulmonary embolism).
She was diagnosed with systemic lupus erythematosus (SLE).,She was diagnosed with a disease where the immune system attacks the body (systemic lupus erythematosus).
The patient was prescribed an SSRI for major depressive disorder (MDD).,The patient was given a type of antidepressant (SSRI) for severe depression (major depressive disorder).
He presented with symptoms of acute otitis media (AOM).,He had symptoms of a middle ear infection (acute otitis media).
She underwent a total hip arthroplasty.,She had surgery to replace her hip joint (total hip arthroplasty).
The patient was treated for severe hypoglycemia with intravenous glucose.,The patient was treated for very low blood sugar (severe hypoglycemia) with sugar given through a vein.
He has a history of ischemic heart disease (IHD).,He has a history of heart problems due to narrowed arteries (ischemic heart disease).
The patient was treated for acute exacerbation of chronic obstructive pulmonary disease (AECOPD).,The patient was treated for a sudden worsening of their long-term lung disease (COPD).
She was diagnosed with endometriosis and started on hormonal therapy.,She was diagnosed with a condition where tissue like the lining of the uterus grows outside it (endometriosis) and was given hormone treatment.
The MRI revealed a meniscal tear in the right knee.,The scan showed a tear in the cartilage of the right knee (meniscal tear).
He was diagnosed with gastroesophageal reflux disease (GERD) and prescribed a proton pump inhibitor (PPI).,He was diagnosed with acid reflux (GERD) and given medicine to reduce stomach acid (proton pump inhibitor).
The patient has a history of atrial fibrillation and was started on an anticoagulant.,The patient has an irregular heartbeat (atrial fibrillation) and was given blood thinners.
She underwent a colonoscopy which revealed multiple polyps.,She had a camera test of the colon (colonoscopy) that showed several growths (polyps).
The patient was treated for diabetic ketoacidosis (DKA).,The patient was treated for a serious complication of diabetes (diabetic ketoacidosis).
He was diagnosed with essential hypertension and prescribed an ACE inhibitor.,He was diagnosed with high blood pressure (essential hypertension) and given medicine to lower it (ACE inhibitor).
She was treated for a urinary tract infection (UTI) with antibiotics.,She was treated for a bladder infection (urinary tract infection) with antibiotics.
The patient was diagnosed with irritable bowel syndrome (IBS).,The patient was diagnosed with a condition causing stomach pain and bowel problems (irritable bowel syndrome).
He was given a bronchodilator for his asthma.,He was given medicine to help open his airways (bronchodilator) for his asthma.
The patient was diagnosed with chronic kidney disease (CKD).,The patient was diagnosed with long-term kidney problems (chronic kidney disease).
She was treated for an acute exacerbation of asthma with corticosteroids.,She was treated for a sudden worsening of asthma with anti-inflammatory medicine (corticosteroids).
The MRI scan revealed a pituitary adenoma.,The brain scan showed a non-cancerous tumor in the pituitary gland (pituitary adenoma).
The patient was prescribed a beta-blocker for angina pectoris.,The patient was given medicine to reduce chest pain from heart problems (beta-blocker for angina).
He was treated for acute bacterial sinusitis with antibiotics.,He was treated for a sudden sinus infection caused by bacteria (acute bacterial sinusitis) with antibiotics.
The patient was diagnosed with herpes zoster and prescribed antiviral medication.,The patient was diagnosed with shingles (herpes zoster) and given medicine to fight the virus.
She underwent a bilateral salpingo-oophorectomy for ovarian cancer.,She had surgery to remove both ovaries and fallopian tubes to treat ovarian cancer (bilateral salpingo-oophorectomy).
The patient was treated for bacterial endocarditis with intravenous antibiotics.,The patient was treated for a heart infection caused by bacteria (bacterial endocarditis) with antibiotics given through a vein.
He was diagnosed with epilepsy and started on antiepileptic drugs (AEDs).,He was diagnosed with a condition causing seizures (epilepsy) and started on medicine to prevent seizures (antiepileptic drugs).
The CT scan revealed a small bowel obstruction.,The scan showed a blockage in the small intestine (small bowel obstruction).
She was diagnosed with hypothyroidism and prescribed levothyroxine.,She was diagnosed with an underactive thyroid gland (hypothyroidism) and given thyroid hormone replacement (levothyroxine).
The patient has a history of chronic venous insufficiency (CVI).,The patient has a history of poor blood flow in the veins (chronic venous insufficiency).
He presented with a ruptured Achilles tendon.,He had a torn tendon in the back of his ankle (ruptured Achilles tendon).
The patient was treated for acute pancreatitis with intravenous fluids.,The patient was treated for sudden inflammation of the pancreas (acute pancreatitis) with fluids given through a vein.
She was diagnosed with osteoarthritis and started on NSAIDs.,She was diagnosed with joint wear and tear (osteoarthritis) and given anti-inflammatory painkillers (NSAIDs).
The patient was admitted for acute myocardial infarction (AMI).,The patient was admitted for a heart attack (acute myocardial infarction).
He was diagnosed with gastroenteritis and prescribed oral rehydration therapy.,He had an infection of the stomach and intestines (gastroenteritis) and was given fluids to drink (oral rehydration therapy).
The CT scan showed a pulmonary embolism (PE).,The scan showed a blood clot in the lungs (pulmonary embolism).
She was diagnosed with systemic lupus erythematosus (SLE).,She was diagnosed with a disease where the immune system attacks the body (systemic lupus erythematosus).
The patient was treated for major depressive disorder (MDD) with an SSRI.,The patient was treated for severe depression (major depressive disorder) with a type of antidepressant (SSRI).
He presented with acute otitis media (AOM).,He had a middle ear infection (acute otitis media).
She underwent total hip arthroplasty.,She had surgery to replace her hip joint (total hip arthroplasty).
The patient was treated for severe hypoglycemia with intravenous glucose.,The patient was treated for very low blood sugar (severe hypoglycemia) with sugar given through a vein.
He has a history of ischemic heart disease (IHD).,He has a history of heart problems due to narrowed arteries (ischemic heart disease).
The patient was treated for acute exacerbation of chronic obstructive pulmonary disease (AECOPD).,The patient was treated for a sudden worsening of their long-term lung disease (COPD).
She was diagnosed with endometriosis and started on hormonal therapy.,She was diagnosed with a condition where tissue like the lining of the uterus grows outside it (endometriosis) and was given hormone treatment.
The MRI revealed a meniscal tear in the right knee.,The scan showed a tear in the cartilage of the right knee (meniscal tear).
He was diagnosed with gastroesophageal reflux disease (GERD) and prescribed a proton pump inhibitor (PPI).,He was diagnosed with acid reflux (GERD) and given medicine to reduce stomach acid (proton pump inhibitor).
The patient has a history of atrial fibrillation and was started on an anticoagulant.,The patient has an irregular heartbeat (atrial fibrillation) and was given blood thinners.
She underwent a colonoscopy which revealed multiple polyps.,She had a camera test of the colon (colonoscopy) that showed several growths (polyps).
The patient was treated for diabetic ketoacidosis (DKA).,The patient was treated for a serious complication of diabetes (diabetic ketoacidosis).
He was diagnosed with essential hypertension and prescribed an ACE inhibitor.,He was diagnosed with high blood pressure (essential hypertension) and given medicine to lower it (ACE inhibitor).
She was treated for a urinary tract infection (UTI) with antibiotics.,She was treated for a bladder infection (urinary tract infection) with antibiotics.
The patient was diagnosed with irritable bowel syndrome (IBS).,The patient was diagnosed with a condition causing stomach pain and bowel problems (irritable bowel syndrome).
He was given a bronchodilator for his asthma.,He was given medicine to help open his airways (bronchodilator) for his asthma.
The patient was diagnosed with chronic kidney disease (CKD).,The patient was diagnosed with long-term kidney problems (chronic kidney disease).
She was treated for an acute exacerbation of asthma with corticosteroids.,She was treated for a sudden worsening of asthma with anti-inflammatory medicine (corticosteroids).
The MRI scan revealed a pituitary adenoma.,The brain scan showed a non-cancerous tumor in the pituitary gland (pituitary adenoma).
The patient was prescribed a beta-blocker for angina pectoris.,The patient was given medicine to reduce chest pain from heart problems (beta-blocker for angina).
He was treated for acute bacterial sinusitis with antibiotics.,He was treated for a sudden sinus infection caused by bacteria (acute bacterial sinusitis) with antibiotics.
The patient was diagnosed with herpes zoster and prescribed antiviral medication.,The patient was diagnosed with shingles (herpes zoster) and given medicine to fight the virus.
She underwent a bilateral salpingo-oophorectomy for ovarian cancer.,She had surgery to remove both ovaries and fallopian tubes to treat ovarian cancer (bilateral salpingo-oophorectomy).
The patient was treated for bacterial endocarditis with intravenous antibiotics.,The patient was treated for a heart infection caused by bacteria (bacterial endocarditis) with antibiotics given through a vein.
He was diagnosed with epilepsy and started on antiepileptic drugs (AEDs).,He was diagnosed with a condition causing seizures (epilepsy) and started on medicine to prevent seizures (antiepileptic drugs).
The CT scan revealed a small bowel obstruction.,The scan showed a blockage in the small intestine (small bowel obstruction).
She was diagnosed with hypothyroidism and prescribed levothyroxine.,She was diagnosed with an underactive thyroid gland (hypothyroidism) and given thyroid hormone replacement (levothyroxine).
The patient has a history of chronic venous insufficiency (CVI).,The patient has a history of poor blood flow in the veins (chronic venous insufficiency).
He presented with a ruptured Achilles tendon.,He had a torn tendon in the back of his ankle (ruptured Achilles tendon).
The patient was treated for acute pancreatitis with intravenous fluids.,The patient was treated for sudden inflammation of the pancreas (acute pancreatitis) with fluids given through a vein.
She was diagnosed with osteoarthritis and started on NSAIDs.,She was diagnosed with joint wear and tear (osteoarthritis) and given anti-inflammatory painkillers (NSAIDs).
The patient was admitted for acute myocardial infarction (AMI).,The patient was admitted for a heart attack (acute myocardial infarction).
He was diagnosed with gastroenteritis and prescribed oral rehydration therapy.,He had an infection of the stomach and intestines (gastroenteritis) and was given fluids to drink (oral rehydration therapy).
The CT scan showed a pulmonary embolism (PE).,The scan showed a blood clot in the lungs (pulmonary embolism).
She was diagnosed with systemic lupus erythematosus (SLE).,She was diagnosed with a disease where the immune system attacks the body (systemic lupus erythematosus).
The patient was treated for major depressive disorder (MDD) with an SSRI.,The patient was treated for severe depression (major depressive disorder) with a type of antidepressant (SSRI).
He presented with acute otitis media (AOM).,He had a middle ear infection (acute otitis media).
She underwent total hip arthroplasty.,She had surgery to replace her hip joint (total hip arthroplasty).
The patient was treated for severe hypoglycemia with intravenous glucose.,The patient was treated for very low blood sugar (severe hypoglycemia) with sugar given through a vein.
He has a history of ischemic heart disease (IHD).,He has a history of heart problems due to narrowed arteries (ischemic heart disease).
The patient was treated for acute exacerbation of chronic obstructive pulmonary disease (AECOPD).,The patient was treated for a sudden worsening of their long-term lung disease (COPD).
She was diagnosed with endometriosis and started on hormonal therapy.,She was diagnosed with a condition where tissue like the lining of the uterus grows outside it (endometriosis) and was given hormone treatment.
The MRI revealed a meniscal tear in the right knee.,The scan showed a tear in the cartilage of the right knee (meniscal tear).
He was diagnosed with gastroesophageal reflux disease (GERD) and prescribed a proton pump inhibitor (PPI).,He was diagnosed with acid reflux (GERD) and given medicine to reduce stomach acid (proton pump inhibitor).
The patient has a history of atrial fibrillation and was started on an anticoagulant.,The patient has an irregular heartbeat (atrial fibrillation) and was given blood thinners.
She underwent a colonoscopy which revealed multiple polyps.,She had a camera test of the colon (colonoscopy) that showed several growths (polyps).
The patient was treated for diabetic ketoacidosis (DKA).,The patient was treated for a serious complication of diabetes (diabetic ketoacidosis).
He was diagnosed with essential hypertension and prescribed an ACE inhibitor.,He was diagnosed with high blood pressure (essential hypertension) and given medicine to lower it (ACE inhibitor).
She was treated for a urinary tract infection (UTI) with antibiotics.,She was treated for a bladder infection (urinary tract infection) with antibiotics.
The patient was diagnosed with irritable bowel syndrome (IBS).,The patient was diagnosed with a condition causing stomach pain and bowel problems (irritable bowel syndrome).
He was given a bronchodilator for his asthma.,He was given medicine to help open his airways (bronchodilator) for his asthma.
The patient was diagnosed with chronic kidney disease (CKD).,The patient was diagnosed with long-term kidney problems (chronic kidney disease).
She was treated for an acute exacerbation of asthma with corticosteroids.,She was treated for a sudden worsening of asthma with anti-inflammatory medicine (corticosteroids).
The MRI scan revealed a pituitary adenoma.,The brain scan showed a non-cancerous tumor in the pituitary gland (pituitary adenoma).
The patient was prescribed a beta-blocker for angina pectoris.,The patient was given medicine to reduce chest pain from heart problems (beta-blocker for angina).
He was treated for acute bacterial sinusitis with antibiotics.,He was treated for a sudden sinus infection caused by bacteria (acute bacterial sinusitis) with antibiotics.
The patient was diagnosed with herpes zoster and prescribed antiviral medication.,The patient was diagnosed with shingles (herpes zoster) and given medicine to fight the virus.
She underwent a bilateral salpingo-oophorectomy for ovarian cancer.,She had surgery to remove both ovaries and fallopian tubes to treat ovarian cancer (bilateral salpingo-oophorectomy).
The patient was treated for bacterial endocarditis with intravenous antibiotics.,The patient was treated for a heart infection caused by bacteria (bacterial endocarditis) with antibiotics given through a vein.
He was diagnosed with epilepsy and started on antiepileptic drugs (AEDs).,He was diagnosed with a condition causing seizures (epilepsy) and started on medicine to prevent seizures (antiepileptic drugs).
The CT scan revealed a small bowel obstruction.,The scan showed a blockage in the small intestine (small bowel obstruction).
She was diagnosed with hypothyroidism and prescribed levothyroxine.,She was diagnosed with an underactive thyroid gland (hypothyroidism) and given thyroid hormone replacement (levothyroxine).
The patient has a history of chronic venous insufficiency (CVI).,The patient has a history of poor blood flow in the veins (chronic venous insufficiency).
He presented with a ruptured Achilles tendon.,He had a torn tendon in the back of his ankle (ruptured Achilles tendon).
The patient was treated for acute pancreatitis with intravenous fluids.,The patient was treated for sudden inflammation of the pancreas (acute pancreatitis) with fluids given through a vein.
She was diagnosed with osteoarthritis and started on NSAIDs.,She was diagnosed with joint wear and tear (osteoarthritis) and given anti-inflammatory painkillers (NSAIDs).
The patient was admitted for acute myocardial infarction (AMI).,The patient was admitted for a heart attack (acute myocardial infarction).
He was diagnosed with gastroenteritis and prescribed oral rehydration therapy.,He had an infection of the stomach and intestines (gastroenteritis) and was given fluids to drink (oral rehydration therapy).
The CT scan showed a pulmonary embolism (PE).,The scan showed a blood clot in the lungs (pulmonary embolism).
She was diagnosed with systemic lupus erythematosus (SLE).,She was diagnosed with a disease where the immune system attacks the body (systemic lupus erythematosus).
The patient was treated for major depressive disorder (MDD) with an SSRI.,The patient was treated for severe depression (major depressive disorder) with a type of antidepressant (SSRI).
He presented with acute otitis media (AOM).,He had a middle ear infection (acute otitis media).
She underwent total hip arthroplasty.,She had surgery to replace her hip joint (total hip arthroplasty).
The patient was treated for severe hypoglycemia with intravenous glucose.,The patient was treated for very low blood sugar (severe hypoglycemia) with sugar given through a vein.
He has a history of ischemic heart disease (IHD).,He has a history of heart problems due to narrowed arteries (ischemic heart disease).
The patient was treated for acute exacerbation of chronic obstructive pulmonary disease (AECOPD).,The patient was treated for a sudden worsening of their long-term lung disease (COPD).
She was diagnosed with endometriosis and started on hormonal therapy.,She was diagnosed with a condition where tissue like the lining of the uterus grows outside it (endometriosis) and was given hormone treatment.
The MRI revealed a meniscal tear in the right knee.,The scan showed a tear in the cartilage of the right knee (meniscal tear).
He was diagnosed with gastroesophageal reflux disease (GERD) and prescribed a proton pump inhibitor (PPI).,He was diagnosed with acid reflux (GERD) and given medicine to reduce stomach acid (proton pump inhibitor).
The patient has a history of atrial fibrillation and was started on an anticoagulant.,The patient has an irregular heartbeat (atrial fibrillation) and was given blood thinners.
She underwent a colonoscopy which revealed multiple polyps.,She had a camera test of the colon (colonoscopy) that showed several growths (polyps).
The patient was treated for diabetic ketoacidosis (DKA).,The patient was treated for a serious complication of diabetes (diabetic ketoacidosis).
He was diagnosed with essential hypertension and prescribed an ACE inhibitor.,He was diagnosed with high blood pressure (essential hypertension) and given medicine to lower it (ACE inhibitor).
She was treated for a urinary tract infection (UTI) with antibiotics.,She was treated for a bladder infection (urinary tract infection) with antibiotics.
The patient was diagnosed with irritable bowel syndrome (IBS).,The patient was diagnosed with a condition causing stomach pain and bowel problems (irritable bowel syndrome).
He was given a bronchodilator for his asthma.,He was given medicine to help open his airways (bronchodilator) for his asthma.
The patient was diagnosed with chronic kidney disease (CKD).,The patient was diagnosed with long-term kidney problems (chronic kidney disease).
She was treated for an acute exacerbation of asthma with corticosteroids.,She was treated for a sudden worsening of asthma with anti-inflammatory medicine (corticosteroids).
The MRI scan revealed a pituitary adenoma.,The brain scan showed a non-cancerous tumor in the pituitary gland (pituitary adenoma).
The patient was prescribed a beta-blocker for angina pectoris.,The patient was given medicine to reduce chest pain from heart problems (beta-blocker for angina).
He was treated for acute bacterial sinusitis with antibiotics.,He was treated for a sudden sinus infection caused by bacteria (acute bacterial sinusitis) with antibiotics.
The patient was diagnosed with herpes zoster and prescribed antiviral medication.,The patient was diagnosed with shingles (herpes zoster) and given medicine to fight the virus.
She underwent a bilateral salpingo-oophorectomy for ovarian cancer.,She had surgery to remove both ovaries and fallopian tubes to treat ovarian cancer (bilateral salpingo-oophorectomy).
The patient was treated for bacterial endocarditis with intravenous antibiotics.,The patient was treated for a heart infection caused by bacteria (bacterial endocarditis) with antibiotics given through a vein.
He was diagnosed with epilepsy and started on antiepileptic drugs (AEDs).,He was diagnosed with a condition causing seizures (epilepsy) and started on medicine to prevent seizures (antiepileptic drugs).
The CT scan revealed a small bowel obstruction.,The scan showed a blockage in the small intestine (small bowel obstruction).
She was diagnosed with hypothyroidism and prescribed levothyroxine.,She was diagnosed with an underactive thyroid gland (hypothyroidism) and given thyroid hormone replacement (levothyroxine).
The patient has a history of chronic venous insufficiency (CVI).,The patient has a history of poor blood flow in the veins (chronic venous insufficiency).
He presented with a ruptured Achilles tendon.,He had a torn tendon in the back of his ankle (ruptured Achilles tendon).
The patient was treated for acute pancreatitis with intravenous fluids.,The patient was treated for sudden inflammation of the pancreas (acute pancreatitis) with fluids given through a vein.
She was diagnosed with osteoarthritis and started on NSAIDs.,She was diagnosed with joint wear and tear (osteoarthritis) and given anti-inflammatory painkillers (NSAIDs).
The patient was admitted for acute myocardial infarction (AMI).,The patient was admitted for a heart attack (acute myocardial infarction).
He was diagnosed with gastroenteritis and prescribed oral rehydration therapy.,He had an infection of the stomach and intestines (gastroenteritis) and was given fluids to drink (oral rehydration therapy).
The CT scan showed a pulmonary embolism (PE).,The scan showed a blood clot in the lungs (pulmonary embolism).
She was diagnosed with systemic lupus erythematosus (SLE).,She was diagnosed with a disease where the immune system attacks the body (systemic lupus erythematosus).
The patient was treated for major depressive disorder (MDD) with an SSRI.,The patient was treated for severe depression (major depressive disorder) with a type of antidepressant (SSRI).
He presented with acute otitis media (AOM).,He had a middle ear infection (acute otitis media).
She underwent total hip arthroplasty.,She had surgery to replace her hip joint (total hip arthroplasty).
The patient was treated for severe hypoglycemia with intravenous glucose.,The patient was treated for very low blood sugar (severe hypoglycemia) with sugar given through a vein.
He has a history of ischemic heart disease (IHD).,He has a history of heart problems due to narrowed arteries (ischemic heart disease).
The patient was treated for acute exacerbation of chronic obstructive pulmonary disease (AECOPD).,The patient was treated for a sudden worsening of their long-term lung disease (COPD).
She was diagnosed with endometriosis and started on hormonal therapy.,She was diagnosed with a condition where tissue like the lining of the uterus grows outside it (endometriosis) and was given hormone treatment.
The MRI revealed a meniscal tear in the right knee.,The scan showed a tear in the cartilage of the right knee (meniscal tear).
He was diagnosed with gastroesophageal reflux disease (GERD) and prescribed a proton pump inhibitor (PPI).,He was diagnosed with acid reflux (GERD) and given medicine to reduce stomach acid (proton pump inhibitor).
The patient has a history of atrial fibrillation and was started on an anticoagulant.,The patient has an irregular heartbeat (atrial fibrillation) and was given blood thinners.
She underwent a colonoscopy which revealed multiple polyps.,She had a camera test of the colon (colonoscopy) that showed several growths (polyps).
The patient was treated for diabetic ketoacidosis (DKA).,The patient was treated for a serious complication of diabetes (diabetic ketoacidosis).
He was diagnosed with essential hypertension and prescribed an ACE inhibitor.,He was diagnosed with high blood pressure (essential hypertension) and given medicine to lower it (ACE inhibitor).
She was treated for a urinary tract infection (UTI) with antibiotics.,She was treated for a bladder infection (urinary tract infection) with antibiotics.
The patient was diagnosed with irritable bowel syndrome (IBS).,The patient was diagnosed with a condition causing stomach pain and bowel problems (irritable bowel syndrome).
He was given a bronchodilator for his asthma.,He was given medicine to help open his airways (bronchodilator) for his asthma.
The patient was diagnosed with chronic kidney disease (CKD).,The patient was diagnosed with long-term kidney problems (chronic kidney disease).
She was treated for an acute exacerbation of asthma with corticosteroids.,She was treated for a sudden worsening of asthma with anti-inflammatory medicine (corticosteroids).
The MRI scan revealed a pituitary adenoma.,The brain scan showed a non-cancerous tumor in the pituitary gland (pituitary adenoma).
The patient was prescribed a beta-blocker for angina pectoris.,The patient was given medicine to reduce chest pain from heart problems (beta-blocker for angina).
He was treated for acute bacterial sinusitis with antibiotics.,He was treated for a sudden sinus infection caused by bacteria (acute bacterial sinusitis) with antibiotics.
The patient was diagnosed with herpes zoster and prescribed antiviral medication.,The patient was diagnosed with shingles (herpes zoster) and given medicine to fight the virus.
She underwent a bilateral salpingo-oophorectomy for ovarian cancer.,She had surgery to remove both ovaries and fallopian tubes to treat ovarian cancer (bilateral salpingo-oophorectomy).
The patient was treated for bacterial endocarditis with intravenous antibiotics.,The patient was treated for a heart infection caused by bacteria (bacterial endocarditis) with antibiotics given through a vein.
He was diagnosed with epilepsy and started on antiepileptic drugs (AEDs).,He was diagnosed with a condition causing seizures (epilepsy) and started on medicine to prevent seizures (antiepileptic drugs).
The CT scan revealed a small bowel obstruction.,The scan showed a blockage in the small intestine (small bowel obstruction).
She was diagnosed with hypothyroidism and prescribed levothyroxine.,She was diagnosed with an underactive thyroid gland (hypothyroidism) and given thyroid hormone replacement (levothyroxine).
The patient has a history of chronic venous insufficiency (CVI).,The patient has a history of poor blood flow in the veins (chronic venous insufficiency).
He presented with a ruptured Achilles tendon.,He had a torn tendon in the back of his ankle (ruptured Achilles tendon).
The patient was treated for acute pancreatitis with intravenous fluids.,The patient was treated for sudden inflammation of the pancreas (acute pancreatitis) with fluids given through a vein.
She was diagnosed with osteoarthritis and started on NSAIDs.,She was diagnosed with joint wear and tear (osteoarthritis) and given anti-inflammatory painkillers (NSAIDs).
The patient was admitted for acute myocardial infarction (AMI).,The patient was admitted for a heart attack (acute myocardial infarction).
He was diagnosed with gastroenteritis and prescribed oral rehydration therapy.,He had an infection of the stomach and intestines (gastroenteritis) and was given fluids to drink (oral rehydration therapy).
The CT scan showed a pulmonary embolism (PE).,The scan showed a blood clot in the lungs (pulmonary embolism).
She was diagnosed with systemic lupus erythematosus (SLE).,She was diagnosed with a disease where the immune system attacks the body (systemic lupus erythematosus).
The patient was treated for major depressive disorder (MDD) with an SSRI.,The patient was treated for severe depression (major depressive disorder) with a type of antidepressant (SSRI).
He presented with acute otitis media (AOM).,He had a middle ear infection (acute otitis media).
She underwent total hip arthroplasty.,She had surgery to replace her hip joint (total hip arthroplasty).
The patient was treated for severe hypoglycemia with intravenous glucose.,The patient was treated for very low blood sugar (severe hypoglycemia) with sugar given through a vein.
He has a history of ischemic heart disease (IHD).,He has a history of heart problems due to narrowed arteries (ischemic heart disease).
The patient was treated for acute exacerbation of chronic obstructive pulmonary disease (AECOPD).,The patient was treated for a sudden worsening of their long-term lung disease (COPD).
She was diagnosed with endometriosis and started on hormonal therapy.,She was diagnosed with a condition where tissue like the lining of the uterus grows outside it (endometriosis) and was given hormone treatment.
The MRI revealed a meniscal tear in the right knee.,The scan showed a tear in the cartilage of the right knee (meniscal tear).
He was diagnosed with gastroesophageal reflux disease (GERD) and prescribed a proton pump inhibitor (PPI).,He was diagnosed with acid reflux (GERD) and given medicine to reduce stomach acid (proton pump inhibitor).
The patient has a history of atrial fibrillation and was started on an anticoagulant.,The patient has an irregular heartbeat (atrial fibrillation) and was given blood thinners.
She underwent a colonoscopy which revealed multiple polyps.,She had a camera test of the colon (colonoscopy) that showed several growths (polyps).
The patient was treated for diabetic ketoacidosis (DKA).,The patient was treated for a serious complication of diabetes (diabetic ketoacidosis).
He was diagnosed with essential hypertension and prescribed an ACE inhibitor.,He was diagnosed with high blood pressure (essential hypertension) and given medicine to lower it (ACE inhibitor).
She was treated for a urinary tract infection (UTI) with antibiotics.,She was treated for a bladder infection (urinary tract infection) with antibiotics.
The patient was diagnosed with irritable bowel syndrome (IBS).,The patient was diagnosed with a condition causing stomach pain and bowel problems (irritable bowel syndrome).
He was given a bronchodilator for his asthma.,He was given medicine to help open his airways (bronchodilator) for his asthma.
The patient was diagnosed with chronic kidney disease (CKD).,The patient was diagnosed with long-term kidney problems (chronic kidney disease).
She was treated for an acute exacerbation of asthma with corticosteroids.,She was treated for a sudden worsening of asthma with anti-inflammatory medicine (corticosteroids).
The MRI scan revealed a pituitary adenoma.,The brain scan showed a non-cancerous tumor in the pituitary gland (pituitary adenoma).
The patient was prescribed a beta-blocker for angina pectoris.,The patient was given medicine to reduce chest pain from heart problems (beta-blocker for angina).
He was treated for acute bacterial sinusitis with antibiotics.,He was treated for a sudden sinus infection caused by bacteria (acute bacterial sinusitis) with antibiotics.
The patient was diagnosed with herpes zoster and prescribed antiviral medication.,The patient was diagnosed with shingles (herpes zoster) and given medicine to fight the virus.
She underwent a bilateral salpingo-oophorectomy for ovarian cancer.,She had surgery to remove both ovaries and fallopian tubes to treat ovarian cancer (bilateral salpingo-oophorectomy).
The patient was treated for bacterial endocarditis with intravenous antibiotics.,The patient was treated for a heart infection caused by bacteria (bacterial endocarditis) with antibiotics given through a vein.
He was diagnosed with epilepsy and started on antiepileptic drugs (AEDs).,He was diagnosed with a condition causing seizures (epilepsy) and started on medicine to prevent seizures (antiepileptic drugs).
The CT scan revealed a small bowel obstruction.,The scan showed a blockage in the small intestine (small bowel obstruction).
She was diagnosed with hypothyroidism and prescribed levothyroxine.,She was diagnosed with an underactive thyroid gland (hypothyroidism) and given thyroid hormone replacement (levothyroxine).
The patient has a history of chronic venous insufficiency (CVI).,The patient has a history of poor blood flow in the veins (chronic venous insufficiency).
He presented with a ruptured Achilles tendon.,He had a torn tendon in the back of his ankle (ruptured Achilles tendon).
The patient was treated for acute pancreatitis with intravenous fluids.,The patient was treated for sudden inflammation of the pancreas (acute pancreatitis) with fluids given through a vein.
She was diagnosed with osteoarthritis and started on NSAIDs.,She was diagnosed with joint wear and tear (osteoarthritis) and given anti-inflammatory painkillers (NSAIDs).
The patient was admitted for acute myocardial infarction (AMI).,The patient was admitted for a heart attack (acute myocardial infarction).
He was diagnosed with gastroenteritis and prescribed oral rehydration therapy.,He had an infection of the stomach and intestines (gastroenteritis) and was given fluids to drink (oral rehydration therapy).
The CT scan showed a pulmonary embolism (PE).,The scan showed a blood clot in the lungs (pulmonary embolism).
She was diagnosed with systemic lupus erythematosus (SLE).,She was diagnosed with a disease where the immune system attacks the body (systemic lupus erythematosus).
The patient was treated for major depressive disorder (MDD) with an SSRI.,The patient was treated for severe depression (major depressive disorder) with a type of antidepressant (SSRI).
He presented with acute otitis media (AOM).,He had a middle ear infection (acute otitis media).
She underwent total hip arthroplasty.,She had surgery to replace her hip joint (total hip arthroplasty).
The patient was treated for severe hypoglycemia with intravenous glucose.,The patient was treated for very low blood sugar (severe hypoglycemia) with sugar given through a vein.
He has a history of ischemic heart disease (IHD).,He has a history of heart problems due to narrowed arteries (ischemic heart disease).
The patient was treated for acute exacerbation of chronic obstructive pulmonary disease (AECOPD).,The patient was treated for a sudden worsening of their long-term lung disease (COPD).
She was diagnosed with endometriosis and started on hormonal therapy.,She was diagnosed with a condition where tissue like the lining of the uterus grows outside it (endometriosis) and was given hormone treatment.
The MRI revealed a meniscal tear in the right knee.,The scan showed a tear in the cartilage of the right knee (meniscal tear).
He was diagnosed with gastroesophageal reflux disease (GERD) and prescribed a proton pump inhibitor (PPI).,He was diagnosed with acid reflux (GERD) and given medicine to reduce stomach acid (proton pump inhibitor).
The patient has a history of atrial fibrillation and was started on an anticoagulant.,The patient has an irregular heartbeat (atrial fibrillation) and was given blood thinners.
She underwent a colonoscopy which revealed multiple polyps.,She had a camera test of the colon (colonoscopy) that showed several growths (polyps).
The patient was treated for diabetic ketoacidosis (DKA).,The patient was treated for a serious complication of diabetes (diabetic ketoacidosis).
He was diagnosed with essential hypertension and prescribed an ACE inhibitor.,He was diagnosed with high blood pressure (essential hypertension) and given medicine to lower it (ACE inhibitor).
She was treated for a urinary tract infection (UTI) with antibiotics.,She was treated for a bladder infection (urinary tract infection) with antibiotics.
The patient was diagnosed with irritable bowel syndrome (IBS).,The patient was diagnosed with a condition causing stomach pain and bowel problems (irritable bowel syndrome).
He was given a bronchodilator for his asthma.,He was given medicine to help open his airways (bronchodilator) for his asthma.
The patient was diagnosed with chronic kidney disease (CKD).,The patient was diagnosed with long-term kidney problems (chronic kidney disease).
She was treated for an acute exacerbation of asthma with corticosteroids.,She was treated for a sudden worsening of asthma with anti-inflammatory medicine (corticosteroids).
The MRI scan revealed a pituitary adenoma.,The brain scan showed a non-cancerous tumor in the pituitary gland (pituitary adenoma).
The patient was prescribed a beta-blocker for angina pectoris.,The patient was given medicine to reduce chest pain from heart problems (beta-blocker for angina).
He was treated for acute bacterial sinusitis with antibiotics.,He was treated for a sudden sinus infection caused by bacteria (acute bacterial sinusitis) with antibiotics.
The patient was diagnosed with herpes zoster and prescribed antiviral medication.,The patient was diagnosed with shingles (herpes zoster) and given medicine to fight the virus.
The patient presented with acute myocardial infarction.,The patient had a heart attack (acute myocardial infarction).
He was diagnosed with hypertension and prescribed antihypertensive medication.,He was diagnosed with high blood pressure (hypertension) and given medicine to lower it (antihypertensive medication).
The child has been experiencing intermittent episodes of pyrexia.,The child has been having occasional fevers (intermittent episodes of pyrexia).
She underwent a laparoscopic cholecystectomy.,She had her gallbladder removed with a minimally invasive surgery (laparoscopic cholecystectomy).
The patient has a history of chronic obstructive pulmonary disease.,The patient has a long-term lung disease that makes it hard to breathe (chronic obstructive pulmonary disease).
He was treated for bacterial endocarditis.,He was treated for an infection of the heart lining (bacterial endocarditis).
The patient underwent an echocardiogram to assess cardiac function.,The patient had an ultrasound of the heart (echocardiogram) to check how well it works (cardiac function).
She has a history of transient ischemic attacks.,She has had mini-strokes (transient ischemic attacks) in the past.
He was prescribed a bronchodilator for his asthma.,He was given medicine to help open his airways (bronchodilator) for his asthma.
The patient experienced a cerebrovascular accident.,The patient had a stroke (cerebrovascular accident).
She was diagnosed with gestational diabetes mellitus.,She was diagnosed with diabetes that occurs during pregnancy (gestational diabetes mellitus).
The patient received an intravenous infusion of saline.,The patient got a saltwater solution (saline) through a vein (intravenous infusion).
He suffers from gastroesophageal reflux disease.,He has a condition where stomach acid frequently flows back into the tube connecting the mouth and stomach (gastroesophageal reflux disease).
The child was treated for otitis media with antibiotics.,The child was treated for a middle ear infection (otitis media) with antibiotics.
She has been diagnosed with rheumatoid arthritis.,She has been diagnosed with a type of arthritis that causes pain and swelling in the joints (rheumatoid arthritis).
He was administered an anticoagulant to prevent thrombosis.,He was given a blood thinner (anticoagulant) to prevent blood clots (thrombosis).
The patient has a history of peptic ulcer disease.,The patient has had stomach ulcers (peptic ulcer disease) in the past.
She underwent a coronary artery bypass graft surgery.,She had surgery to improve blood flow to the heart (coronary artery bypass graft surgery).
The diagnosis of type 2 diabetes mellitus was confirmed.,It was confirmed that the patient has type 2 diabetes.
He was treated for deep vein thrombosis.,He was treated for a blood clot in a deep vein (deep vein thrombosis).
The patient was intubated for respiratory failure.,The patient had a breathing tube inserted (intubated) because they couldn't breathe properly (respiratory failure).
She experienced an exacerbation of chronic bronchitis.,Her long-term bronchitis (chronic bronchitis) got worse (exacerbation).
He was diagnosed with benign prostatic hyperplasia.,He was diagnosed with an enlarged prostate (benign prostatic hyperplasia).
The patient was treated for community-acquired pneumonia.,The patient was treated for pneumonia caught outside of a hospital (community-acquired pneumonia).
She presented with symptoms of hyperthyroidism.,She showed symptoms of an overactive thyroid gland (hyperthyroidism).
The patient was admitted with a diagnosis of congestive heart failure.,The patient was admitted to the hospital because of heart failure (congestive heart failure).
He was prescribed a diuretic for his edema.,He was given a medicine to help remove excess water from his body (diuretic) for his swelling (edema).
She underwent an elective hysterectomy.,She chose to have surgery to remove her uterus (elective hysterectomy).
The patient experienced acute renal failure.,The patient had a sudden loss of kidney function (acute renal failure).
He was diagnosed with peripheral arterial disease.,He was diagnosed with poor blood flow to his limbs (peripheral arterial disease).
She was treated for a urinary tract infection.,She was treated for an infection in her urinary system (urinary tract infection).
The patient presented with signs of dehydration.,The patient showed signs of not having enough fluids in the body (dehydration).
He has a history of alcohol use disorder.,He has had problems with drinking too much alcohol (alcohol use disorder) in the past.
The patient experienced an adverse reaction to the medication.,The patient had a bad reaction to the medicine (adverse reaction).
She was diagnosed with bipolar disorder.,She was diagnosed with a mental health condition that causes extreme mood swings (bipolar disorder).
The patient was prescribed insulin for diabetes management.,The patient was given insulin to help control their diabetes.
He was admitted with acute pancreatitis.,He was admitted to the hospital with sudden inflammation of the pancreas (acute pancreatitis).
The child was treated for a streptococcal pharyngitis.,The child was treated for a strep throat infection (streptococcal pharyngitis).
She has a history of chronic kidney disease.,She has had long-term kidney problems (chronic kidney disease) in the past.
The patient underwent a colonoscopy to screen for colorectal cancer.,The patient had a test to check for colon cancer (colonoscopy).
He was diagnosed with obstructive sleep apnea.,He was diagnosed with a condition where breathing stops and starts during sleep (obstructive sleep apnea).
The patient received chemotherapy for breast cancer.,The patient received medicine to treat breast cancer (chemotherapy).
She was admitted with symptoms of congestive heart failure.,She was admitted to the hospital with symptoms of heart failure (congestive heart failure).
He was diagnosed with atrial fibrillation.,He was diagnosed with an irregular heartbeat (atrial fibrillation).
The patient was treated for anaphylaxis.,The patient was treated for a severe allergic reaction (anaphylaxis).
She underwent a mastectomy for breast cancer.,She had surgery to remove her breast (mastectomy) to treat breast cancer.
The patient experienced a transient ischemic attack.,The patient had a mini-stroke (transient ischemic attack).
He was prescribed an antibiotic for his infection.,He was given medicine to treat his infection (antibiotic).
The child was diagnosed with attention-deficit hyperactivity disorder.,"The child was diagnosed with ADHD, a condition that affects focus and behavior (attention-deficit hyperactivity disorder)."
The patient underwent a total hip arthroplasty.,The patient had surgery to replace their hip joint (total hip arthroplasty).
She was treated for an episode of deep vein thrombosis.,She was treated for a blood clot in a deep vein (deep vein thrombosis).
He was diagnosed with chronic lymphocytic leukemia.,He was diagnosed with a type of blood cancer (chronic lymphocytic leukemia).
The patient was treated for septic shock.,The patient was treated for a severe infection causing organ failure and low blood pressure (septic shock).
She has a history of recurrent urinary tract infections.,She has had frequent bladder infections (recurrent urinary tract infections) in the past.
The patient experienced a myocardial infarction.,The patient had a heart attack (myocardial infarction).
He was diagnosed with chronic obstructive pulmonary disease.,He was diagnosed with a long-term lung disease that makes it hard to breathe (chronic obstructive pulmonary disease).
The patient was treated for a peptic ulcer.,The patient was treated for a sore in the stomach lining (peptic ulcer).
She underwent a total knee arthroplasty.,She had surgery to replace her knee joint (total knee arthroplasty).
He was diagnosed with Parkinson's disease.,He was diagnosed with a condition that affects movement (Parkinson's disease).
The patient was admitted with an acute exacerbation of COPD.,The patient was admitted to the hospital because their chronic lung disease (COPD) got worse suddenly (acute exacerbation).
She has a history of ischemic stroke.,She has had a stroke caused by a blockage in a blood vessel (ischemic stroke) in the past.
The patient experienced an episode of atrial fibrillation.,The patient had a period of irregular heartbeat (atrial fibrillation).
He was treated for acute bacterial sinusitis.,He was treated for a sudden infection of the sinuses caused by bacteria (acute bacterial sinusitis).
The child was diagnosed with celiac disease.,The child was diagnosed with a condition where eating gluten causes damage to the small intestine (celiac disease).
The patient underwent an appendectomy.,The patient had surgery to remove their appendix (appendectomy).
He was diagnosed with hepatic encephalopathy.,He was diagnosed with brain dysfunction caused by liver disease (hepatic encephalopathy).
The patient was treated for diabetic ketoacidosis.,The patient was treated for a serious complication of diabetes where the body produces too many acids (diabetic ketoacidosis).
She was diagnosed with systemic lupus erythematosus.,She was diagnosed with an autoimmune disease that affects many parts of the body (systemic lupus erythematosus).
The patient experienced a subarachnoid hemorrhage.,The patient had bleeding in the space around the brain (subarachnoid hemorrhage).
He was prescribed a beta-blocker for hypertension.,He was given medicine to lower his blood pressure (beta-blocker).
She was treated for community-acquired pneumonia with antibiotics.,She was treated for pneumonia caught outside of a hospital (community-acquired pneumonia) with antibiotics.
The patient underwent a renal biopsy.,The patient had a small piece of kidney tissue removed for testing (renal biopsy).
He was diagnosed with ulcerative colitis.,He was diagnosed with a condition that causes inflammation and sores in the colon (ulcerative colitis).
The patient was admitted with an acute exacerbation of asthma.,The patient was admitted to the hospital because their asthma got worse suddenly (acute exacerbation).
She was treated for deep vein thrombosis with anticoagulants.,She was treated for a blood clot in a deep vein (deep vein thrombosis) with blood thinners (anticoagulants).
He was treated for anaphylactic shock.,He was treated for a severe allergic reaction causing life-threatening symptoms (anaphylactic shock).
The patient experienced a hypertensive crisis.,"The patient had a sudden, severe increase in blood pressure (hypertensive crisis)."
She was diagnosed with primary biliary cirrhosis.,She was diagnosed with a disease that slowly destroys the bile ducts in the liver (primary biliary cirrhosis).
The patient was treated for acute respiratory distress syndrome.,The patient was treated for a severe lung condition that makes it hard to breathe (acute respiratory distress syndrome).
He underwent a transurethral resection of the prostate.,He had surgery to remove part of the prostate through the urethra (transurethral resection of the prostate).
The patient was diagnosed with temporal arteritis.,The patient was diagnosed with inflammation of the blood vessels in the temples (temporal arteritis).
She was treated for a pulmonary embolism.,She was treated for a blood clot in the lungs (pulmonary embolism).
The patient was diagnosed with metastatic melanoma.,The patient was diagnosed with advanced skin cancer that has spread to other parts of the body (metastatic melanoma).
He was diagnosed with congestive heart failure and prescribed a diuretic.,He was diagnosed with heart failure (congestive heart failure) and given medicine to help remove excess water from his body (diuretic).
The patient was treated for an exacerbation of chronic obstructive pulmonary disease.,The patient was treated because their long-term lung disease (COPD) got worse (exacerbation).
She was diagnosed with mitral valve prolapse.,She was diagnosed with a condition where one of the heart valves doesn't close properly (mitral valve prolapse).
The patient underwent a percutaneous coronary intervention.,The patient had a procedure to open narrowed blood vessels in the heart (percutaneous coronary intervention).
He was treated for acute bronchitis.,He was treated for a sudden inflammation of the airways in the lungs (acute bronchitis).
The child was diagnosed with atopic dermatitis.,"The child was diagnosed with a type of eczema that causes itchy, inflamed skin (atopic dermatitis)."
The patient was treated for atrial fibrillation with an antiarrhythmic medication.,The patient was treated for an irregular heartbeat (atrial fibrillation) with medicine to control the heart rhythm (antiarrhythmic medication).
He was diagnosed with chronic hepatitis C.,He was diagnosed with a long-term liver infection caused by the hepatitis C virus (chronic hepatitis C).
The patient experienced a pneumothorax.,The patient had a collapsed lung (pneumothorax).
She was treated for acute pancreatitis with intravenous fluids and pain management.,She was treated for sudden inflammation of the pancreas (acute pancreatitis) with fluids given through a vein and pain relief.
The patient was diagnosed with amyotrophic lateral sclerosis.,The patient was diagnosed with a disease that affects nerve cells in the brain and spinal cord (amyotrophic lateral sclerosis).
He was treated for bacterial meningitis.,He was treated for an infection of the protective membranes covering the brain and spinal cord (bacterial meningitis).
The patient underwent a cardiac catheterization.,The patient had a procedure to check the blood flow in the heart's arteries (cardiac catheterization).
She was diagnosed with multiple sclerosis.,She was diagnosed with a disease that affects the brain and spinal cord (multiple sclerosis).
The patient was treated for aortic dissection.,The patient was treated for a serious condition where there is a tear in the wall of the major artery from the heart (aortic dissection).
He was diagnosed with type 1 diabetes mellitus.,"He was diagnosed with type 1 diabetes, where the body doesn't produce insulin."
The patient experienced an episode of ventricular tachycardia.,The patient had a period of very fast heart rate (ventricular tachycardia).
She was treated for an ectopic pregnancy.,She was treated for a pregnancy that occurs outside the uterus (ectopic pregnancy).
The patient was diagnosed with Hodgkin's lymphoma.,The patient was diagnosed with a type of cancer that affects the lymphatic system (Hodgkin's lymphoma).
He was treated for acute pyelonephritis.,He was treated for a sudden kidney infection (acute pyelonephritis).
The patient experienced an ischemic stroke.,The patient had a stroke caused by a blockage in a blood vessel (ischemic stroke).
She was diagnosed with peripheral neuropathy.,"She was diagnosed with nerve damage that causes pain, numbness, and weakness, usually in the hands and feet (peripheral neuropathy)."
The patient was treated for osteoarthritis.,The patient was treated for a condition that causes joint pain and stiffness (osteoarthritis).
He was diagnosed with Barrett's esophagus.,He was diagnosed with a condition where the lining of the esophagus changes due to acid reflux (Barrett's esophagus).
The patient underwent a carotid endarterectomy.,The patient had surgery to remove plaque buildup in the carotid artery (carotid endarterectomy).
She was diagnosed with fibromyalgia.,She was diagnosed with a condition that causes widespread pain and fatigue (fibromyalgia).
The patient experienced a transient ischemic attack and was prescribed aspirin.,The patient had a mini-stroke (transient ischemic attack) and was given aspirin to prevent future strokes.
He was diagnosed with gout.,He was diagnosed with a type of arthritis that causes severe pain and swelling in the joints (gout).
The patient was treated for a pulmonary embolism with anticoagulants.,The patient was treated for a blood clot in the lungs (pulmonary embolism) with blood thinners (anticoagulants).
She was diagnosed with polymyalgia rheumatica.,"She was diagnosed with a condition that causes muscle pain and stiffness, especially in the shoulders (polymyalgia rheumatica)."
The patient was treated for nephrotic syndrome.,The patient was treated for a kidney disorder that causes the body to excrete too much protein in the urine (nephrotic syndrome).
He was diagnosed with colorectal cancer and underwent a colectomy.,He was diagnosed with colon cancer (colorectal cancer) and had surgery to remove part of his colon (colectomy).
The patient experienced a hypertensive emergency.,"The patient had a sudden, extremely high blood pressure crisis (hypertensive emergency)."
She was treated for bacterial vaginosis.,She was treated for an infection in the vagina caused by bacteria (bacterial vaginosis).
The patient was diagnosed with acute lymphoblastic leukemia.,The patient was diagnosed with a type of blood cancer that affects white blood cells (acute lymphoblastic leukemia).
He was treated for acute cholecystitis.,He was treated for a sudden inflammation of the gallbladder (acute cholecystitis).
The patient was diagnosed with multiple myeloma.,The patient was diagnosed with a type of cancer that affects plasma cells in the bone marrow (multiple myeloma).
She was treated for acute otitis externa.,She was treated for an infection in the outer ear canal (acute otitis externa).
The patient experienced a hypertensive urgency.,"The patient had a sudden, high blood pressure situation that needed attention but was not life-threatening (hypertensive urgency)."
He was diagnosed with chronic hepatitis B.,He was diagnosed with a long-term liver infection caused by the hepatitis B virus (chronic hepatitis B).
The patient was treated for herpes zoster.,"The patient was treated for shingles, a painful rash caused by the chickenpox virus (herpes zoster)."
She was diagnosed with idiopathic pulmonary fibrosis.,She was diagnosed with a lung disease that causes scarring of the lung tissue for unknown reasons (idiopathic pulmonary fibrosis).
The patient was treated for a myocardial infarction with thrombolytic therapy.,The patient was treated for a heart attack (myocardial infarction) with medicine to dissolve blood clots (thrombolytic therapy).
He was diagnosed with benign paroxysmal positional vertigo.,He was diagnosed with a condition that causes brief episodes of dizziness when moving the head (benign paroxysmal positional vertigo).
The patient experienced an episode of supraventricular tachycardia.,The patient had a period of very fast heart rate starting above the heart's ventricles (supraventricular tachycardia).
She was treated for a bronchial asthma exacerbation.,She was treated because her asthma symptoms suddenly got worse (bronchial asthma exacerbation).
The patient was diagnosed with Ménière's disease.,The patient was diagnosed with a disorder that affects the inner ear and causes dizziness and hearing loss (Ménière's disease).
He was treated for viral gastroenteritis.,He was treated for a stomach infection caused by a virus (viral gastroenteritis).
The patient experienced a transient ischemic attack and was prescribed antiplatelet therapy.,The patient had a mini-stroke (transient ischemic attack) and was given medicine to prevent blood clots (antiplatelet therapy).
She was diagnosed with Graves' disease.,She was diagnosed with an autoimmune disorder that causes the thyroid to be overactive (Graves' disease).
The patient was treated for hyperkalemia.,The patient was treated for high potassium levels in the blood (hyperkalemia).
He was diagnosed with hereditary hemochromatosis.,He was diagnosed with a genetic condition that causes the body to absorb too much iron (hereditary hemochromatosis).
The patient experienced a pulmonary embolism and was prescribed anticoagulant therapy.,The patient had a blood clot in the lungs (pulmonary embolism) and was given blood thinners (anticoagulant therapy).
She was treated for bacterial pneumonia.,She was treated for a lung infection caused by bacteria (bacterial pneumonia).
The patient was diagnosed with primary hypertension.,The patient was diagnosed with high blood pressure that doesn't have a known cause (primary hypertension).
He was treated for hyperthyroidism.,He was treated for an overactive thyroid gland (hyperthyroidism).
The patient experienced an ischemic stroke and underwent thrombolytic therapy.,The patient had a stroke caused by a blockage in a blood vessel (ischemic stroke) and was given medicine to dissolve the clot (thrombolytic therapy).
She was diagnosed with chronic myelogenous leukemia.,She was diagnosed with a type of blood cancer that affects white blood cells (chronic myelogenous leukemia).
The patient was treated for congestive heart failure with a diuretic.,The patient was treated for heart failure (congestive heart failure) with medicine to remove excess water from the body (diuretic).
He was diagnosed with obstructive sleep apnea and prescribed a CPAP machine.,He was diagnosed with a condition where breathing stops and starts during sleep (obstructive sleep apnea) and was given a machine to help keep the airway open (CPAP machine).
The patient experienced an acute exacerbation of COPD.,The patient's chronic lung disease (COPD) suddenly got worse (acute exacerbation).
She was treated for acute kidney injury.,She was treated for a sudden loss of kidney function (acute kidney injury).
The patient was diagnosed with essential thrombocythemia.,The patient was diagnosed with a disorder where the body produces too many blood platelets (essential thrombocythemia).
He was treated for gout with a uric acid-lowering medication.,He was treated for a type of arthritis that causes severe pain and swelling (gout) with medicine to lower uric acid levels.
The patient was diagnosed with non-Hodgkin's lymphoma.,The patient was diagnosed with a type of cancer that affects the lymphatic system (non-Hodgkin's lymphoma).
She was treated for deep vein thrombosis with anticoagulants.,She was treated for a blood clot in a deep vein (deep vein thrombosis) with blood thinners (anticoagulants).
The patient was diagnosed with primary biliary cirrhosis.,The patient was diagnosed with a disease that slowly destroys the bile ducts in the liver (primary biliary cirrhosis).
He was treated for a myocardial infarction with thrombolytic therapy.,He was treated for a heart attack (myocardial infarction) with medicine to dissolve blood clots (thrombolytic therapy).
The patient experienced an episode of ventricular fibrillation.,"The patient had a period of very fast, irregular heartbeats (ventricular fibrillation)."
She was diagnosed with primary hyperparathyroidism.,She was diagnosed with a condition where the parathyroid glands produce too much hormone (primary hyperparathyroidism).
The patient was treated for a pulmonary embolism with anticoagulants.,The patient was treated for a blood clot in the lungs (pulmonary embolism) with blood thinners (anticoagulants).
He was diagnosed with chronic obstructive pulmonary disease.,He was diagnosed with a long-term lung disease that makes it hard to breathe (chronic obstructive pulmonary disease).
The patient was treated for a urinary tract infection with antibiotics.,The patient was treated for an infection in the urinary system (urinary tract infection) with antibiotics.
She was diagnosed with primary hyperaldosteronism.,She was diagnosed with a condition where the adrenal glands produce too much hormone (primary hyperaldosteronism).
The patient was treated for acute pyelonephritis with antibiotics.,The patient was treated for a sudden kidney infection (acute pyelonephritis) with antibiotics.
He was diagnosed with hereditary hemochromatosis and prescribed phlebotomy therapy.,He was diagnosed with a genetic condition that causes the body to absorb too much iron (hereditary hemochromatosis) and was given blood removal treatments (phlebotomy therapy).
The patient was treated for chronic hepatitis C with antiviral medication.,The patient was treated for a long-term liver infection caused by the hepatitis C virus (chronic hepatitis C) with antiviral medicine.
She was diagnosed with acute coronary syndrome.,"She was diagnosed with a range of conditions associated with sudden, reduced blood flow to the heart (acute coronary syndrome)."
The patient experienced an ischemic stroke and was treated with thrombolytic therapy.,The patient had a stroke caused by a blockage in a blood vessel (ischemic stroke) and was given medicine to dissolve the clot (thrombolytic therapy).
He was treated for acute appendicitis with an appendectomy.,He was treated for sudden inflammation of the appendix (acute appendicitis) with surgery to remove it (appendectomy).
The patient was diagnosed with chronic lymphocytic leukemia and prescribed chemotherapy.,The patient was diagnosed with a type of blood cancer (chronic lymphocytic leukemia) and was given medicine to treat it (chemotherapy).
She was treated for anaphylactic shock with epinephrine.,She was treated for a severe allergic reaction causing life-threatening symptoms (anaphylactic shock) with a shot of adrenaline (epinephrine).
The patient was diagnosed with primary sclerosing cholangitis.,The patient was diagnosed with a disease that causes inflammation and scarring of the bile ducts in the liver (primary sclerosing cholangitis).
He was treated for acute pancreatitis with intravenous fluids and pain management.,He was treated for sudden inflammation of the pancreas (acute pancreatitis) with fluids given through a vein and pain relief.
The patient was diagnosed with idiopathic pulmonary fibrosis.,The patient was diagnosed with a lung disease that causes scarring of the lung tissue for unknown reasons (idiopathic pulmonary fibrosis).
She was treated for a myocardial infarction with thrombolytic therapy.,She was treated for a heart attack (myocardial infarction) with medicine to dissolve blood clots (thrombolytic therapy).
The patient was diagnosed with benign paroxysmal positional vertigo and prescribed vestibular rehabilitation.,The patient was diagnosed with a condition that causes brief episodes of dizziness when moving the head (benign paroxysmal positional vertigo) and was given exercises to improve balance (vestibular rehabilitation).
He was treated for acute bronchitis with antibiotics.,He was treated for a sudden infection of the airways in the lungs (acute bronchitis) with antibiotics.
The patient experienced an episode of supraventricular tachycardia and was prescribed antiarrhythmic medication.,The patient had a period of very fast heart rate starting above the heart's ventricles (supraventricular tachycardia) and was given medicine to control the heart rhythm (antiarrhythmic medication).
She was diagnosed with chronic myelogenous leukemia and prescribed chemotherapy.,She was diagnosed with a type of blood cancer (chronic myelogenous leukemia) and was given medicine to treat it (chemotherapy).
The patient was treated for congestive heart failure with a diuretic and an ACE inhibitor.,The patient was treated for heart failure (congestive heart failure) with medicine to remove excess water from the body (diuretic) and medicine to relax blood vessels (ACE inhibitor).
He was diagnosed with primary biliary cirrhosis and prescribed ursodeoxycholic acid.,He was diagnosed with a disease that slowly destroys the bile ducts in the liver (primary biliary cirrhosis) and was given medicine to help with the condition (ursodeoxycholic acid).
The patient experienced a hypertensive emergency and was treated with intravenous antihypertensives.,"The patient had a sudden, extremely high blood pressure crisis (hypertensive emergency) and was given medicine through a vein to lower it (intravenous antihypertensives)."
She was treated for bacterial meningitis with intravenous antibiotics.,She was treated for an infection of the protective membranes covering the brain and spinal cord (bacterial meningitis) with antibiotics given through a vein (intravenous antibiotics).
The patient was diagnosed with amyotrophic lateral sclerosis and prescribed riluzole.,The patient was diagnosed with a disease that affects nerve cells in the brain and spinal cord (amyotrophic lateral sclerosis) and was given medicine to help slow it down (riluzole).
He was treated for acute pyelonephritis with intravenous antibiotics.,He was treated for a sudden kidney infection (acute pyelonephritis) with antibiotics given through a vein (intravenous antibiotics).
The patient was diagnosed with chronic hepatitis B and prescribed antiviral medication.,The patient was diagnosed with a long-term liver infection caused by the hepatitis B virus (chronic hepatitis B) and was given antiviral medicine.
She was treated for viral gastroenteritis with oral rehydration therapy.,She was treated for a stomach infection caused by a virus (viral gastroenteritis) with fluids and electrolytes (oral rehydration therapy).
The patient experienced an episode of ventricular tachycardia and was treated with cardioversion.,The patient had a period of very fast heart rate (ventricular tachycardia) and was treated with a procedure to restore normal heart rhythm (cardioversion).
He was diagnosed with hyperthyroidism and prescribed methimazole.,He was diagnosed with an overactive thyroid gland (hyperthyroidism) and was given medicine to help control it (methimazole).
The patient was treated for acute coronary syndrome with percutaneous coronary intervention.,"The patient was treated for a range of conditions associated with sudden, reduced blood flow to the heart (acute coronary syndrome) with a procedure to open narrowed blood vessels in the heart (percutaneous coronary intervention)."
She was diagnosed with chronic myelogenous leukemia and prescribed imatinib.,She was diagnosed with a type of blood cancer (chronic myelogenous leukemia) and was given medicine to treat it (imatinib).
The patient was treated for congestive heart failure with a diuretic and beta-blocker.,The patient was treated for heart failure (congestive heart failure) with medicine to remove excess water from the body (diuretic) and medicine to help the heart beat more slowly and with less force (beta-blocker).
He was diagnosed with primary hyperaldosteronism and prescribed spironolactone.,He was diagnosed with a condition where the adrenal glands produce too much hormone (primary hyperaldosteronism) and was given medicine to help with the condition (spironolactone).
The patient experienced a hypertensive urgency and was treated with oral antihypertensives.,"The patient had a sudden, high blood pressure situation that needed attention but was not life-threatening (hypertensive urgency) and was given medicine to lower it (oral antihypertensives)."
She was treated for bacterial vaginosis with oral antibiotics.,She was treated for an infection in the vagina caused by bacteria (bacterial vaginosis) with antibiotics taken by mouth (oral antibiotics).
The patient was diagnosed with acute lymphoblastic leukemia and prescribed chemotherapy.,The patient was diagnosed with a type of blood cancer that affects white blood cells (acute lymphoblastic leukemia) and was given medicine to treat it (chemotherapy).
He was treated for acute cholecystitis with intravenous antibiotics.,He was treated for a sudden inflammation of the gallbladder (acute cholecystitis) with antibiotics given through a vein (intravenous antibiotics).
The patient was diagnosed with multiple myeloma and prescribed chemotherapy.,The patient was diagnosed with a type of cancer that affects plasma cells in the bone marrow (multiple myeloma) and was given medicine to treat it (chemotherapy).
She was treated for acute otitis externa with topical antibiotics.,She was treated for an infection in the outer ear canal (acute otitis externa) with antibiotics applied directly to the ear (topical antibiotics).
The patient experienced a hypertensive emergency and was treated with intravenous antihypertensives.,"The patient had a sudden, extremely high blood pressure crisis (hypertensive emergency) and was given medicine through a vein to lower it (intravenous antihypertensives)."
He was diagnosed with chronic hepatitis B and prescribed antiviral medication.,He was diagnosed with a long-term liver infection caused by the hepatitis B virus (chronic hepatitis B) and was given antiviral medicine.
The patient was treated for herpes zoster with antiviral medication.,"The patient was treated for shingles, a painful rash caused by the chickenpox virus (herpes zoster) with antiviral medicine."
She was diagnosed with idiopathic pulmonary fibrosis and prescribed pirfenidone.,She was diagnosed with a lung disease that causes scarring of the lung tissue for unknown reasons (idiopathic pulmonary fibrosis) and was given medicine to help with the condition (pirfenidone).
The patient was treated for a myocardial infarction with thrombolytic therapy.,The patient was treated for a heart attack (myocardial infarction) with medicine to dissolve blood clots (thrombolytic therapy).
He was diagnosed with benign paroxysmal positional vertigo and prescribed vestibular rehabilitation.,He was diagnosed with a condition that causes brief episodes of dizziness when moving the head (benign paroxysmal positional vertigo) and was given exercises to improve balance (vestibular rehabilitation).
The patient experienced an episode of supraventricular tachycardia and was prescribed antiarrhythmic medication.,The patient had a period of very fast heart rate starting above the heart's ventricles (supraventricular tachycardia) and was given medicine to control the heart rhythm (antiarrhythmic medication).
She was diagnosed with chronic myelogenous leukemia and prescribed chemotherapy.,She was diagnosed with a type of blood cancer (chronic myelogenous leukemia) and was given medicine to treat it (chemotherapy).
The patient was treated for congestive heart failure with a diuretic and beta-blocker.,The patient was treated for heart failure (congestive heart failure) with medicine to remove excess water from the body (diuretic) and medicine to help the heart beat more slowly and with less force (beta-blocker).
He was diagnosed with primary hyperaldosteronism and prescribed spironolactone.,He was diagnosed with a condition where the adrenal glands produce too much hormone (primary hyperaldosteronism) and was given medicine to help with the condition (spironolactone).
The patient experienced a hypertensive urgency and was treated with oral antihypertensives.,"The patient had a sudden, high blood pressure situation that needed attention but was not life-threatening (hypertensive urgency) and was given medicine to lower it (oral antihypertensives)."
She was treated for bacterial vaginosis with oral antibiotics.,She was treated for an infection in the vagina caused by bacteria (bacterial vaginosis) with antibiotics taken by mouth (oral antibiotics).
The patient was diagnosed with acute lymphoblastic leukemia and prescribed chemotherapy.,The patient was diagnosed with a type of blood cancer that affects white blood cells (acute lymphoblastic leukemia) and was given medicine to treat it (chemotherapy).
The patient underwent a cholecystectomy due to cholelithiasis.,The patient had their gallbladder removed (cholecystectomy) because they had gallstones (cholelithiasis).
He was diagnosed with myocardial infarction.,He was diagnosed with a heart attack (myocardial infarction).
The child was treated for otitis media.,The child was treated for a middle ear infection (otitis media).
The biopsy showed adenocarcinoma in the colon.,The biopsy showed a type of cancer (adenocarcinoma) in the colon.
She is being treated for hypertension.,She is being treated for high blood pressure (hypertension).
The patient has a history of congestive heart failure.,The patient has a history of a condition where the heart doesn't pump blood well (congestive heart failure).
He was prescribed an antibiotic for his bacterial pneumonia.,He was given medicine to fight his bacterial lung infection (bacterial pneumonia).
The patient underwent an appendectomy.,The patient had their appendix removed (appendectomy).
She was diagnosed with diabetes mellitus type 2.,She was diagnosed with type 2 diabetes (diabetes mellitus type 2).
He presented with symptoms of cerebrovascular accident.,He showed symptoms of a stroke (cerebrovascular accident).
The radiograph revealed a fracture of the femur.,The X-ray showed a broken thigh bone (fracture of the femur).
The patient is undergoing chemotherapy for leukemia.,The patient is receiving cancer treatment (chemotherapy) for blood cancer (leukemia).
He has a history of chronic obstructive pulmonary disease.,He has a history of a lung disease that makes it hard to breathe (chronic obstructive pulmonary disease).
The ECG showed signs of atrial fibrillation.,The heart test (ECG) showed an irregular heartbeat (atrial fibrillation).
The patient was diagnosed with hyperthyroidism.,The patient was diagnosed with an overactive thyroid (hyperthyroidism).
She was treated for gastroenteritis.,She was treated for an infection in the stomach and intestines (gastroenteritis).
The MRI revealed a herniated disc in the lumbar spine.,The MRI showed a slipped disc in the lower back (herniated disc in the lumbar spine).
The patient has a history of deep vein thrombosis.,The patient has a history of blood clots in the veins (deep vein thrombosis).
She is undergoing dialysis for chronic renal failure.,She is receiving treatment to clean her blood (dialysis) because her kidneys don't work well (chronic renal failure).
He was admitted with acute pancreatitis.,He was admitted with a sudden inflammation of the pancreas (acute pancreatitis).
The child has been diagnosed with attention deficit hyperactivity disorder.,The child has been diagnosed with a condition that affects focus and behavior (attention deficit hyperactivity disorder).
She was treated for a urinary tract infection.,She was treated for an infection in the urinary system (urinary tract infection).
The patient was found to have bilateral pleural effusions.,The patient was found to have fluid in both lungs (bilateral pleural effusions).
He underwent a coronary artery bypass graft.,He had surgery to improve blood flow to the heart (coronary artery bypass graft).
The patient has a diagnosis of rheumatoid arthritis.,The patient has a diagnosis of a disease that causes joint pain and swelling (rheumatoid arthritis).
The echocardiogram showed mitral valve prolapse.,The heart ultrasound (echocardiogram) showed a problem with one of the heart valves (mitral valve prolapse).
The patient presented with symptoms of gastroesophageal reflux disease.,The patient showed symptoms of acid reflux (gastroesophageal reflux disease).
He was diagnosed with chronic bronchitis.,He was diagnosed with a long-term inflammation of the airways (chronic bronchitis).
The CT scan revealed a subdural hematoma.,The CT scan showed a blood clot under the outer layer of the brain (subdural hematoma).
She is receiving treatment for bipolar disorder.,She is receiving treatment for a mental health condition that causes mood swings (bipolar disorder).
The patient has a history of peptic ulcer disease.,The patient has a history of sores in the stomach or intestine (peptic ulcer disease).
He was treated for deep vein thrombosis with anticoagulants.,He was treated for blood clots in the veins with blood thinners (anticoagulants).
The MRI showed a meniscal tear in the knee.,The MRI showed a tear in the knee cartilage (meniscal tear).
She has been diagnosed with systemic lupus erythematosus.,She has been diagnosed with a disease where the immune system attacks the body (systemic lupus erythematosus).
The patient underwent a lumbar puncture.,The patient had a spinal tap (lumbar puncture).
He presented with symptoms of congestive heart failure.,He showed symptoms of a condition where the heart doesn't pump blood well (congestive heart failure).
She is being treated for chronic kidney disease.,She is being treated for long-term kidney damage (chronic kidney disease).
The patient has a history of atrial fibrillation.,The patient has a history of an irregular heartbeat (atrial fibrillation).
He was diagnosed with ankylosing spondylitis.,He was diagnosed with a type of arthritis that affects the spine (ankylosing spondylitis).
The child has been diagnosed with asthma.,The child has been diagnosed with a condition that makes it hard to breathe (asthma).
She was treated for hypothyroidism.,She was treated for an underactive thyroid (hypothyroidism).
The patient underwent an angioplasty.,The patient had a procedure to open blocked blood vessels (angioplasty).
He was diagnosed with obstructive sleep apnea.,He was diagnosed with a condition where breathing stops and starts during sleep (obstructive sleep apnea).
She was treated for irritable bowel syndrome.,She was treated for a condition that causes stomach pain and bowel problems (irritable bowel syndrome).
The patient has a history of hyperlipidemia.,The patient has a history of high cholesterol (hyperlipidemia).
He presented with symptoms of peripheral neuropathy.,He showed symptoms of nerve damage in the hands and feet (peripheral neuropathy).
The MRI showed a spinal stenosis.,The MRI showed a narrowing of the spinal canal (spinal stenosis).
The patient has a history of chronic sinusitis.,The patient has a history of long-term sinus infections (chronic sinusitis).
She is being treated for multiple sclerosis.,She is being treated for a disease that affects the brain and spinal cord (multiple sclerosis).
The patient underwent a laminectomy.,The patient had surgery to remove part of the vertebrae (laminectomy).
He was diagnosed with end-stage renal disease.,He was diagnosed with the final stage of chronic kidney disease (end-stage renal disease).
The child was treated for bronchiolitis.,The child was treated for an infection of the small airways in the lungs (bronchiolitis).
She presented with symptoms of angina pectoris.,She showed symptoms of chest pain due to reduced blood flow to the heart (angina pectoris).
The CT scan revealed an abdominal aortic aneurysm.,The CT scan showed a bulge in the main blood vessel in the abdomen (abdominal aortic aneurysm).
The patient has a history of psoriasis.,"The patient has a history of a skin condition that causes red, scaly patches (psoriasis)."
She was diagnosed with fibromyalgia.,She was diagnosed with a condition that causes widespread pain and fatigue (fibromyalgia).
The patient has a history of gout.,The patient has a history of a type of arthritis that causes severe joint pain (gout).
He presented with symptoms of pulmonary embolism.,He showed symptoms of a blood clot in the lungs (pulmonary embolism).
The patient was diagnosed with celiac disease.,The patient was diagnosed with a condition where the body can't process gluten (celiac disease).
She underwent a mastectomy.,She had surgery to remove one or both breasts (mastectomy).
He was diagnosed with plantar fasciitis.,He was diagnosed with inflammation of the tissue in the bottom of the foot (plantar fasciitis).
The patient has a history of Barrett's esophagus.,The patient has a history of changes in the lining of the esophagus (Barrett's esophagus).
She was treated for bacterial vaginosis.,She was treated for a bacterial infection in the vagina (bacterial vaginosis).
The child was diagnosed with eczema.,The child was diagnosed with a skin condition that causes itchy and inflamed patches (eczema).
He presented with symptoms of deep vein thrombosis.,He showed symptoms of blood clots in the veins (deep vein thrombosis).
The patient has a history of Crohn's disease.,The patient has a history of a chronic inflammatory bowel disease (Crohn's disease).
She was treated for bacterial conjunctivitis.,She was treated for a bacterial infection of the eye (bacterial conjunctivitis).
The patient underwent a hysterectomy.,The patient had surgery to remove the uterus (hysterectomy).
He was diagnosed with Bell's palsy.,He was diagnosed with a condition that causes temporary facial paralysis (Bell's palsy).
The patient presented with symptoms of cellulitis.,The patient showed symptoms of a bacterial skin infection (cellulitis).
He was diagnosed with hypertrophic cardiomyopathy.,He was diagnosed with a condition where the heart muscle becomes thickened (hypertrophic cardiomyopathy).
The patient has a history of diverticulitis.,The patient has a history of inflammation or infection in the colon (diverticulitis).
She underwent a colposcopy.,"She had a procedure to examine the cervix, vagina, and vulva (colposcopy)."
"The child was diagnosed with hand, foot, and mouth disease.","The child was diagnosed with a viral infection that causes sores on the hands, feet, and mouth (hand, foot, and mouth disease)."
He presented with symptoms of diabetic neuropathy.,He showed symptoms of nerve damage due to diabetes (diabetic neuropathy).
The patient has a history of multiple sclerosis.,The patient has a history of a disease that affects the brain and spinal cord (multiple sclerosis).
She was treated for hyperthyroidism.,She was treated for an overactive thyroid (hyperthyroidism).
The patient underwent a bronchoscopy.,The patient had a procedure to look inside the airways (bronchoscopy).
He was diagnosed with osteoarthritis.,He was diagnosed with a type of arthritis that affects the joints (osteoarthritis).
The child was treated for acute otitis media.,The child was treated for a sudden middle ear infection (acute otitis media).
She has been diagnosed with systemic lupus erythematosus.,She has been diagnosed with a disease where the immune system attacks the body (systemic lupus erythematosus).
He was treated for benign prostatic hyperplasia.,He was treated for an enlarged prostate (benign prostatic hyperplasia).
The MRI revealed a glioblastoma.,The MRI showed a type of brain tumor (glioblastoma).
The patient underwent a laryngoscopy.,The patient had a procedure to look at the larynx (laryngoscopy).
She was diagnosed with polymyalgia rheumatica.,She was diagnosed with a condition that causes muscle pain and stiffness (polymyalgia rheumatica).
The patient has a history of irritable bowel syndrome.,The patient has a history of a condition that causes stomach pain and bowel problems (irritable bowel syndrome).
He presented with symptoms of acute kidney injury.,He showed symptoms of sudden kidney failure (acute kidney injury).
The child was treated for viral bronchiolitis.,The child was treated for a viral infection of the small airways in the lungs (viral bronchiolitis).
She was diagnosed with carpal tunnel syndrome.,She was diagnosed with a condition that causes numbness and tingling in the hand (carpal tunnel syndrome).
The patient has a history of ischemic stroke.,The patient has a history of a stroke caused by a blocked blood vessel in the brain (ischemic stroke).
He was treated for plantar fasciitis.,He was treated for inflammation of the tissue in the bottom of the foot (plantar fasciitis).
She underwent a total knee arthroplasty.,She had knee replacement surgery (total knee arthroplasty).
He was treated for acute sinusitis.,He was treated for a sudden sinus infection (acute sinusitis).
The patient underwent an endoscopy.,The patient had a procedure to look inside the digestive tract (endoscopy).
She was diagnosed with Raynaud's phenomenon.,She was diagnosed with a condition that affects blood flow to the fingers and toes (Raynaud's phenomenon).
The MRI revealed a herniated disc.,The MRI showed a slipped disc (herniated disc).
The patient has a history of chronic pancreatitis.,The patient has a history of long-term inflammation of the pancreas (chronic pancreatitis).
He presented with symptoms of appendicitis.,He showed symptoms of an inflamed appendix (appendicitis).
She was treated for chronic rhinosinusitis.,She was treated for long-term sinus infections (chronic rhinosinusitis).
"The child was diagnosed with hand, foot, and mouth disease.","The child was diagnosed with a viral infection that causes sores on the hands, feet, and mouth (hand, foot, and mouth disease)."
He presented with symptoms of peripheral vascular disease.,He showed symptoms of poor blood flow to the legs (peripheral vascular disease).
The patient has a history of chronic venous insufficiency.,The patient has a history of poor blood flow in the veins (chronic venous insufficiency).
She was diagnosed with Graves' disease.,She was diagnosed with a condition that causes an overactive thyroid (Graves' disease).
The MRI showed a meniscal tear in the knee.,The MRI showed a tear in the knee cartilage (meniscal tear).
The patient has a history of multiple myeloma.,The patient has a history of a type of blood cancer (multiple myeloma).
He was treated for acute bronchitis.,He was treated for a sudden inflammation of the airways (acute bronchitis).
She was diagnosed with polycystic ovary syndrome.,She was diagnosed with a condition that affects the ovaries and causes hormone imbalances (polycystic ovary syndrome).
The patient has a history of chronic hepatitis C.,The patient has a history of a long-term liver infection (chronic hepatitis C).
He was diagnosed with deep vein thrombosis.,He was diagnosed with blood clots in the veins (deep vein thrombosis).
The patient underwent a prostatectomy.,The patient had surgery to remove the prostate (prostatectomy).
She was treated for major depressive disorder.,She was treated for a severe form of depression (major depressive disorder).
The child was diagnosed with scarlet fever.,The child was diagnosed with a bacterial infection that causes a red rash (scarlet fever).
He presented with symptoms of angina pectoris.,He showed symptoms of chest pain due to reduced blood flow to the heart (angina pectoris).
The MRI revealed a pituitary adenoma.,The MRI showed a tumor in the pituitary gland (pituitary adenoma).
She was diagnosed with endometriosis.,She was diagnosed with a condition where tissue similar to the lining of the uterus grows outside the uterus (endometriosis).
The patient has a history of ischemic heart disease.,The patient has a history of heart problems due to narrowed arteries (ischemic heart disease).
He was treated for benign prostatic hyperplasia.,He was treated for an enlarged prostate (benign prostatic hyperplasia).
She was diagnosed with temporal arteritis.,She was diagnosed with inflammation of the blood vessels in the head (temporal arteritis).
The patient underwent an esophagogastroduodenoscopy.,"The patient had a procedure to look inside the esophagus, stomach, and small intestine (esophagogastroduodenoscopy)."
He was diagnosed with Parkinson's disease.,He was diagnosed with a condition that affects movement (Parkinson's disease).
The child was treated for acute otitis media.,The child was treated for a sudden middle ear infection (acute otitis media).
She has a history of chronic lymphocytic leukemia.,She has a history of a type of blood cancer (chronic lymphocytic leukemia).
The MRI revealed a rotator cuff tear.,The MRI showed a tear in the shoulder muscle (rotator cuff tear).
The patient was diagnosed with celiac disease.,The patient was diagnosed with a condition where the body can't process gluten (celiac disease).
He underwent a carotid endarterectomy.,He had surgery to remove plaque from the arteries in the neck (carotid endarterectomy).
The patient has a history of gout.,The patient has a history of a type of arthritis that causes severe joint pain (gout).
She was diagnosed with amyotrophic lateral sclerosis.,She was diagnosed with a disease that affects nerve cells and causes muscle weakness (amyotrophic lateral sclerosis).
The MRI showed a spinal cord compression.,The MRI showed pressure on the spinal cord (spinal cord compression).
He was diagnosed with benign paroxysmal positional vertigo.,He was diagnosed with a condition that causes dizziness (benign paroxysmal positional vertigo).
The patient has a history of coronary artery disease.,The patient has a history of heart disease due to narrowed arteries (coronary artery disease).
She was treated for acute pyelonephritis.,She was treated for a sudden kidney infection (acute pyelonephritis).
The MRI revealed a glioblastoma.,The MRI showed a type of brain tumor (glioblastoma).
The patient was diagnosed with osteomyelitis.,The patient was diagnosed with a bone infection (osteomyelitis).
She was treated for aortic stenosis.,She was treated for a narrowing of the heart valve (aortic stenosis).
The patient underwent a craniotomy.,The patient had surgery to open the skull (craniotomy).
He was diagnosed with interstitial lung disease.,He was diagnosed with a group of diseases that cause lung scarring (interstitial lung disease).
The child was treated for atopic dermatitis.,The child was treated for a skin condition that causes itchy and inflamed patches (atopic dermatitis).
She has a history of chronic obstructive pulmonary disease.,She has a history of a lung disease that makes it hard to breathe (chronic obstructive pulmonary disease).
The patient underwent a liver biopsy.,The patient had a procedure to remove a small piece of the liver for testing (liver biopsy).
He was diagnosed with diabetic retinopathy.,He was diagnosed with eye damage due to diabetes (diabetic retinopathy).
The patient has a history of Barrett's esophagus.,The patient has a history of changes in the lining of the esophagus (Barrett's esophagus).
She was treated for bacterial vaginosis.,She was treated for a bacterial infection in the vagina (bacterial vaginosis).
The child was diagnosed with eczema.,The child was diagnosed with a skin condition that causes itchy and inflamed patches (eczema).
He presented with symptoms of deep vein thrombosis.,He showed symptoms of blood clots in the veins (deep vein thrombosis).
The patient has a history of Crohn's disease.,The patient has a history of a chronic inflammatory bowel disease (Crohn's disease).
She was treated for bacterial conjunctivitis.,She was treated for a bacterial infection of the eye (bacterial conjunctivitis).
The patient underwent a hysterectomy.,The patient had surgery to remove the uterus (hysterectomy).
He was diagnosed with Bell's palsy.,He was diagnosed with a condition that causes temporary facial paralysis (Bell's palsy).
The patient presented with symptoms of cellulitis.,The patient showed symptoms of a bacterial skin infection (cellulitis).
He was diagnosed with hypertrophic cardiomyopathy.,He was diagnosed with a condition where the heart muscle becomes thickened (hypertrophic cardiomyopathy).
The patient has a history of diverticulitis.,The patient has a history of inflammation or infection in the colon (diverticulitis).
She underwent a colposcopy.,"She had a procedure to examine the cervix, vagina, and vulva (colposcopy)."
"The child was diagnosed with hand, foot, and mouth disease.","The child was diagnosed with a viral infection that causes sores on the hands, feet, and mouth (hand, foot, and mouth disease)."
He presented with symptoms of diabetic neuropathy.,He showed symptoms of nerve damage due to diabetes (diabetic neuropathy).
The patient has a history of multiple sclerosis.,The patient has a history of a disease that affects the brain and spinal cord (multiple sclerosis).
She was treated for hyperthyroidism.,She was treated for an overactive thyroid (hyperthyroidism).
The patient underwent a bronchoscopy.,The patient had a procedure to look inside the airways (bronchoscopy).
He was diagnosed with osteoarthritis.,He was diagnosed with a type of arthritis that affects the joints (osteoarthritis).
The child was treated for acute otitis media.,The child was treated for a sudden middle ear infection (acute otitis media).
She has been diagnosed with systemic lupus erythematosus.,She has been diagnosed with a disease where the immune system attacks the body (systemic lupus erythematosus).
He was treated for benign prostatic hyperplasia.,He was treated for an enlarged prostate (benign prostatic hyperplasia).
The MRI revealed a glioblastoma.,The MRI showed a type of brain tumor (glioblastoma).
The patient underwent a laryngoscopy.,The patient had a procedure to look at the larynx (laryngoscopy).
She was diagnosed with polymyalgia rheumatica.,She was diagnosed with a condition that causes muscle pain and stiffness (polymyalgia rheumatica).
The patient has a history of irritable bowel syndrome.,The patient has a history of a condition that causes stomach pain and bowel problems (irritable bowel syndrome).
He presented with symptoms of acute kidney injury.,He showed symptoms of sudden kidney failure (acute kidney injury).
The child was treated for viral bronchiolitis.,The child was treated for a viral infection of the small airways in the lungs (viral bronchiolitis).
She was diagnosed with carpal tunnel syndrome.,She was diagnosed with a condition that causes numbness and tingling in the hand (carpal tunnel syndrome).
The patient has a history of ischemic stroke.,The patient has a history of a stroke caused by a blocked blood vessel in the brain (ischemic stroke).
He was treated for plantar fasciitis.,He was treated for inflammation of the tissue in the bottom of the foot (plantar fasciitis).
She underwent a total knee arthroplasty.,She had knee replacement surgery (total knee arthroplasty).
He was treated for acute sinusitis.,He was treated for a sudden sinus infection (acute sinusitis).
The patient underwent an endoscopy.,The patient had a procedure to look inside the digestive tract (endoscopy).
She was diagnosed with Raynaud's phenomenon.,She was diagnosed with a condition that affects blood flow to the fingers and toes (Raynaud's phenomenon).
The MRI revealed a herniated disc.,The MRI showed a slipped disc (herniated disc).
The patient has a history of chronic pancreatitis.,The patient has a history of long-term inflammation of the pancreas (chronic pancreatitis).
He presented with symptoms of appendicitis.,He showed symptoms of an inflamed appendix (appendicitis).
She was treated for chronic rhinosinusitis.,She was treated for long-term sinus infections (chronic rhinosinusitis).
"The child was diagnosed with hand, foot, and mouth disease.","The child was diagnosed with a viral infection that causes sores on the hands, feet, and mouth (hand, foot, and mouth disease)."
He presented with symptoms of peripheral vascular disease.,He showed symptoms of poor blood flow to the legs (peripheral vascular disease).
The patient has a history of chronic venous insufficiency.,The patient has a history of poor blood flow in the veins (chronic venous insufficiency).
She was diagnosed with Graves' disease.,She was diagnosed with a condition that causes an overactive thyroid (Graves' disease).
The MRI showed a meniscal tear in the knee.,The MRI showed a tear in the knee cartilage (meniscal tear).
The patient has a history of multiple myeloma.,The patient has a history of a type of blood cancer (multiple myeloma).
He was treated for acute bronchitis.,He was treated for a sudden inflammation of the airways (acute bronchitis).
She was diagnosed with polycystic ovary syndrome.,She was diagnosed with a condition that affects the ovaries and causes hormone imbalances (polycystic ovary syndrome).
The patient has a history of chronic hepatitis C.,The patient has a history of a long-term liver infection (chronic hepatitis C).
He was diagnosed with deep vein thrombosis.,He was diagnosed with blood clots in the veins (deep vein thrombosis).
The patient underwent a prostatectomy.,The patient had surgery to remove the prostate (prostatectomy).
She was treated for major depressive disorder.,She was treated for a severe form of depression (major depressive disorder).
The child was diagnosed with scarlet fever.,The child was diagnosed with a bacterial infection that causes a red rash (scarlet fever).
He presented with symptoms of angina pectoris.,He showed symptoms of chest pain due to reduced blood flow to the heart (angina pectoris).
The MRI revealed a pituitary adenoma.,The MRI showed a tumor in the pituitary gland (pituitary adenoma).
She was diagnosed with endometriosis.,She was diagnosed with a condition where tissue similar to the lining of the uterus grows outside the uterus (endometriosis).
The patient has a history of ischemic heart disease.,The patient has a history of heart problems due to narrowed arteries (ischemic heart disease).
He was treated for benign prostatic hyperplasia.,He was treated for an enlarged prostate (benign prostatic hyperplasia).
She was diagnosed with temporal arteritis.,She was diagnosed with inflammation of the blood vessels in the head (temporal arteritis).
The patient underwent an esophagogastroduodenoscopy.,"The patient had a procedure to look inside the esophagus, stomach, and small intestine (esophagogastroduodenoscopy)."
He was diagnosed with Parkinson's disease.,He was diagnosed with a condition that affects movement (Parkinson's disease).
The child was treated for acute otitis media.,The child was treated for a sudden middle ear infection (acute otitis media).
She has a history of chronic lymphocytic leukemia.,She has a history of a type of blood cancer (chronic lymphocytic leukemia).
The MRI revealed a rotator cuff tear.,The MRI showed a tear in the shoulder muscle (rotator cuff tear).
The patient was diagnosed with celiac disease.,The patient was diagnosed with a condition where the body can't process gluten (celiac disease).
He underwent a carotid endarterectomy.,He had surgery to remove plaque from the arteries in the neck (carotid endarterectomy).
The patient has a history of gout.,The patient has a history of a type of arthritis that causes severe joint pain (gout).
She was diagnosed with amyotrophic lateral sclerosis.,She was diagnosed with a disease that affects nerve cells and causes muscle weakness (amyotrophic lateral sclerosis).
The MRI showed a spinal cord compression.,The MRI showed pressure on the spinal cord (spinal cord compression).
He was diagnosed with benign paroxysmal positional vertigo.,He was diagnosed with a condition that causes dizziness (benign paroxysmal positional vertigo).
The patient has a history of coronary artery disease.,The patient has a history of heart disease due to narrowed arteries (coronary artery disease).
She was treated for acute pyelonephritis.,She was treated for a sudden kidney infection (acute pyelonephritis).
The MRI revealed a glioblastoma.,The MRI showed a type of brain tumor (glioblastoma).
The patient was diagnosed with osteomyelitis.,The patient was diagnosed with a bone infection (osteomyelitis).
She was treated for aortic stenosis.,She was treated for a narrowing of the heart valve (aortic stenosis).
The patient underwent a craniotomy.,The patient had surgery to open the skull (craniotomy).
He was diagnosed with interstitial lung disease.,He was diagnosed with a group of diseases that cause lung scarring (interstitial lung disease).
The child was treated for atopic dermatitis.,The child was treated for a skin condition that causes itchy and inflamed patches (atopic dermatitis).
She has a history of chronic obstructive pulmonary disease.,She has a history of a lung disease that makes it hard to breathe (chronic obstructive pulmonary disease).
The patient underwent a liver biopsy.,The patient had a procedure to remove a small piece of the liver for testing (liver biopsy).
He was diagnosed with diabetic retinopathy.,He was diagnosed with eye damage due to diabetes (diabetic retinopathy).
The patient has a history of Barrett's esophagus.,The patient has a history of changes in the lining of the esophagus (Barrett's esophagus).
She was treated for bacterial vaginosis.,She was treated for a bacterial infection in the vagina (bacterial vaginosis).
The child was diagnosed with eczema.,The child was diagnosed with a skin condition that causes itchy and inflamed patches (eczema).
He presented with symptoms of deep vein thrombosis.,He showed symptoms of blood clots in the veins (deep vein thrombosis).
The patient has a history of Crohn's disease.,The patient has a history of a chronic inflammatory bowel disease (Crohn's disease).
She was treated for bacterial conjunctivitis.,She was treated for a bacterial infection of the eye (bacterial conjunctivitis).
The patient underwent a hysterectomy.,The patient had surgery to remove the uterus (hysterectomy).
He was diagnosed with Bell's palsy.,He was diagnosed with a condition that causes temporary facial paralysis (Bell's palsy).
The patient presented with symptoms of cellulitis.,The patient showed symptoms of a bacterial skin infection (cellulitis).
He was diagnosed with hypertrophic cardiomyopathy.,He was diagnosed with a condition where the heart muscle becomes thickened (hypertrophic cardiomyopathy).
The patient has a history of diverticulitis.,The patient has a history of inflammation or infection in the colon (diverticulitis).
She underwent a colposcopy.,"She had a procedure to examine the cervix, vagina, and vulva (colposcopy)."
"The child was diagnosed with hand, foot, and mouth disease.","The child was diagnosed with a viral infection that causes sores on the hands, feet, and mouth (hand, foot, and mouth disease)."
The patient presented with dyspnea and tachypnea.,The patient had difficulty breathing (dyspnea) and was breathing rapidly (tachypnea).
He was diagnosed with hypertension and hyperlipidemia.,He was diagnosed with high blood pressure (hypertension) and high cholesterol levels (hyperlipidemia).
She has a history of myocardial infarction.,She has a history of a heart attack (myocardial infarction).
The biopsy revealed malignant neoplasm.,The biopsy showed cancer (malignant neoplasm).
The patient experienced an episode of syncope.,The patient experienced a fainting spell (syncope).
She was treated for pyelonephritis.,She was treated for a kidney infection (pyelonephritis).
The patient was admitted with acute pancreatitis.,The patient was admitted with sudden inflammation of the pancreas (acute pancreatitis).
He was found to have atrial fibrillation.,He was found to have an irregular heartbeat (atrial fibrillation).
The imaging showed bilateral pleural effusion.,The imaging showed fluid around both lungs (bilateral pleural effusion).
She underwent a cholecystectomy.,She had her gallbladder removed (cholecystectomy).
The patient is experiencing dysphagia.,The patient is having difficulty swallowing (dysphagia).
He was treated for cellulitis.,He was treated for a skin infection (cellulitis).
The patient was diagnosed with chronic obstructive pulmonary disease.,The patient was diagnosed with a lung disease that makes it hard to breathe (chronic obstructive pulmonary disease).
She has a history of deep vein thrombosis.,She has a history of blood clots in her legs (deep vein thrombosis).
The patient has osteoarthritis in her knees.,The patient has a type of arthritis that affects the knee joints (osteoarthritis).
He was treated for peptic ulcer disease.,He was treated for sores in his stomach lining (peptic ulcer disease).
The MRI showed a herniated disc in her spine.,The MRI showed a slipped disc in her spine (herniated disc).
She has a family history of diabetes mellitus.,She has a family history of high blood sugar (diabetes mellitus).
The patient presented with hyperthyroidism.,The patient has an overactive thyroid (hyperthyroidism).
The patient is experiencing nocturia.,The patient is waking up at night to urinate (nocturia).
She underwent a hysterectomy.,She had her uterus removed (hysterectomy).
The patient was admitted with acute renal failure.,The patient was admitted with sudden kidney failure (acute renal failure).
She has a family history of colorectal cancer.,She has a family history of cancer in the colon or rectum (colorectal cancer).
He was prescribed medication for his hyperlipidemia.,He was prescribed medication for his high cholesterol (hyperlipidemia).
The patient presented with acute appendicitis.,The patient has sudden inflammation of the appendix (acute appendicitis).
She was diagnosed with rheumatoid arthritis.,She was diagnosed with a type of arthritis that affects the joints (rheumatoid arthritis).
The patient was found to have hepatomegaly.,The patient has an enlarged liver (hepatomegaly).
He underwent a coronary artery bypass graft.,He had surgery to improve blood flow to his heart (coronary artery bypass graft).
The patient is experiencing polyuria.,The patient is urinating a lot (polyuria).
She has a history of peripheral artery disease.,She has a history of narrowed blood vessels in her legs (peripheral artery disease).
He was diagnosed with benign prostatic hyperplasia.,He was diagnosed with an enlarged prostate (benign prostatic hyperplasia).
She has a history of migraine headaches.,She has a history of severe headaches (migraine headaches).
He was admitted with a suspected pulmonary embolism.,He was admitted with a suspected blood clot in the lungs (pulmonary embolism).
The patient was found to have cholelithiasis.,The patient has gallstones (cholelithiasis).
She has a family history of hypothyroidism.,She has a family history of an underactive thyroid (hypothyroidism).
He was diagnosed with congestive heart failure.,He was diagnosed with a condition where the heart doesn't pump blood well (congestive heart failure).
The patient was treated for community-acquired pneumonia.,The patient was treated for lung infection caught outside the hospital (community-acquired pneumonia).
She underwent a mastectomy.,She had her breast removed (mastectomy).
He was diagnosed with bipolar disorder.,He was diagnosed with a mental health condition with mood swings (bipolar disorder).
She has a history of systemic lupus erythematosus.,She has a history of a disease where the immune system attacks the body (systemic lupus erythematosus).
He was found to have an abdominal aortic aneurysm.,He has a bulge in the main blood vessel in his abdomen (abdominal aortic aneurysm).
The patient presented with acute bronchitis.,The patient has sudden inflammation of the airways (acute bronchitis).
She was diagnosed with endometriosis.,She was diagnosed with a condition where tissue similar to the lining inside the uterus grows outside it (endometriosis).
He has a history of gout.,He has a history of a type of arthritis causing severe pain in the joints (gout).
The patient was treated for diverticulitis.,The patient was treated for inflammation of small pouches in the colon (diverticulitis).
She has a family history of multiple sclerosis.,She has a family history of a disease where the immune system attacks the nerves (multiple sclerosis).
He was diagnosed with attention deficit hyperactivity disorder.,He was diagnosed with a condition causing difficulty focusing and hyperactivity (attention deficit hyperactivity disorder).
The patient was found to have nephrolithiasis.,The patient has kidney stones (nephrolithiasis).
She has a history of temporomandibular joint disorder.,She has a history of jaw joint problems (temporomandibular joint disorder).
He was treated for venous insufficiency.,He was treated for poor blood flow in the veins (venous insufficiency).
The patient presented with acute sinusitis.,The patient has sudden inflammation of the sinuses (acute sinusitis).
She was diagnosed with fibromyalgia.,She was diagnosed with a condition causing widespread pain and fatigue (fibromyalgia).
The patient was found to have a subdural hematoma.,The patient has bleeding between the brain and its outer covering (subdural hematoma).
She has a history of psoriasis.,"She has a history of a skin condition causing red, scaly patches (psoriasis)."
He was diagnosed with celiac disease.,He was diagnosed with a condition where eating gluten damages the small intestine (celiac disease).
She was diagnosed with irritable bowel syndrome.,She was diagnosed with a condition causing stomach pain and bowel problems (irritable bowel syndrome).
He has a history of ankylosing spondylitis.,He has a history of a type of arthritis affecting the spine (ankylosing spondylitis).
The patient presented with acute lymphoblastic leukemia.,The patient has a type of cancer affecting the blood and bone marrow (acute lymphoblastic leukemia).
She was treated for a meniscal tear.,She was treated for a tear in the knee cartilage (meniscal tear).
He was diagnosed with obstructive sleep apnea.,He was diagnosed with a condition where breathing stops and starts during sleep (obstructive sleep apnea).
The patient was admitted with acute cholecystitis.,The patient was admitted with sudden inflammation of the gallbladder (acute cholecystitis).
She has a history of polycystic ovary syndrome.,She has a history of a condition affecting the ovaries and hormone levels (polycystic ovary syndrome).
He was diagnosed with Barrett's esophagus.,He was diagnosed with a condition where the lining of the esophagus changes (Barrett's esophagus).
The patient was treated for a clavicle fracture.,The patient was treated for a broken collarbone (clavicle fracture).
She has a history of Hashimoto's thyroiditis.,She has a history of a condition where the immune system attacks the thyroid (Hashimoto's thyroiditis).
He was diagnosed with Guillain-Barré syndrome.,He was diagnosed with a rare disorder where the immune system attacks the nerves (Guillain-Barré syndrome).
The patient presented with acute respiratory distress syndrome.,The patient has a severe lung condition causing breathing difficulty (acute respiratory distress syndrome).
She was treated for a patellar dislocation.,She was treated for a dislocated kneecap (patellar dislocation).
He has a history of nephrotic syndrome.,He has a history of a kidney disorder causing too much protein in the urine (nephrotic syndrome).
The patient was admitted with acute pyelonephritis.,The patient was admitted with a sudden kidney infection (acute pyelonephritis).
She was diagnosed with rosacea.,She was diagnosed with a skin condition causing redness on the face (rosacea).
He was treated for a hernia.,He was treated for a condition where an organ pushes through a weak spot in the muscle (hernia).
The patient presented with acute pericarditis.,The patient has sudden inflammation of the lining around the heart (acute pericarditis).
She has a history of chronic kidney disease.,She has a history of long-term kidney problems (chronic kidney disease).
He was diagnosed with aortic stenosis.,He was diagnosed with a narrowing of the heart's aortic valve (aortic stenosis).
The patient was treated for a torn rotator cuff.,The patient was treated for a tear in the shoulder tendons (torn rotator cuff).
She has a history of restless legs syndrome.,She has a history of a condition causing an urge to move the legs (restless legs syndrome).
He was diagnosed with chronic venous insufficiency.,He was diagnosed with poor blood flow in the veins (chronic venous insufficiency).
The patient presented with acute pancreatitis.,The patient has sudden inflammation of the pancreas (acute pancreatitis).
She was diagnosed with narcolepsy.,She was diagnosed with a condition causing excessive sleepiness (narcolepsy).
The patient was found to have a ruptured spleen.,The patient has a torn spleen (ruptured spleen).
She has a history of peptic ulcer disease.,She has a history of sores in the stomach lining (peptic ulcer disease).
He was diagnosed with chronic obstructive pulmonary disease.,He was diagnosed with a lung disease making it hard to breathe (chronic obstructive pulmonary disease).
The patient presented with acute bronchitis.,The patient has sudden inflammation of the airways (acute bronchitis).
She was treated for diabetic retinopathy.,She was treated for eye damage caused by diabetes (diabetic retinopathy).
He was admitted with acute respiratory distress syndrome.,He was admitted with a severe lung condition causing breathing difficulty (acute respiratory distress syndrome).
The patient was found to have a brain abscess.,The patient has a collection of pus in the brain (brain abscess).
She has a history of chronic fatigue syndrome.,She has a history of a condition causing extreme tiredness (chronic fatigue syndrome).
He was diagnosed with irritable bowel syndrome.,He was diagnosed with a condition causing stomach pain and bowel problems (irritable bowel syndrome).
The patient presented with acute lymphoblastic leukemia.,The patient has a type of cancer affecting the blood and bone marrow (acute lymphoblastic leukemia).
The patient presented with epistaxis.,The patient presented with epistaxis (a nosebleed).
He has been diagnosed with hypertension.,He has been diagnosed with hypertension (high blood pressure).
The child has otitis media.,The child has otitis media (an ear infection).
The surgery required a laparotomy.,The surgery required a laparotomy (an abdominal surgery).
She is experiencing dyspnea.,She is experiencing dyspnea (difficulty breathing).
The patient is experiencing tachycardia.,The patient is experiencing tachycardia (a fast heart rate).
The infant has jaundice.,The infant has jaundice (yellowing of the skin).
The patient has been prescribed an analgesic.,The patient has been prescribed an analgesic (a pain reliever).
She underwent a biopsy to test the tissue.,She underwent a biopsy (a procedure to take a tissue sample) to test the tissue.
The patient has been diagnosed with diabetes mellitus.,The patient has been diagnosed with diabetes mellitus (a disease where blood sugar levels are too high).
The X-ray showed a pneumothorax.,The X-ray showed a pneumothorax (a collapsed lung).
He is experiencing myocardial infarction.,He is experiencing myocardial infarction (a heart attack).
The patient was diagnosed with chronic bronchitis.,The patient was diagnosed with chronic bronchitis (long-term inflammation of the airways).
The patient has been experiencing palpitations.,The patient has been experiencing palpitations (feeling of a fast-beating or pounding heart).
He is being treated for gastritis.,He is being treated for gastritis (inflammation of the stomach lining).
The scan revealed a hepatic lesion.,The scan revealed a hepatic lesion (a liver spot).
She is suffering from rheumatoid arthritis.,She is suffering from rheumatoid arthritis (a disease causing joint pain and swelling).
The patient presented with hemoptysis.,The patient presented with hemoptysis (coughing up blood).
The patient is experiencing neuropathy.,The patient is experiencing neuropathy (nerve damage causing pain or numbness).
The infant was born with congenital heart disease.,The infant was born with congenital heart disease (a heart problem present at birth).
The patient has been diagnosed with schizophrenia.,"The patient has been diagnosed with schizophrenia (a mental disorder affecting how a person thinks, feels, and behaves)."
She is undergoing chemotherapy.,She is undergoing chemotherapy (treatment for cancer using drugs).
The X-ray showed a fracture.,The X-ray showed a fracture (a broken bone).
He is suffering from insomnia.,He is suffering from insomnia (trouble sleeping).
The patient is experiencing hyperglycemia.,The patient is experiencing hyperglycemia (high blood sugar).
The MRI revealed a herniated disc.,The MRI revealed a herniated disc (a slipped disc in the spine).
She has been diagnosed with endometriosis.,She has been diagnosed with endometriosis (a condition where tissue similar to the lining inside the uterus grows outside of it).
The patient is presenting with cyanosis.,The patient is presenting with cyanosis (a bluish tint to the skin from lack of oxygen).
He has been diagnosed with chronic obstructive pulmonary disease.,He has been diagnosed with chronic obstructive pulmonary disease (a lung disease that makes it hard to breathe).
She is experiencing dysphagia.,She is experiencing dysphagia (difficulty swallowing).
The patient has been diagnosed with bipolar disorder.,The patient has been diagnosed with bipolar disorder (a mental health condition with extreme mood swings).
The patient was treated for a peptic ulcer.,The patient was treated for a peptic ulcer (a sore in the stomach lining).
He was diagnosed with deep vein thrombosis.,"He was diagnosed with deep vein thrombosis (a blood clot in a deep vein, usually in the legs)."
The patient is experiencing vertigo.,The patient is experiencing vertigo (a feeling of spinning or dizziness).
She has been diagnosed with fibromyalgia.,She has been diagnosed with fibromyalgia (a condition causing widespread pain and fatigue).
He is suffering from gastroesophageal reflux disease.,He is suffering from gastroesophageal reflux disease (a condition where stomach acid flows back into the esophagus).
She was treated for hypoglycemia.,She was treated for hypoglycemia (low blood sugar).
The patient is experiencing urinary incontinence.,The patient is experiencing urinary incontinence (loss of bladder control).
The patient has a diagnosis of osteoarthritis.,The patient has a diagnosis of osteoarthritis (a joint disease causing pain and stiffness).
The patient presented with aphasia.,The patient presented with aphasia (difficulty speaking or understanding language).
She has been diagnosed with irritable bowel syndrome.,"She has been diagnosed with irritable bowel syndrome (a disorder causing stomach pain, bloating, and changes in bowel habits)."
The patient was treated for cellulitis.,The patient was treated for cellulitis (a bacterial skin infection).
He is experiencing renal failure.,He is experiencing renal failure (kidney failure).
The patient has a history of angina pectoris.,The patient has a history of angina pectoris (chest pain due to reduced blood flow to the heart).
The patient presented with hematuria.,The patient presented with hematuria (blood in the urine).
She is suffering from hyperthyroidism.,She is suffering from hyperthyroidism (overactive thyroid).
He is experiencing hypothermia.,He is experiencing hypothermia (dangerously low body temperature).
The patient was diagnosed with atherosclerosis.,The patient was diagnosed with atherosclerosis (hardening and narrowing of the arteries).
She is being treated for eczema.,"She is being treated for eczema (a condition causing red, itchy skin)."
The patient has a history of renal calculi.,The patient has a history of renal calculi (kidney stones).
He was diagnosed with anemia.,He was diagnosed with anemia (a condition where there are not enough red blood cells).
The patient presented with dysuria.,The patient presented with dysuria (painful urination).
She has been diagnosed with psoriasis.,"She has been diagnosed with psoriasis (a skin condition causing red, scaly patches)."
The patient is suffering from chronic fatigue syndrome.,The patient is suffering from chronic fatigue syndrome (a condition causing extreme tiredness).
He is experiencing atrial fibrillation.,He is experiencing atrial fibrillation (an irregular and often rapid heart rate).
The patient presented with ascites.,The patient presented with ascites (fluid buildup in the abdomen).
She was diagnosed with systemic lupus erythematosus.,She was diagnosed with systemic lupus erythematosus (a disease where the immune system attacks the body's own tissues).
The patient has a diagnosis of chronic sinusitis.,The patient has a diagnosis of chronic sinusitis (long-term inflammation of the sinuses).
He is experiencing peripheral neuropathy.,He is experiencing peripheral neuropathy (nerve damage in the hands and feet).
The patient presented with anorexia nervosa.,The patient presented with anorexia nervosa (an eating disorder causing severe weight loss).
She has been diagnosed with chronic pancreatitis.,She has been diagnosed with chronic pancreatitis (long-term inflammation of the pancreas).
The patient was treated for varicose veins.,"The patient was treated for varicose veins (swollen, twisted veins)."
He is experiencing hyperlipidemia.,He is experiencing hyperlipidemia (high cholesterol levels).
The patient presented with melena.,"The patient presented with melena (black, tarry stools indicating bleeding in the digestive tract)."
She has been diagnosed with bipolar disorder.,She has been diagnosed with bipolar disorder (a mental health condition with extreme mood swings).
The patient was diagnosed with diverticulitis.,The patient was diagnosed with diverticulitis (inflammation of small pouches in the colon).
He is suffering from sleep apnea.,He is suffering from sleep apnea (a disorder where breathing repeatedly stops and starts during sleep).
She has been diagnosed with chronic lymphocytic leukemia.,She has been diagnosed with chronic lymphocytic leukemia (a type of cancer of the blood and bone marrow).
The patient was treated for pyelonephritis.,The patient was treated for pyelonephritis (a kidney infection).
He is experiencing thrombocytopenia.,He is experiencing thrombocytopenia (a low platelet count).
The patient has been diagnosed with macular degeneration.,"The patient has been diagnosed with macular degeneration (a condition that affects the central part of the retina, leading to vision loss)."
She is suffering from post-traumatic stress disorder.,She is suffering from post-traumatic stress disorder (a mental health condition triggered by a terrifying event).
The patient presented with hematochezia.,The patient presented with hematochezia (blood in the stool).
He has been diagnosed with Parkinson's disease.,He has been diagnosed with Parkinson's disease (a disorder of the nervous system affecting movement).
The patient was treated for a hiatal hernia.,The patient was treated for a hiatal hernia (a condition where part of the stomach pushes up through the diaphragm).
She is experiencing hypokalemia.,She is experiencing hypokalemia (low potassium levels in the blood).
The patient was diagnosed with irritable bowel syndrome.,"The patient was diagnosed with irritable bowel syndrome (a disorder causing stomach pain, bloating, and changes in bowel habits)."
He is suffering from chronic renal failure.,He is suffering from chronic renal failure (long-term kidney failure).
The patient has been diagnosed with obsessive-compulsive disorder.,"The patient has been diagnosed with obsessive-compulsive disorder (a mental health condition causing unwanted, repetitive thoughts and behaviors)."
She presented with rhinorrhea.,She presented with rhinorrhea (a runny nose).
The patient was diagnosed with systemic sclerosis.,The patient was diagnosed with systemic sclerosis (a condition causing hardening and tightening of the skin and connective tissues).
He is experiencing urinary retention.,He is experiencing urinary retention (inability to empty the bladder).
The patient presented with erythema.,The patient presented with erythema (redness of the skin).
She has been diagnosed with Addison's disease.,She has been diagnosed with Addison's disease (a disorder where the adrenal glands don't produce enough hormones).
The patient was treated for bronchospasm.,The patient was treated for bronchospasm (tightening of the muscles around the airways).
He is suffering from hyperparathyroidism.,He is suffering from hyperparathyroidism (overactivity of the parathyroid glands).
The patient has a diagnosis of multiple sclerosis.,The patient has a diagnosis of multiple sclerosis (a disease where the immune system attacks the nerves).
The patient presented with epigastric pain.,The patient presented with epigastric pain (pain in the upper abdomen).
She is experiencing tinnitus.,She is experiencing tinnitus (ringing in the ears).
The patient has been diagnosed with congestive heart failure.,The patient has been diagnosed with congestive heart failure (a condition where the heart can't pump blood properly).
He is suffering from polycystic kidney disease.,He is suffering from polycystic kidney disease (a condition causing numerous cysts in the kidneys).
The patient presented with petechiae.,The patient presented with petechiae (small red or purple spots on the skin).
She has been diagnosed with carpal tunnel syndrome.,She has been diagnosed with carpal tunnel syndrome (a condition causing numbness and tingling in the hand and arm).
The patient was treated for osteomyelitis.,The patient was treated for osteomyelitis (a bone infection).
He is experiencing menorrhagia.,He is experiencing menorrhagia (heavy menstrual bleeding).
The patient presented with steatorrhea.,The patient presented with steatorrhea (fatty stools).
She is suffering from hyperhidrosis.,She is suffering from hyperhidrosis (excessive sweating).
The patient was diagnosed with ulcerative colitis.,The patient was diagnosed with ulcerative colitis (a condition causing inflammation and sores in the colon).
He presented with dyspnea and cyanosis.,He came in with dyspnea (trouble breathing) and cyanosis (bluish skin).
The CT scan showed bilateral pleural effusions.,The CT scan showed bilateral pleural effusions (fluid around both lungs).
She was diagnosed with osteoarthritis.,She was diagnosed with osteoarthritis (joint wear and tear).
The patient underwent a laparoscopic cholecystectomy.,The patient underwent a laparoscopic cholecystectomy (keyhole surgery to remove the gallbladder).
He is suffering from chronic obstructive pulmonary disease.,He is suffering from chronic obstructive pulmonary disease (long-term lung disease).
She was admitted with acute renal failure.,She was admitted with acute renal failure (sudden kidney failure).
The ECG showed atrial fibrillation.,The ECG showed atrial fibrillation (irregular heartbeat).
The biopsy confirmed the presence of adenocarcinoma.,The biopsy confirmed the presence of adenocarcinoma (a type of cancer).
The patient developed thrombocytopenia.,The patient developed thrombocytopenia (low platelet count).
The ultrasound revealed hepatomegaly.,The ultrasound revealed hepatomegaly (enlarged liver).
She was diagnosed with endometriosis.,She was diagnosed with endometriosis (uterine tissue growing outside the uterus).
The patient was treated for hyperglycemia.,The patient was treated for hyperglycemia (high blood sugar).
The MRI showed a meningioma.,The MRI showed a meningioma (brain tumor).
She was diagnosed with gestational diabetes.,She was diagnosed with gestational diabetes (diabetes during pregnancy).
He was prescribed an antihypertensive.,He was prescribed an antihypertensive (blood pressure medication).
The patient has a history of deep vein thrombosis.,The patient has a history of deep vein thrombosis (blood clot in a deep vein).
The lab results indicated hypercholesterolemia.,The lab results indicated hypercholesterolemia (high cholesterol).
The patient was treated for atrial flutter.,The patient was treated for atrial flutter (abnormal heart rhythm).
She was admitted for pyelonephritis.,She was admitted for pyelonephritis (kidney infection).
The patient has a history of peripheral neuropathy.,The patient has a history of peripheral neuropathy (nerve damage in the extremities).
He underwent a coronary artery bypass graft.,He underwent a coronary artery bypass graft (heart bypass surgery).
She was diagnosed with rheumatoid arthritis.,She was diagnosed with rheumatoid arthritis (autoimmune joint disease).
The patient was found to have ascites.,The patient was found to have ascites (fluid in the abdomen).
He has a history of gastroesophageal reflux disease.,He has a history of gastroesophageal reflux disease (chronic acid reflux).
The patient was treated for status epilepticus.,The patient was treated for status epilepticus (continuous seizures).
The lab results showed pancytopenia.,The lab results showed pancytopenia (low counts of all blood cells).
She underwent a total abdominal hysterectomy.,She underwent a total abdominal hysterectomy (removal of the uterus).
The patient has a history of chronic pancreatitis.,The patient has a history of chronic pancreatitis (long-term inflammation of the pancreas).
He was diagnosed with diverticulitis.,He was diagnosed with diverticulitis (inflammation of small pouches in the intestines).
The CT scan revealed a subdural hematoma.,The CT scan revealed a subdural hematoma (bleeding under the outer layer of the brain).
She has a history of systemic lupus erythematosus.,She has a history of systemic lupus erythematosus (autoimmune disease).
He presented with epistaxis.,He presented with epistaxis (nosebleed).
The patient was treated for nephrolithiasis.,The patient was treated for nephrolithiasis (kidney stones).
She has a history of polycystic ovary syndrome.,She has a history of polycystic ovary syndrome (hormonal disorder).
He was diagnosed with benign prostatic hyperplasia.,He was diagnosed with benign prostatic hyperplasia (enlarged prostate).
The patient underwent a carotid endarterectomy.,The patient underwent a carotid endarterectomy (surgery to remove plaque from neck arteries).
The patient was diagnosed with cellulitis.,The patient was diagnosed with cellulitis (skin infection).
The patient has been experiencing dysphagia.,The patient has been experiencing dysphagia (difficulty swallowing).
She was diagnosed with ventricular fibrillation.,She was diagnosed with ventricular fibrillation (life-threatening heart rhythm).
He has a history of multiple sclerosis.,He has a history of multiple sclerosis (disease affecting the nervous system).
The patient was treated for osteomyelitis.,The patient was treated for osteomyelitis (bone infection).
She was diagnosed with hypothyroidism.,She was diagnosed with hypothyroidism (underactive thyroid).
He has a history of hypertension.,He has a history of hypertension (high blood pressure).
The MRI showed a herniated disc.,The MRI showed a herniated disc (slipped disc in the spine).
She was treated for hypokalemia.,She was treated for hypokalemia (low potassium levels).
The patient underwent an appendectomy.,The patient underwent an appendectomy (removal of the appendix).
The patient has a myocardial infarction.,The patient has a heart attack (myocardial infarction).
She suffers from chronic obstructive pulmonary disease.,She suffers from a long-term lung disease (chronic obstructive pulmonary disease).
The doctor recommended a laparoscopic cholecystectomy.,The doctor recommended removing the gallbladder through small cuts (laparoscopic cholecystectomy).
He has a history of hypertension.,He has a history of high blood pressure (hypertension).
The biopsy revealed a malignant tumor.,The biopsy showed a cancerous tumor (malignant tumor).
She is experiencing tachycardia.,She is experiencing a fast heart rate (tachycardia).
The patient was diagnosed with rheumatoid arthritis.,The patient was diagnosed with a type of joint disease (rheumatoid arthritis).
He has been prescribed an antihypertensive medication.,He has been prescribed a medicine to lower blood pressure (antihypertensive medication).
She underwent a coronary artery bypass graft.,She had surgery to improve blood flow to the heart (coronary artery bypass graft).
The MRI showed a herniated disc.,The MRI showed a slipped disc in the spine (herniated disc).
He has been experiencing episodes of atrial fibrillation.,He has been experiencing irregular heartbeats (atrial fibrillation).
The child has been diagnosed with attention deficit hyperactivity disorder.,The child has been diagnosed with a condition affecting focus and behavior (attention deficit hyperactivity disorder).
She is undergoing chemotherapy for her cancer.,She is receiving medicine to treat her cancer (chemotherapy).
He was admitted with acute renal failure.,He was admitted with sudden kidney failure (acute renal failure).
The patient was given a subcutaneous injection.,The patient was given an injection under the skin (subcutaneous injection).
The ECG indicated an arrhythmia.,The heart test showed an irregular heartbeat (arrhythmia).
She has been diagnosed with type 2 diabetes mellitus.,She has been diagnosed with a condition that affects blood sugar levels (type 2 diabetes mellitus).
He suffers from gastroesophageal reflux disease.,He suffers from heartburn or acid reflux (gastroesophageal reflux disease).
She has a benign breast tumor.,She has a non-cancerous breast lump (benign breast tumor).
The patient has a comminuted fracture.,The patient has a bone that is broken into several pieces (comminuted fracture).
He underwent a total hip arthroplasty.,He had a total hip replacement surgery (total hip arthroplasty).
The patient is on immunosuppressive therapy.,The patient is on medication to lower the immune system's activity (immunosuppressive therapy).
She has been diagnosed with multiple sclerosis.,She has been diagnosed with a disease that affects the brain and spinal cord (multiple sclerosis).
He is being treated for deep vein thrombosis.,He is being treated for a blood clot in a deep vein (deep vein thrombosis).
The patient requires a pacemaker implantation.,The patient needs a device to help control their heartbeat (pacemaker implantation).
She was diagnosed with systemic lupus erythematosus.,She was diagnosed with an autoimmune disease (systemic lupus erythematosus).
The biopsy showed adenocarcinoma.,The biopsy showed a type of cancer (adenocarcinoma).
The patient has been diagnosed with chronic kidney disease.,The patient has a long-term kidney condition (chronic kidney disease).
He is suffering from peripheral neuropathy.,He is suffering from nerve damage in the hands and feet (peripheral neuropathy).
She has been diagnosed with endometriosis.,She has a condition where tissue similar to the lining inside the uterus grows outside of it (endometriosis).
The patient experienced a transient ischemic attack.,The patient had a mini-stroke (transient ischemic attack).
He is receiving treatment for bipolar disorder.,He is receiving treatment for a mental health condition with mood swings (bipolar disorder).
The child has been diagnosed with autism spectrum disorder.,The child has a condition affecting social skills and communication (autism spectrum disorder).
She is suffering from irritable bowel syndrome.,She is suffering from a condition causing stomach pain and bowel problems (irritable bowel syndrome).
He was treated for a pneumothorax.,He was treated for a collapsed lung (pneumothorax).
The patient is experiencing hyperthyroidism.,The patient has an overactive thyroid gland (hyperthyroidism).
She was diagnosed with polycystic ovary syndrome.,She was diagnosed with a hormone imbalance affecting the ovaries (polycystic ovary syndrome).
The patient has a hernia in the inguinal region.,The patient has a hernia in the groin area (inguinal hernia).
He was prescribed an antidepressant medication.,He was prescribed medication to help with depression (antidepressant medication).
She underwent a hysterectomy.,She had surgery to remove her uterus (hysterectomy).
The patient has osteoarthritis in his knees.,The patient has a type of joint disease in his knees (osteoarthritis).
He suffers from sleep apnea.,He suffers from a condition that causes pauses in breathing during sleep (sleep apnea).
The child was diagnosed with asthma.,The child was diagnosed with a condition that causes breathing problems (asthma).
She has been diagnosed with ulcerative colitis.,She has a condition causing inflammation in the colon (ulcerative colitis).
He is experiencing diabetic neuropathy.,He has nerve damage caused by diabetes (diabetic neuropathy).
The patient requires dialysis.,The patient needs a treatment to clean their blood because their kidneys aren't working (dialysis).
She is being treated for chronic sinusitis.,She is being treated for long-term sinus infections (chronic sinusitis).
He was diagnosed with schizophrenia.,He was diagnosed with a mental health condition affecting thoughts and behavior (schizophrenia).
The patient has a ruptured spleen.,The patient has a torn spleen (ruptured spleen).
The patient presented with tachycardia and hypertension.,The patient had a fast heartbeat (tachycardia) and high blood pressure (hypertension).
He was diagnosed with myocardial infarction.,He was diagnosed with a heart attack (myocardial infarction).
The child is showing signs of bradycardia.,The child has a slow heartbeat (bradycardia).
She is undergoing chemotherapy for her lymphoma.,She is receiving cancer treatment (chemotherapy) for her lymphoma (a type of blood cancer).
The surgery was complicated by iatrogenic injury.,The surgery had complications due to a treatment-caused injury (iatrogenic injury).
He has a history of chronic obstructive pulmonary disease.,He has a long-term lung condition called chronic obstructive pulmonary disease (COPD).
The patient is experiencing dysphagia.,The patient has difficulty swallowing (dysphagia).
She was treated for deep vein thrombosis.,She was treated for a blood clot in a deep vein (deep vein thrombosis).
The diagnosis is acute lymphoblastic leukemia.,The diagnosis is a type of blood cancer (acute lymphoblastic leukemia).
The patient exhibited symptoms of peripheral neuropathy.,The patient had symptoms of nerve damage in the extremities (peripheral neuropathy).
He was given a prescription for antihypertensive medication.,He was given medicine to lower his high blood pressure (antihypertensive medication).
The MRI revealed a cerebral infarction.,The MRI showed a stroke (cerebral infarction).
She is experiencing menorrhagia.,She is having heavy menstrual bleeding (menorrhagia).
The treatment plan includes bronchodilators.,The treatment plan includes medication to open the airways (bronchodilators).
He has been diagnosed with type 2 diabetes mellitus.,He has been diagnosed with type 2 diabetes (a condition where blood sugar levels are too high).
The patient has a history of gastroesophageal reflux disease.,The patient has a history of acid reflux (gastroesophageal reflux disease or GERD).
She underwent a cholecystectomy.,She had her gallbladder removed (cholecystectomy).
The patient is experiencing dyspnea on exertion.,The patient has trouble breathing when active (dyspnea on exertion).
He has a diagnosis of osteoarthritis.,He has a diagnosis of joint wear-and-tear arthritis (osteoarthritis).
The patient was treated for a pneumothorax.,The patient was treated for a collapsed lung (pneumothorax).
He is experiencing renal insufficiency.,He is experiencing reduced kidney function (renal insufficiency).
The diagnosis is squamous cell carcinoma.,The diagnosis is a type of skin cancer (squamous cell carcinoma).
The patient has a history of atrial fibrillation.,The patient has a history of an irregular heartbeat (atrial fibrillation).
She is experiencing polyuria.,She is urinating a lot (polyuria).
The treatment involves the use of an ACE inhibitor.,The treatment involves using medicine to lower blood pressure (ACE inhibitor).
He presented with jaundice.,He had yellowing of the skin and eyes (jaundice).
The patient has a diagnosis of chronic pancreatitis.,The patient has a long-term inflammation of the pancreas (chronic pancreatitis).
She was treated for hypoglycemia.,She was treated for low blood sugar (hypoglycemia).
The patient is experiencing tinnitus.,The patient is hearing ringing in the ears (tinnitus).
He was diagnosed with benign prostatic hyperplasia.,He was diagnosed with an enlarged prostate gland (benign prostatic hyperplasia).
The patient is on a regimen of statins.,The patient is taking medicine to lower cholesterol (statins).
She has been diagnosed with systemic lupus erythematosus.,She has been diagnosed with an autoimmune disease (systemic lupus erythematosus).
The patient was treated for a subdural hematoma.,The patient was treated for bleeding in the brain (subdural hematoma).
He is showing signs of hypoxia.,He is showing signs of low oxygen levels in the blood (hypoxia).
The patient is experiencing nocturia.,The patient is waking up frequently at night to urinate (nocturia).
She was treated for deep vein thrombosis.,She was treated for a blood clot in a deep vein (deep vein thrombosis).
He was diagnosed with rheumatoid arthritis.,He was diagnosed with an inflammatory joint disease (rheumatoid arthritis).
The patient is experiencing syncope.,The patient is experiencing fainting spells (syncope).
She was diagnosed with hyperthyroidism.,She was diagnosed with an overactive thyroid (hyperthyroidism).
The patient is undergoing dialysis for end-stage renal disease.,The patient is receiving treatment to clean their blood due to kidney failure (end-stage renal disease).
The diagnosis is chronic venous insufficiency.,The diagnosis is poor blood flow in the veins (chronic venous insufficiency).
She is experiencing hyperhidrosis.,She is sweating excessively (hyperhidrosis).
The patient is experiencing dysuria.,The patient has pain during urination (dysuria).
He was treated for cellulitis.,He was treated for a skin infection (cellulitis).
The patient has a diagnosis of diverticulitis.,The patient has a diagnosis of inflammation in the digestive tract (diverticulitis).
She has been diagnosed with fibromyalgia.,She has been diagnosed with a condition causing widespread pain (fibromyalgia).
The patient was treated for aortic aneurysm.,The patient was treated for a bulge in the aorta (aortic aneurysm).
He was diagnosed with idiopathic pulmonary fibrosis.,He was diagnosed with lung scarring of unknown cause (idiopathic pulmonary fibrosis).
The treatment includes beta-blockers.,The treatment includes medicine to lower heart rate and blood pressure (beta-blockers).
She has a diagnosis of multiple sclerosis.,She has a diagnosis of a disease affecting the nervous system (multiple sclerosis).
He has a history of thromboembolism.,He has a history of blood clots traveling in the bloodstream (thromboembolism).
The patient is experiencing hematuria.,The patient has blood in the urine (hematuria).
She has been diagnosed with Addison's disease.,She has been diagnosed with a condition where the adrenal glands do not produce enough hormones (Addison's disease).
The diagnosis is esophageal varices.,The diagnosis is swollen veins in the esophagus (esophageal varices).
He was treated for angina pectoris.,He was treated for chest pain due to reduced blood flow to the heart (angina pectoris).
The patient is experiencing myalgia.,The patient has muscle pain (myalgia).
She was diagnosed with uterine fibroids.,She was diagnosed with non-cancerous growths in the uterus (uterine fibroids).
The treatment plan includes immunosuppressants.,The treatment plan includes medicine to suppress the immune system (immunosuppressants).
The patient is experiencing pruritus.,The patient has itching (pruritus).
She has a diagnosis of polycystic ovary syndrome.,She has a diagnosis of a hormone imbalance that affects the ovaries (polycystic ovary syndrome).
The diagnosis is Guillain-Barré syndrome.,The diagnosis is a condition where the immune system attacks the nerves (Guillain-Barré syndrome).
He is experiencing dyslipidemia.,He has abnormal levels of fats in the blood (dyslipidemia).
The patient is experiencing alopecia areata.,The patient has patchy hair loss (alopecia areata).
She was diagnosed with scleroderma.,She was diagnosed with a disease that causes hardening of the skin (scleroderma).
The treatment includes anticoagulants.,The treatment includes blood thinners (anticoagulants).
He has a diagnosis of Barrett's esophagus.,He has a diagnosis of damage to the esophagus lining (Barrett's esophagus).
The patient is experiencing xerostomia.,The patient has dry mouth (xerostomia).
She was diagnosed with endometriosis.,She was diagnosed with a condition where tissue similar to the lining of the uterus grows outside the uterus (endometriosis).
The diagnosis is nephrolithiasis.,The diagnosis is kidney stones (nephrolithiasis).
He was treated for bursitis.,He was treated for inflammation of the fluid-filled sacs in the joints (bursitis).
The patient is experiencing hyperkalemia.,The patient has high potassium levels in the blood (hyperkalemia).
She was diagnosed with myasthenia gravis.,She was diagnosed with a condition that causes muscle weakness (myasthenia gravis).
The treatment involves the use of corticosteroids.,The treatment involves using medicine to reduce inflammation (corticosteroids).
He has a history of deep vein thrombosis.,He has a history of blood clots in a deep vein (deep vein thrombosis).
The patient is experiencing diplopia.,The patient has double vision (diplopia).
She was diagnosed with celiac disease.,She was diagnosed with a condition where the body cannot tolerate gluten (celiac disease).
The diagnosis is thrombocytopenia.,The diagnosis is low platelet count (thrombocytopenia).
He was treated for gastroenteritis.,He was treated for stomach flu (gastroenteritis).
The patient is experiencing hypercapnia.,The patient has high levels of carbon dioxide in the blood (hypercapnia).
She was diagnosed with systemic lupus erythematosus.,She was diagnosed with an autoimmune disease that affects various parts of the body (systemic lupus erythematosus).
The diagnosis is hydrocephalus.,The diagnosis is a build-up of fluid in the brain (hydrocephalus).
The patient is experiencing dysmenorrhea.,The patient has painful menstrual cramps (dysmenorrhea).
She was diagnosed with hypertrophic cardiomyopathy.,She was diagnosed with a condition where the heart muscle is abnormally thick (hypertrophic cardiomyopathy).
The treatment includes antipyretics.,The treatment includes medicine to reduce fever (antipyretics).
He has a history of osteomyelitis.,He has a history of bone infection (osteomyelitis).
The patient is experiencing hemoptysis.,The patient is coughing up blood (hemoptysis).
She was diagnosed with interstitial cystitis.,She was diagnosed with a long-term bladder condition (interstitial cystitis).
The diagnosis is psoriasis.,"The diagnosis is a skin condition causing red, scaly patches (psoriasis)."
He was treated for hyperuricemia.,He was treated for high uric acid levels in the blood (hyperuricemia).
The patient is experiencing paresthesia.,The patient has tingling or numbness (paresthesia).
She was diagnosed with Addison's disease.,She was diagnosed with a condition where the adrenal glands do not produce enough hormones (Addison's disease).
The treatment includes analgesics.,The treatment includes pain relievers (analgesics).
He has a history of hyperlipidemia.,He has a history of high levels of fats in the blood (hyperlipidemia).
The patient is experiencing photophobia.,The patient is sensitive to light (photophobia).
She was diagnosed with Crohn's disease.,She was diagnosed with a type of inflammatory bowel disease (Crohn's disease).
The diagnosis is Raynaud's phenomenon.,The diagnosis is a condition where the fingers and toes turn white or blue in response to cold or stress (Raynaud's phenomenon).
He was treated for pneumonitis.,He was treated for lung inflammation (pneumonitis).
The patient is experiencing dysphonia.,The patient has difficulty speaking (dysphonia).
She was diagnosed with an ectopic pregnancy.,She was diagnosed with a pregnancy outside the uterus (ectopic pregnancy).
The treatment includes diuretics.,The treatment includes medicine to help the body get rid of excess fluid (diuretics).
He has a history of Bell's palsy.,He has a history of temporary facial paralysis (Bell's palsy).
The patient is experiencing orthopnea.,The patient has difficulty breathing when lying down (orthopnea).
She was diagnosed with a meningioma.,She was diagnosed with a tumor in the brain lining (meningioma).
The diagnosis is erythema nodosum.,The diagnosis is painful red bumps under the skin (erythema nodosum).
He was treated for gastroesophageal reflux disease.,He was treated for acid reflux (gastroesophageal reflux disease or GERD).
The patient is experiencing aphasia.,The patient has difficulty with speech and language (aphasia).
She was diagnosed with sarcoidosis.,She was diagnosed with a disease causing inflammation in various organs (sarcoidosis).
The treatment includes bronchodilators.,The treatment includes medicine to open the airways (bronchodilators).
He has a history of gout.,"He has a history of a type of arthritis causing sudden, severe pain in the joints (gout)."
The patient is experiencing diplopia.,The patient has double vision (diplopia).
She was diagnosed with endometriosis.,She was diagnosed with a condition where tissue similar to the lining of the uterus grows outside the uterus (endometriosis).
The diagnosis is irritable bowel syndrome.,The diagnosis is a condition causing stomach pain and bowel problems (irritable bowel syndrome or IBS).
He was treated for peripheral artery disease.,He was treated for a condition where the blood vessels in the legs are narrowed (peripheral artery disease).
The patient is experiencing otalgia.,The patient has ear pain (otalgia).
She was diagnosed with hypokalemia.,She was diagnosed with low potassium levels in the blood (hypokalemia).
The treatment includes antihistamines.,The treatment includes medicine to relieve allergy symptoms (antihistamines).
He has a history of hypothyroidism.,He has a history of an underactive thyroid (hypothyroidism).
The patient is experiencing bradykinesia.,The patient has slow movement (bradykinesia).
She was diagnosed with trigeminal neuralgia.,She was diagnosed with a condition causing severe facial pain (trigeminal neuralgia).
The diagnosis is chronic fatigue syndrome.,The diagnosis is a condition causing extreme tiredness (chronic fatigue syndrome).
He was treated for thrombophlebitis.,He was treated for a blood clot causing vein inflammation (thrombophlebitis).
The patient is experiencing dysgeusia.,The patient has a distorted sense of taste (dysgeusia).
She was diagnosed with Graves' disease.,She was diagnosed with an autoimmune disorder causing an overactive thyroid (Graves' disease).
The treatment includes antidiarrheals.,The treatment includes medicine to stop diarrhea (antidiarrheals).
He has a history of hyperparathyroidism.,He has a history of overactive parathyroid glands (hyperparathyroidism).
The patient is experiencing anhidrosis.,The patient has a lack of sweating (anhidrosis).
She was diagnosed with pericarditis.,She was diagnosed with inflammation of the lining around the heart (pericarditis).
The diagnosis is bronchiectasis.,The diagnosis is a condition where the airways in the lungs are widened and damaged (bronchiectasis).
He was treated for peptic ulcer disease.,He was treated for sores in the stomach or intestines (peptic ulcer disease).
The patient is experiencing dysphagia.,The patient has difficulty swallowing (dysphagia).
She was diagnosed with polyarteritis nodosa.,She was diagnosed with a condition causing inflammation of the blood vessels (polyarteritis nodosa).
The treatment includes antifungals.,The treatment includes medicine to treat fungal infections (antifungals).
He has a history of hyperaldosteronism.,He has a history of overproduction of a hormone called aldosterone (hyperaldosteronism).
The patient is experiencing hyperalgesia.,The patient has an increased sensitivity to pain (hyperalgesia).
She was diagnosed with bronchopneumonia.,She was diagnosed with a type of lung infection (bronchopneumonia).
The diagnosis is amyotrophic lateral sclerosis.,The diagnosis is a progressive nervous system disease affecting nerve cells in the brain and spinal cord (amyotrophic lateral sclerosis or ALS).
He was treated for a hiatal hernia.,He was treated for a condition where part of the stomach pushes up through the diaphragm (hiatal hernia).
The patient is experiencing anosmia.,The patient has lost their sense of smell (anosmia).
She was diagnosed with ulcerative colitis.,She was diagnosed with a chronic disease causing inflammation and sores in the colon (ulcerative colitis).
The treatment includes antitussives.,The treatment includes medicine to suppress coughing (antitussives).
He has a history of hypoparathyroidism.,He has a history of underactive parathyroid glands (hypoparathyroidism).
The patient is experiencing tachypnea.,The patient is breathing rapidly (tachypnea).
She was diagnosed with eosinophilic esophagitis.,She was diagnosed with an allergic condition causing inflammation of the esophagus (eosinophilic esophagitis).
The diagnosis is Stevens-Johnson syndrome.,"The diagnosis is a rare, serious disorder of the skin and mucous membranes (Stevens-Johnson syndrome)."
He was treated for pancreatitis.,He was treated for inflammation of the pancreas (pancreatitis).
The patient is experiencing ataxia.,The patient has a lack of muscle coordination (ataxia).
She was diagnosed with erythrocytosis.,She was diagnosed with an increase in red blood cells (erythrocytosis).
The treatment includes anticonvulsants.,The treatment includes medicine to prevent seizures (anticonvulsants).
He has a history of hypogonadism.,He has a history of reduced hormone production by the sex glands (hypogonadism).
The patient is experiencing hyperventilation.,The patient is breathing too quickly (hyperventilation).
She was diagnosed with ankylosing spondylitis.,She was diagnosed with a type of arthritis affecting the spine (ankylosing spondylitis).
The diagnosis is chronic lymphocytic leukemia.,The diagnosis is a type of blood cancer affecting the lymphocytes (chronic lymphocytic leukemia or CLL).
He was treated for myocardial ischemia.,He was treated for reduced blood flow to the heart muscle (myocardial ischemia).
The patient is experiencing hyperesthesia.,The patient has an increased sensitivity to touch (hyperesthesia).
She was diagnosed with Wilson's disease.,She was diagnosed with a genetic disorder causing excess copper to accumulate in the body (Wilson's disease).
The treatment includes antihypertensives.,The treatment includes medicine to lower high blood pressure (antihypertensives).
He has a history of hypophosphatemia.,He has a history of low phosphate levels in the blood (hypophosphatemia).
The patient is experiencing hyperglycemia.,The patient has high blood sugar (hyperglycemia).
She was diagnosed with trigeminal neuralgia.,She was diagnosed with a condition causing severe facial pain (trigeminal neuralgia).
The diagnosis is chronic idiopathic urticaria.,The diagnosis is long-term hives with an unknown cause (chronic idiopathic urticaria).
He was treated for hyperhidrosis.,He was treated for excessive sweating (hyperhidrosis).
The patient is experiencing hypogeusia.,The patient has reduced ability to taste (hypogeusia).
She was diagnosed with Kawasaki disease.,She was diagnosed with a condition causing inflammation in the blood vessels (Kawasaki disease).
The treatment includes antiemetics.,The treatment includes medicine to prevent nausea and vomiting (antiemetics).
He has a history of hypomagnesemia.,He has a history of low magnesium levels in the blood (hypomagnesemia).
The patient is experiencing hematemesis.,The patient is vomiting blood (hematemesis).
She was diagnosed with systemic sclerosis.,She was diagnosed with a disease causing hardening and tightening of the skin and connective tissues (systemic sclerosis).
The diagnosis is benign prostatic hyperplasia.,The diagnosis is an enlarged prostate gland (benign prostatic hyperplasia).
He was treated for nephrotic syndrome.,He was treated for a kidney disorder causing the body to pass too much protein in the urine (nephrotic syndrome).
The patient is experiencing hyperemesis.,The patient has severe vomiting (hyperemesis).
She was diagnosed with eosinophilia.,She was diagnosed with a high number of a type of white blood cell (eosinophilia).
The treatment includes antispasmodics.,The treatment includes medicine to relieve muscle spasms (antispasmodics).
He has a history of hypothyroidism.,He has a history of an underactive thyroid (hypothyroidism).
The patient is experiencing dyspnea.,The patient has difficulty breathing (dyspnea).
She was diagnosed with a pituitary adenoma.,She was diagnosed with a benign tumor in the pituitary gland (pituitary adenoma).
The diagnosis is acute respiratory distress syndrome.,The diagnosis is a severe lung condition causing breathing difficulties (acute respiratory distress syndrome or ARDS).
He was treated for pyelonephritis.,He was treated for a kidney infection (pyelonephritis).
The patient is experiencing dyspepsia.,The patient has indigestion (dyspepsia).
She was diagnosed with Sjogren's syndrome.,She was diagnosed with an autoimmune disease causing dry eyes and mouth (Sjogren's syndrome).
The treatment includes antivirals.,The treatment includes medicine to treat viral infections (antivirals).
He has a history of hypercholesterolemia.,He has a history of high cholesterol levels in the blood (hypercholesterolemia).
The patient is experiencing hemolysis.,The patient has a condition where red blood cells are being destroyed faster than they are made (hemolysis).
She was diagnosed with lupus nephritis.,She was diagnosed with a kidney inflammation caused by lupus (lupus nephritis).
The diagnosis is benign positional vertigo.,The diagnosis is a condition causing brief episodes of dizziness when the head is moved (benign positional vertigo).
He was treated for bronchitis.,He was treated for inflammation of the airways in the lungs (bronchitis).
The patient is experiencing photophobia.,The patient is sensitive to light (photophobia).
She was diagnosed with Takayasu's arteritis.,She was diagnosed with a rare disease causing inflammation of the large blood vessels (Takayasu's arteritis).
The treatment includes antacids.,The treatment includes medicine to neutralize stomach acid (antacids).
He has a history of hyperbilirubinemia.,He has a history of high levels of bilirubin in the blood (hyperbilirubinemia).
The patient is experiencing hypernatremia.,The patient has high sodium levels in the blood (hypernatremia).
She was diagnosed with antiphospholipid syndrome.,She was diagnosed with a disorder causing blood clots and pregnancy complications (antiphospholipid syndrome).
The diagnosis is chronic venous insufficiency.,The diagnosis is poor blood flow in the veins (chronic venous insufficiency).
He was treated for a pneumothorax.,He was treated for a collapsed lung (pneumothorax).
The patient is experiencing hypercalcemia.,The patient has high calcium levels in the blood (hypercalcemia).
She was diagnosed with aplastic anemia.,She was diagnosed with a condition where the body stops producing enough new blood cells (aplastic anemia).
The treatment includes antiplatelet agents.,The treatment includes medicine to prevent blood clots (antiplatelet agents).
He has a history of hyperammonemia.,He has a history of high ammonia levels in the blood (hyperammonemia).
The patient is experiencing hypoglycemia.,The patient has low blood sugar (hypoglycemia).
She was diagnosed with Hashimoto's thyroiditis.,She was diagnosed with an autoimmune disease causing an underactive thyroid (Hashimoto's thyroiditis).
The diagnosis is chronic obstructive pulmonary disease.,The diagnosis is a long-term lung disease that makes it hard to breathe (chronic obstructive pulmonary disease or COPD).
He was treated for a transient ischemic attack.,He was treated for a mini-stroke (transient ischemic attack or TIA).
The patient is experiencing thrombocytosis.,The patient has a high platelet count (thrombocytosis).
She was diagnosed with Cushing's syndrome.,She was diagnosed with a condition caused by high levels of cortisol (Cushing's syndrome).
The treatment includes antibiotics.,The treatment includes medicine to treat bacterial infections (antibiotics).
He has a history of hypercalciuria.,He has a history of high calcium levels in the urine (hypercalciuria).
The patient is experiencing hematuria.,The patient has blood in the urine (hematuria).
She was diagnosed with Huntington's disease.,She was diagnosed with a genetic disorder causing the progressive breakdown of nerve cells in the brain (Huntington's disease).
The diagnosis is acute lymphoblastic leukemia.,The diagnosis is a type of blood cancer (acute lymphoblastic leukemia or ALL).
He was treated for pyoderma gangrenosum.,He was treated for a rare skin condition causing painful ulcers (pyoderma gangrenosum).
The patient is experiencing hemiparesis.,The patient has weakness on one side of the body (hemiparesis).
She was diagnosed with Charcot-Marie-Tooth disease.,She was diagnosed with a genetic disorder affecting the peripheral nerves (Charcot-Marie-Tooth disease).
The treatment includes anticoagulants.,The treatment includes blood thinners (anticoagulants).
He has a history of hyperchloremia.,He has a history of high chloride levels in the blood (hyperchloremia).
The patient is experiencing hypertriglyceridemia.,The patient has high triglyceride levels in the blood (hypertriglyceridemia).
She was diagnosed with Marfan syndrome.,She was diagnosed with a genetic disorder affecting the body's connective tissue (Marfan syndrome).
The diagnosis is primary biliary cirrhosis.,The diagnosis is a chronic liver disease causing damage to the bile ducts (primary biliary cirrhosis).
The patient is experiencing hyperbilirubinemia.,The patient has high bilirubin levels in the blood (hyperbilirubinemia).
She was diagnosed with ankylosing spondylitis.,She was diagnosed with a type of arthritis affecting the spine (ankylosing spondylitis).
The treatment includes antihypertensives.,The treatment includes medicine to lower high blood pressure (antihypertensives).
He has a history of hypophosphatemia.,He has a history of low phosphate levels in the blood (hypophosphatemia).
The patient is experiencing hypokalemia.,The patient has low potassium levels in the blood (hypokalemia).
She was diagnosed with Wilson's disease.,She was diagnosed with a genetic disorder causing excess copper to accumulate in the body (Wilson's disease).
The diagnosis is chronic lymphocytic leukemia.,The diagnosis is a type of blood cancer affecting the lymphocytes (chronic lymphocytic leukemia or CLL).
He was treated for pyelonephritis.,He was treated for a kidney infection (pyelonephritis).
The patient is experiencing hypocalcemia.,The patient has low calcium levels in the blood (hypocalcemia).
She was diagnosed with systemic lupus erythematosus.,She was diagnosed with an autoimmune disease that affects various parts of the body (systemic lupus erythematosus).
The treatment includes antivirals.,The treatment includes medicine to treat viral infections (antivirals).
He has a history of hyperlipidemia.,He has a history of high levels of fats in the blood (hyperlipidemia).
The patient is experiencing hyperglycemia.,The patient has high blood sugar (hyperglycemia).
She was diagnosed with Graves' disease.,She was diagnosed with an autoimmune disorder causing an overactive thyroid (Graves' disease).
The diagnosis is chronic venous insufficiency.,The diagnosis is poor blood flow in the veins (chronic venous insufficiency).
He was treated for nephrotic syndrome.,He was treated for a kidney disorder causing the body to pass too much protein in the urine (nephrotic syndrome).
The patient is experiencing hypercapnia.,The patient has high levels of carbon dioxide in the blood (hypercapnia).
She was diagnosed with aplastic anemia.,She was diagnosed with a condition where the body stops producing enough new blood cells (aplastic anemia).
The treatment includes antiplatelet agents.,The treatment includes medicine to prevent blood clots (antiplatelet agents).
He has a history of hyperammonemia.,He has a history of high ammonia levels in the blood (hyperammonemia).
The patient is experiencing hematuria.,The patient has blood in the urine (hematuria).
She was diagnosed with Huntington's disease.,She was diagnosed with a genetic disorder causing the progressive breakdown of nerve cells in the brain (Huntington's disease).
The diagnosis is chronic obstructive pulmonary disease.,The diagnosis is a long-term lung disease that makes it hard to breathe (chronic obstructive pulmonary disease or COPD).
He was treated for thrombophlebitis.,He was treated for a blood clot causing vein inflammation (thrombophlebitis).
The patient is experiencing hemoptysis.,The patient is coughing up blood (hemoptysis).
She was diagnosed with interstitial cystitis.,She was diagnosed with a long-term bladder condition (interstitial cystitis).
The diagnosis is primary biliary cirrhosis.,The diagnosis is a chronic liver disease causing damage to the bile ducts (primary biliary cirrhosis).
The patient is experiencing photophobia.,The patient is sensitive to light (photophobia).
She was diagnosed with systemic sclerosis.,She was diagnosed with a disease causing hardening and tightening of the skin and connective tissues (systemic sclerosis).
The treatment includes antacids.,The treatment includes medicine to neutralize stomach acid (antacids).
He has a history of hyperbilirubinemia.,He has a history of high levels of bilirubin in the blood (hyperbilirubinemia).
The patient is experiencing hypokalemia.,The patient has low potassium levels in the blood (hypokalemia).
She was diagnosed with antiphospholipid syndrome.,She was diagnosed with a disorder causing blood clots and pregnancy complications (antiphospholipid syndrome).
The diagnosis is Stevens-Johnson syndrome.,"The diagnosis is a rare, serious disorder of the skin and mucous membranes (Stevens-Johnson syndrome)."
He was treated for peripheral artery disease.,He was treated for a condition where the blood vessels in the legs are narrowed (peripheral artery disease).
The patient is experiencing paresthesia.,The patient has tingling or numbness (paresthesia).
She was diagnosed with Crohn's disease.,She was diagnosed with a type of inflammatory bowel disease (Crohn's disease).
The diagnosis is amyotrophic lateral sclerosis.,The diagnosis is a progressive nervous system disease affecting nerve cells in the brain and spinal cord (amyotrophic lateral sclerosis or ALS).
He was treated for a pneumothorax.,He was treated for a collapsed lung (pneumothorax).
The patient is experiencing dysuria.,The patient has pain during urination (dysuria).
She was diagnosed with Hashimoto's thyroiditis.,She was diagnosed with an autoimmune disease causing an underactive thyroid (Hashimoto's thyroiditis).
The diagnosis is hypokalemia.,The diagnosis is low potassium levels in the blood (hypokalemia).
He was treated for a transient ischemic attack.,He was treated for a mini-stroke (transient ischemic attack or TIA).
She was diagnosed with polyarteritis nodosa.,She was diagnosed with a condition causing inflammation of the blood vessels (polyarteritis nodosa).
The treatment includes anticoagulants.,The treatment includes blood thinners (anticoagulants).
He has a history of hyperammonemia.,He has a history of high ammonia levels in the blood (hyperammonemia).
The patient is experiencing diplopia.,The patient has double vision (diplopia).
She was diagnosed with antiphospholipid syndrome.,She was diagnosed with a disorder causing blood clots and pregnancy complications (antiphospholipid syndrome).
The diagnosis is chronic fatigue syndrome.,The diagnosis is a condition causing extreme tiredness (chronic fatigue syndrome).
He was treated for nephrotic syndrome.,He was treated for a kidney disorder causing the body to pass too much protein in the urine (nephrotic syndrome).
The patient is experiencing hyperemesis.,The patient has severe vomiting (hyperemesis).
She was diagnosed with eosinophilia.,She was diagnosed with a high number of a type of white blood cell (eosinophilia).
The treatment includes antipyretics.,The treatment includes medicine to reduce fever (antipyretics).
He has a history of hypercalciuria.,He has a history of high calcium levels in the urine (hypercalciuria).
The patient is experiencing hemoptysis.,The patient is coughing up blood (hemoptysis).
She was diagnosed with chronic lymphocytic leukemia.,She was diagnosed with a type of blood cancer affecting the lymphocytes (chronic lymphocytic leukemia or CLL).
The patient presented with dyspnea and cyanosis.,The patient presented with dyspnea (difficulty breathing) and cyanosis (bluish skin color).
The lesion was excised and sent for histopathological examination.,The lesion (abnormal tissue) was excised (cut out) and sent for histopathological examination (microscopic tissue study).
She underwent a laparoscopic cholecystectomy.,She underwent a laparoscopic cholecystectomy (minimally invasive gallbladder removal surgery).
The ECG showed signs of atrial fibrillation.,The ECG (heart test) showed signs of atrial fibrillation (irregular heart rhythm).
The patient was diagnosed with chronic obstructive pulmonary disease.,The patient was diagnosed with chronic obstructive pulmonary disease (long-term lung disease).
He had a myocardial infarction last year.,He had a myocardial infarction (heart attack) last year.
Her condition was stabilized with the use of vasopressors.,Her condition was stabilized with the use of vasopressors (medicines to raise blood pressure).
He has been prescribed an ACE inhibitor.,He has been prescribed an ACE inhibitor (blood pressure medication).
The biopsy revealed malignant cells.,The biopsy (tissue sample) revealed malignant cells (cancer cells).
The patient experienced hematemesis.,The patient experienced hematemesis (vomiting blood).
She was diagnosed with hyperthyroidism.,She was diagnosed with hyperthyroidism (overactive thyroid).
The neonate was delivered via cesarean section.,The neonate (newborn) was delivered via cesarean section (C-section surgery).
He is scheduled for an echocardiogram.,He is scheduled for an echocardiogram (heart ultrasound).
The patient was given an anticoagulant to prevent thrombosis.,The patient was given an anticoagulant (blood thinner) to prevent thrombosis (blood clots).
The patient is exhibiting signs of peripheral neuropathy.,The patient is exhibiting signs of peripheral neuropathy (nerve damage in the extremities).
The CT scan showed a subdural hematoma.,The CT scan showed a subdural hematoma (bleeding under the skull).
She was treated for acute pyelonephritis.,She was treated for acute pyelonephritis (sudden kidney infection).
The patient was given a bronchodilator.,The patient was given a bronchodilator (medicine to open airways).
The MRI indicated a herniated disc.,The MRI indicated a herniated disc (slipped disc in the spine).
The patient's wound was debrided.,The patient's wound was debrided (cleaned of dead tissue).
She has been diagnosed with systemic lupus erythematosus.,She has been diagnosed with systemic lupus erythematosus (an autoimmune disease).
The patient was treated with an intravenous antibiotic.,The patient was treated with an intravenous antibiotic (antibiotic given through a vein).
He has a history of deep vein thrombosis.,He has a history of deep vein thrombosis (blood clots in deep veins).
The patient underwent a coronary angioplasty.,The patient underwent a coronary angioplasty (procedure to open blocked heart arteries).
She was diagnosed with idiopathic pulmonary fibrosis.,She was diagnosed with idiopathic pulmonary fibrosis (lung disease with unknown cause).
The patient exhibited signs of encephalopathy.,The patient exhibited signs of encephalopathy (brain dysfunction).
She was treated for bacterial meningitis.,She was treated for bacterial meningitis (bacterial infection of the brain and spinal cord lining).
The patient underwent a total hip arthroplasty.,The patient underwent a total hip arthroplasty (hip replacement surgery).
The patient's blood work showed hyperglycemia.,The patient's blood work showed hyperglycemia (high blood sugar).
He was given an antiemetic for nausea.,He was given an antiemetic (medicine to prevent vomiting) for nausea.
The patient was diagnosed with bipolar disorder.,The patient was diagnosed with bipolar disorder (mental illness with mood swings).
The surgical team performed a craniotomy.,The surgical team performed a craniotomy (surgery to open the skull).
The patient has chronic renal insufficiency.,The patient has chronic renal insufficiency (long-term kidney disease).
She was diagnosed with obstructive sleep apnea.,She was diagnosed with obstructive sleep apnea (breathing stops during sleep).
He has a diagnosis of chronic pancreatitis.,He has a diagnosis of chronic pancreatitis (long-term inflammation of the pancreas).
The patient was treated for atrial flutter.,The patient was treated for atrial flutter (irregular heart rhythm).
She presented with symptoms of peripheral vascular disease.,She presented with symptoms of peripheral vascular disease (narrowed blood vessels).
He was diagnosed with metastatic carcinoma.,He was diagnosed with metastatic carcinoma (cancer that has spread).
The patient has a history of epileptic seizures.,The patient has a history of epileptic seizures (seizures due to epilepsy).
The patient was diagnosed with hepatic encephalopathy.,The patient was diagnosed with hepatic encephalopathy (brain dysfunction due to liver disease).
She has symptoms of rheumatoid arthritis.,She has symptoms of rheumatoid arthritis (a type of joint inflammation).
The patient's condition was managed with corticosteroids.,The patient's condition was managed with corticosteroids (anti-inflammatory drugs).
The biopsy showed adenocarcinoma.,The biopsy (tissue sample) showed adenocarcinoma (a type of cancer).
The patient was treated for community-acquired pneumonia.,The patient was treated for community-acquired pneumonia (lung infection caught outside a hospital).
The patient has a history of polycystic ovarian syndrome.,The patient has a history of polycystic ovarian syndrome (hormonal disorder causing enlarged ovaries).
The patient was diagnosed with chronic bronchitis.,The patient was diagnosed with chronic bronchitis (long-term inflammation of the airways).
He was diagnosed with acute lymphoblastic leukemia.,He was diagnosed with acute lymphoblastic leukemia (a type of blood cancer).
The patient was treated for urolithiasis.,The patient was treated for urolithiasis (kidney stones).
She has symptoms of irritable bowel syndrome.,She has symptoms of irritable bowel syndrome (digestive disorder causing stomach pain).
The patient has a history of hypertensive crisis.,The patient has a history of hypertensive crisis (severe high blood pressure).
The patient was diagnosed with acute myocardial infarction.,The patient was diagnosed with acute myocardial infarction (sudden heart attack).
She was diagnosed with osteoarthritis.,She was diagnosed with osteoarthritis (joint disease causing pain and stiffness).
The patient has a history of hemophilia.,The patient has a history of hemophilia (bleeding disorder).
He was treated for benign prostatic hyperplasia.,He was treated for benign prostatic hyperplasia (enlarged prostate).
The patient was given a sedative prior to the procedure.,The patient was given a sedative (calming medication) prior to the procedure.
The patient presented with symptoms of hyperkalemia.,The patient presented with symptoms of hyperkalemia (high potassium levels).
The patient's electrocardiogram showed signs of ischemia.,The patient's electrocardiogram (heart test) showed signs of ischemia (lack of blood flow to the heart).
The patient was treated for cellulitis.,The patient was treated for cellulitis (skin infection).
The patient was diagnosed with celiac disease.,The patient was diagnosed with celiac disease (gluten intolerance).
She has a history of ankylosing spondylitis.,She has a history of ankylosing spondylitis (arthritis affecting the spine).
The patient was treated for deep vein thrombosis.,The patient was treated for deep vein thrombosis (blood clots in the veins).
The patient's echocardiogram showed signs of cardiomyopathy.,The patient's echocardiogram (heart ultrasound) showed signs of cardiomyopathy (heart muscle disease).
The patient has a diagnosis of obsessive-compulsive disorder.,"The patient has a diagnosis of obsessive-compulsive disorder (OCD, a mental health condition with repetitive behaviors)."
The patient was treated for diabetic ketoacidosis.,The patient was treated for diabetic ketoacidosis (serious diabetes complication).
He has a diagnosis of major depressive disorder.,He has a diagnosis of major depressive disorder (severe depression).
The patient has a history of idiopathic thrombocytopenic purpura.,The patient has a history of idiopathic thrombocytopenic purpura (low platelet count causing easy bruising).
The patient was diagnosed with systemic sclerosis.,The patient was diagnosed with systemic sclerosis (hardening and tightening of the skin and connective tissues).
She was diagnosed with multiple myeloma.,She was diagnosed with multiple myeloma (a type of blood cancer).
The patient underwent a gastrectomy.,The patient underwent a gastrectomy (stomach removal surgery).
He was treated for esophageal varices.,He was treated for esophageal varices (swollen veins in the esophagus).
The patient was diagnosed with nephrotic syndrome.,The patient was diagnosed with nephrotic syndrome (kidney disorder causing protein loss in urine).
She has a history of Hashimoto's thyroiditis.,She has a history of Hashimoto's thyroiditis (an autoimmune thyroid disorder).
The patient was treated for polymyalgia rheumatica.,The patient was treated for polymyalgia rheumatica (inflammatory disorder causing muscle pain).
The patient was diagnosed with Sjogren's syndrome.,The patient was diagnosed with Sjogren's syndrome (autoimmune disease causing dry eyes and mouth).
He was treated for chronic fatigue syndrome.,He was treated for chronic fatigue syndrome (long-term tiredness).
The patient presented with symptoms of Raynaud's phenomenon.,The patient presented with symptoms of Raynaud's phenomenon (reduced blood flow to fingers and toes).
The patient was diagnosed with acute respiratory distress syndrome.,The patient was diagnosed with acute respiratory distress syndrome (severe lung condition).
The patient has a history of hemochromatosis.,The patient has a history of hemochromatosis (iron overload disorder).
She was treated for endometriosis.,She was treated for endometriosis (condition where tissue similar to the lining inside the uterus grows outside it).
The patient was diagnosed with diverticulitis.,The patient was diagnosed with diverticulitis (inflammation of the digestive tract pouches).
The patient was treated for Bell's palsy.,The patient was treated for Bell's palsy (sudden facial muscle weakness).
The patient was diagnosed with multiple sclerosis.,The patient was diagnosed with multiple sclerosis (disease affecting the brain and spinal cord).
He has a diagnosis of Alzheimer's disease.,He has a diagnosis of Alzheimer's disease (a form of dementia).
The patient was treated for nephrolithiasis.,The patient was treated for nephrolithiasis (kidney stones).
She has symptoms of chronic sinusitis.,She has symptoms of chronic sinusitis (long-term sinus infection).
The patient presented with symptoms of ulcerative colitis.,The patient presented with symptoms of ulcerative colitis (chronic inflammatory bowel disease).
The patient was diagnosed with hypothyroidism.,The patient was diagnosed with hypothyroidism (underactive thyroid).
He has a diagnosis of narcolepsy.,He has a diagnosis of narcolepsy (sleep disorder causing excessive sleepiness).
The patient was treated for hyperlipidemia.,The patient was treated for hyperlipidemia (high cholesterol).
He underwent a coronary artery bypass graft.,He underwent a coronary artery bypass graft (heart surgery).
She was diagnosed with hypertension.,She was diagnosed with hypertension (high blood pressure).
He has been prescribed an antihypertensive.,He has been prescribed an antihypertensive (blood pressure medication).
The scan showed a pulmonary embolism.,The scan showed a pulmonary embolism (blood clot in the lungs).
She experiences frequent migraine attacks.,She experiences frequent migraine attacks (severe headaches).
He was admitted with acute renal failure.,He was admitted with acute renal failure (sudden kidney failure).
She underwent a laparoscopic cholecystectomy.,She underwent a laparoscopic cholecystectomy (gallbladder removal surgery).
The patient has gastroesophageal reflux disease.,The patient has gastroesophageal reflux disease (GERD or acid reflux).
She has been diagnosed with osteoarthritis.,She has been diagnosed with osteoarthritis (joint pain and stiffness).
He was treated for a peptic ulcer.,He was treated for a peptic ulcer (stomach ulcer).
The lab results indicate hyperglycemia.,The lab results indicate hyperglycemia (high blood sugar).
She was given an antihistamine for her allergies.,She was given an antihistamine (allergy medicine) for her allergies.
The patient has a benign tumor.,The patient has a benign tumor (non-cancerous growth).
He is suffering from deep vein thrombosis.,He is suffering from deep vein thrombosis (blood clot in the leg).
She is receiving chemotherapy for her condition.,She is receiving chemotherapy (cancer treatment) for her condition.
The patient has type 1 diabetes mellitus.,The patient has type 1 diabetes mellitus (a type of diabetes).
He has developed an inguinal hernia.,He has developed an inguinal hernia (a hernia in the groin).
The test revealed hypokalemia.,The test revealed hypokalemia (low potassium levels).
She is diagnosed with bipolar disorder.,She is diagnosed with bipolar disorder (a mental health condition).
The patient was found to have hyperlipidemia.,The patient was found to have hyperlipidemia (high cholesterol).
The child is experiencing otitis media.,The child is experiencing otitis media (middle ear infection).
The patient has thrombocytopenia.,The patient has thrombocytopenia (low platelet count).
He has been diagnosed with cirrhosis.,He has been diagnosed with cirrhosis (liver damage).
She has developed peripheral neuropathy.,She has developed peripheral neuropathy (nerve damage).
The patient has been diagnosed with hyperthyroidism.,The patient has been diagnosed with hyperthyroidism (overactive thyroid).
He has a severe case of dermatitis.,He has a severe case of dermatitis (skin inflammation).
She suffers from chronic fatigue syndrome.,She suffers from chronic fatigue syndrome (long-term tiredness).
He has been diagnosed with epilepsy.,He has been diagnosed with epilepsy (seizure disorder).
The patient underwent an appendectomy.,The patient underwent an appendectomy (appendix removal surgery).
She has been diagnosed with endometriosis.,She has been diagnosed with endometriosis (a condition where tissue similar to the lining of the uterus grows outside the uterus).
The doctor performed a biopsy.,The doctor performed a biopsy (took a small sample of tissue for testing).
He was treated for pancreatitis.,He was treated for pancreatitis (inflammation of the pancreas).
The patient has a diagnosis of rheumatoid arthritis.,The patient has a diagnosis of rheumatoid arthritis (a type of joint disease).
He was found to have a subdural hematoma.,He was found to have a subdural hematoma (a type of brain bleed).
The patient has been diagnosed with schizophrenia.,The patient has been diagnosed with schizophrenia (a serious mental disorder).
She has chronic lower back pain.,She has chronic lower back pain (long-term back pain).
He suffers from obstructive sleep apnea.,He suffers from obstructive sleep apnea (a sleep disorder that causes breathing to stop and start).
The scan showed multiple sclerosis.,The scan showed multiple sclerosis (a disease affecting the brain and spinal cord).
She has been prescribed an antidepressant.,She has been prescribed an antidepressant (medication for depression).
The patient underwent a mastectomy.,The patient underwent a mastectomy (breast removal surgery).
He has been diagnosed with ankylosing spondylitis.,He has been diagnosed with ankylosing spondylitis (a type of arthritis affecting the spine).
The child has been diagnosed with asthma.,The child has been diagnosed with asthma (a condition that makes breathing difficult).
The patient has celiac disease.,The patient has celiac disease (a condition where the body reacts to gluten).
The patient has a history of gout.,The patient has a history of gout (a type of arthritis causing severe pain and swelling).
He was diagnosed with diverticulitis.,He was diagnosed with diverticulitis (inflammation of pouches in the colon).
She is suffering from alopecia.,She is suffering from alopecia (hair loss).
The scan showed a meningioma.,The scan showed a meningioma (a type of brain tumor).
He is experiencing anaphylaxis.,He is experiencing anaphylaxis (a severe allergic reaction).
The patient has been diagnosed with Crohn's disease.,The patient has been diagnosed with Crohn's disease (a type of inflammatory bowel disease).
She has a history of fibromyalgia.,She has a history of fibromyalgia (a condition causing widespread pain and fatigue).
The patient was treated for a femoral fracture.,The patient was treated for a femoral fracture (broken thigh bone).
He has been diagnosed with sleep apnea.,He has been diagnosed with sleep apnea (a disorder causing interrupted breathing during sleep).
He has a history of tuberculosis.,"He has a history of tuberculosis (TB, a lung infection)."
She has been diagnosed with ulcerative colitis.,She has been diagnosed with ulcerative colitis (a type of inflammatory bowel disease).
The patient has a history of Bell's palsy.,The patient has a history of Bell's palsy (facial paralysis).
He underwent a cystoscopy.,He underwent a cystoscopy (bladder examination).
She has been diagnosed with Hashimoto's thyroiditis.,She has been diagnosed with Hashimoto's thyroiditis (an autoimmune thyroid disease).
The patient has been treated for gastritis.,The patient has been treated for gastritis (stomach inflammation).
He was diagnosed with aortic stenosis.,He was diagnosed with aortic stenosis (narrowing of the heart valve).
The child has a congenital heart defect.,The child has a congenital heart defect (a heart problem present at birth).
She is receiving treatment for lupus.,She is receiving treatment for lupus (an autoimmune disease).
The patient was found to have macular degeneration.,The patient was found to have macular degeneration (an eye condition causing vision loss).
He was diagnosed with Hodgkin's lymphoma.,He was diagnosed with Hodgkin's lymphoma (a type of cancer).
She has a history of bipolar disorder.,She has a history of bipolar disorder (a mental health condition with mood swings).
The scan revealed a pituitary adenoma.,The scan revealed a pituitary adenoma (a non-cancerous tumor in the pituitary gland).
He has been diagnosed with chronic bronchitis.,He has been diagnosed with chronic bronchitis (long-term inflammation of the airways).
She is suffering from macular edema.,She is suffering from macular edema (swelling in the retina).
The patient has been treated for hepatitis C.,The patient has been treated for hepatitis C (a liver infection).
He underwent an endoscopy.,He underwent an endoscopy (a procedure to look inside the digestive tract).
She was diagnosed with Raynaud's phenomenon.,She was diagnosed with Raynaud's phenomenon (a condition causing cold and numb fingers or toes).
The child has been diagnosed with Kawasaki disease.,The child has been diagnosed with Kawasaki disease (a condition that causes inflammation in blood vessels).
He was treated for diabetic retinopathy.,He was treated for diabetic retinopathy (eye damage from diabetes).
She has a diagnosis of polycystic ovary syndrome.,"She has a diagnosis of polycystic ovary syndrome (PCOS, a hormonal disorder)."
The patient has been diagnosed with varicose veins.,"The patient has been diagnosed with varicose veins (swollen, twisted veins)."
He has a history of temporal arteritis.,He has a history of temporal arteritis (inflammation of blood vessels in the head).
The scan showed a herniated disc.,The scan showed a herniated disc (a problem with one of the cushions between the bones of the spine).
She has been diagnosed with Addison's disease.,She has been diagnosed with Addison's disease (a disorder of the adrenal glands).
The patient underwent a hysterectomy.,The patient underwent a hysterectomy (removal of the uterus).
He was diagnosed with aortic aneurysm.,He was diagnosed with aortic aneurysm (a bulging in the aorta).
The child has been diagnosed with bronchiolitis.,The child has been diagnosed with bronchiolitis (an infection of the small airways in the lungs).
She has a history of endocarditis.,She has a history of endocarditis (an infection of the heart lining).
The patient has been treated for cellulitis.,The patient has been treated for cellulitis (a bacterial skin infection).
He has a diagnosis of renal calculi.,He has a diagnosis of renal calculi (kidney stones).
She has been diagnosed with Barrett's esophagus.,She has been diagnosed with Barrett's esophagus (a condition where the esophagus lining changes).
The patient has been diagnosed with seborrheic dermatitis.,The patient has been diagnosed with seborrheic dermatitis (a skin condition causing scaly patches).
He was diagnosed with Guillain-Barré syndrome.,He was diagnosed with Guillain-Barré syndrome (a rare disorder where the body's immune system attacks the nerves).
She has a history of benign prostatic hyperplasia.,She has a history of benign prostatic hyperplasia (enlarged prostate).
The patient was found to have ischemic colitis.,The patient was found to have ischemic colitis (inflammation of the colon due to reduced blood flow).
He has been diagnosed with peripheral artery disease.,He has been diagnosed with peripheral artery disease (narrowing of the arteries in the legs).
She has a diagnosis of scleroderma.,She has a diagnosis of scleroderma (a condition causing hardening and tightening of the skin).
The patient has been treated for a herniated disc.,The patient has been treated for a herniated disc (a problem with one of the cushions between the bones of the spine).
He was diagnosed with Graves' disease.,He was diagnosed with Graves' disease (an autoimmune disorder causing hyperthyroidism).
The patient has a history of myocardial infarction and was prescribed ACE inhibitors.,The patient had a heart attack (myocardial infarction) and was given medication to lower blood pressure (ACE inhibitors).
She was diagnosed with chronic obstructive pulmonary disease and advised to quit smoking.,She was diagnosed with a lung disease that makes it hard to breathe (chronic obstructive pulmonary disease) and advised to quit smoking.
The surgery was postponed due to the patient's elevated blood pressure.,The surgery was delayed because the patient's blood pressure was too high.
He was given an IV drip to manage dehydration and electrolyte imbalance.,He was given fluids through a vein (IV drip) to treat dehydration and balance body salts (electrolytes).
"The biopsy revealed malignant cells, indicating a diagnosis of cancer.",The tissue sample (biopsy) showed cancer cells.
"She experienced tachycardia during the procedure, necessitating immediate intervention.","Her heart was beating very fast (tachycardia) during the procedure, requiring immediate treatment."
The patient presented with symptoms of diabetic ketoacidosis and required insulin therapy.,The patient had symptoms of a serious diabetes complication (diabetic ketoacidosis) and needed insulin treatment.
He was diagnosed with atrial fibrillation and started on anticoagulant therapy.,He had an irregular heartbeat (atrial fibrillation) and was given blood thinners (anticoagulants).
"The CT scan showed a subdural hematoma, necessitating surgical intervention.","The brain scan (CT scan) showed bleeding under the skull (subdural hematoma), requiring surgery."
She was administered a dose of epinephrine for anaphylactic shock.,She was given a dose of adrenaline (epinephrine) for a severe allergic reaction (anaphylactic shock).
The patient was experiencing angina and was advised to take nitroglycerin.,The patient had chest pain (angina) and was advised to take medication (nitroglycerin).
He underwent a coronary artery bypass graft to improve blood flow to the heart.,He had surgery to improve blood flow to the heart (coronary artery bypass graft).
The MRI indicated a herniated disc pressing on the spinal cord.,The MRI scan showed a slipped disc pressing on the spinal cord.
She was diagnosed with osteoporosis and prescribed bisphosphonates.,She was diagnosed with weak bones (osteoporosis) and given medication to strengthen them (bisphosphonates).
The patient was admitted with a diagnosis of acute pancreatitis.,The patient was admitted with sudden inflammation of the pancreas (acute pancreatitis).
He was treated for deep vein thrombosis with anticoagulant therapy.,He was treated for a blood clot in a deep vein (deep vein thrombosis) with blood thinners (anticoagulants).
She was prescribed an antihistamine for her allergic rhinitis.,She was given allergy medicine (antihistamine) for her hay fever (allergic rhinitis).
The patient underwent a cholecystectomy for gallstones.,The patient had surgery to remove the gallbladder (cholecystectomy) because of gallstones.
He was diagnosed with chronic kidney disease and placed on dialysis.,He had long-term kidney disease (chronic kidney disease) and needed a machine to clean his blood (dialysis).
The patient experienced a cerebrovascular accident and required immediate care.,The patient had a stroke (cerebrovascular accident) and needed immediate care.
She was treated for gastroesophageal reflux disease with proton pump inhibitors.,She was treated for acid reflux (gastroesophageal reflux disease) with medication to reduce stomach acid (proton pump inhibitors).
He was admitted with a diagnosis of congestive heart failure.,He was admitted with a condition where the heart can't pump blood properly (congestive heart failure).
The patient underwent an appendectomy due to acute appendicitis.,The patient had surgery to remove the appendix (appendectomy) because of sudden inflammation (acute appendicitis).
She was given a bronchodilator for her asthma attack.,She was given medication to open her airways (bronchodilator) during her asthma attack.
He was treated for peptic ulcer disease with H2 blockers.,He was treated for stomach ulcers (peptic ulcer disease) with medication to reduce stomach acid (H2 blockers).
The patient presented with a clavicle fracture and was placed in a sling.,The patient had a broken collarbone (clavicle fracture) and was put in a sling.
She was diagnosed with bipolar disorder and started on mood stabilizers.,She was diagnosed with bipolar disorder and given medication to stabilize her mood.
He underwent a lumbar puncture to rule out meningitis.,He had a spinal tap (lumbar puncture) to check for meningitis.
The patient was experiencing dyspnea and was given supplemental oxygen.,The patient was having trouble breathing (dyspnea) and was given extra oxygen.
She was diagnosed with rheumatoid arthritis and prescribed DMARDs.,She was diagnosed with rheumatoid arthritis and given medication to slow the disease (DMARDs).
The ultrasound showed a large ovarian cyst that required surgical removal.,The ultrasound showed a large cyst on the ovary that needed surgery to remove.
He was diagnosed with hypertension and advised to follow a low-sodium diet.,He was diagnosed with high blood pressure (hypertension) and advised to eat less salt.
The patient was treated for cellulitis with intravenous antibiotics.,The patient was treated for a skin infection (cellulitis) with antibiotics given through a vein.
She was diagnosed with hyperthyroidism and prescribed beta blockers.,She was diagnosed with an overactive thyroid (hyperthyroidism) and given medication to slow her heart rate (beta blockers).
He experienced a transient ischemic attack and was referred to a neurologist.,He had a mini-stroke (transient ischemic attack) and was sent to see a brain specialist (neurologist).
The patient was found to have atrial septal defect and scheduled for surgical repair.,The patient was found to have a hole in the heart (atrial septal defect) and scheduled for surgery to fix it.
She was prescribed corticosteroids for her severe eczema.,She was given strong anti-inflammatory medication (corticosteroids) for her severe skin condition (eczema).
He was diagnosed with gastroenteritis and advised to stay hydrated.,He was diagnosed with stomach flu (gastroenteritis) and advised to drink plenty of fluids.
The patient presented with hematemesis and was admitted for further evaluation.,The patient was vomiting blood (hematemesis) and was admitted for further tests.
She was treated for a urinary tract infection with oral antibiotics.,She was treated for a bladder infection (urinary tract infection) with antibiotic pills.
He was diagnosed with cirrhosis of the liver and placed on a transplant list.,He was diagnosed with severe liver damage (cirrhosis) and put on a list for a liver transplant.
The patient underwent a mastectomy for breast cancer.,The patient had surgery to remove a breast (mastectomy) because of breast cancer.
She was diagnosed with macular degeneration and referred to an ophthalmologist.,She was diagnosed with a disease that affects the eyesight (macular degeneration) and was sent to see an eye doctor (ophthalmologist).
The patient presented with a pneumothorax and required a chest tube.,The patient had a collapsed lung (pneumothorax) and needed a tube in the chest to help.
He was prescribed statins to manage his hyperlipidemia.,He was given medication (statins) to lower high cholesterol (hyperlipidemia).
The child was diagnosed with otitis media and given amoxicillin.,The child had a middle ear infection (otitis media) and was given antibiotic medicine (amoxicillin).
She was treated for shingles with antiviral medication.,She was treated for a painful rash caused by a virus (shingles) with antiviral medicine.
He was admitted with symptoms of acute coronary syndrome.,He was admitted with symptoms of a possible heart attack (acute coronary syndrome).
The patient was diagnosed with ulcerative colitis and started on corticosteroids.,The patient was diagnosed with a type of bowel disease (ulcerative colitis) and given strong anti-inflammatory medicine (corticosteroids).
She was experiencing menorrhagia and was referred to a gynecologist.,She was having very heavy periods (menorrhagia) and was sent to see a women's health doctor (gynecologist).
He was diagnosed with benign prostatic hyperplasia and given alpha blockers.,He was diagnosed with an enlarged prostate (benign prostatic hyperplasia) and given medication to help with urination (alpha blockers).
The patient presented with epistaxis and required nasal packing.,The patient had a nosebleed (epistaxis) and needed packing in the nose to stop it.
She was diagnosed with hypothyroidism and prescribed levothyroxine.,She was diagnosed with an underactive thyroid (hypothyroidism) and given medication to replace thyroid hormone (levothyroxine).
He underwent a tonsillectomy due to recurrent tonsillitis.,He had surgery to remove his tonsils (tonsillectomy) because of repeated infections (tonsillitis).
The patient was treated for scabies with topical permethrin.,The patient was treated for a skin infestation caused by mites (scabies) with cream (permethrin).
She was diagnosed with irritable bowel syndrome and advised to follow a low-FODMAP diet.,She was diagnosed with a digestive disorder (irritable bowel syndrome) and advised to follow a special diet (low-FODMAP diet).
The child was given acetaminophen for pyrexia.,The child was given medicine (acetaminophen) for a fever (pyrexia).
He was treated for tinea corporis with antifungal cream.,He was treated for a fungal skin infection (tinea corporis) with antifungal cream.
The patient presented with cyanosis and was placed on supplemental oxygen.,The patient had a bluish color to the skin (cyanosis) and was given extra oxygen.
She was diagnosed with fibromyalgia and prescribed pregabalin.,She was diagnosed with a condition that causes widespread pain (fibromyalgia) and given medication (pregabalin).
He experienced a seizure and was started on anticonvulsant medication.,He had a seizure and was given medication to prevent more seizures (anticonvulsants).
The patient was treated for cellulitis with intravenous antibiotics.,The patient was treated for a skin infection (cellulitis) with antibiotics given through a vein.
She was diagnosed with temporomandibular joint disorder and referred to a specialist.,She was diagnosed with a jaw joint disorder (temporomandibular joint disorder) and was sent to a specialist.
He was treated for acute pyelonephritis with intravenous antibiotics.,He was treated for a kidney infection (acute pyelonephritis) with antibiotics given through a vein.
The patient presented with jaundice and required a hepatic function panel.,The patient had yellowing of the skin (jaundice) and needed blood tests to check liver function.
She was diagnosed with polymyalgia rheumatica and started on corticosteroids.,She was diagnosed with an inflammatory condition causing muscle pain (polymyalgia rheumatica) and given strong anti-inflammatory medicine (corticosteroids).
He underwent a laminectomy for spinal stenosis.,He had surgery to relieve pressure on the spinal cord (laminectomy) due to a narrowing of the spinal canal (spinal stenosis).
The patient was treated for a myocardial infarction with thrombolytic therapy.,The patient was treated for a heart attack (myocardial infarction) with medication to dissolve blood clots (thrombolytic therapy).
She was diagnosed with systemic lupus erythematosus and prescribed hydroxychloroquine.,She was diagnosed with an autoimmune disease (systemic lupus erythematosus) and given medication (hydroxychloroquine).
He was treated for deep vein thrombosis with anticoagulant therapy.,He was treated for a blood clot in a deep vein (deep vein thrombosis) with blood thinners (anticoagulants).
The patient presented with a compound fracture and required surgical repair.,The patient had a broken bone that pierced the skin (compound fracture) and needed surgery to fix it.
She was diagnosed with attention deficit hyperactivity disorder and started on stimulant medication.,She was diagnosed with a condition affecting focus and behavior (attention deficit hyperactivity disorder) and given medication to help (stimulant medication).
He underwent a carotid endarterectomy to reduce the risk of stroke.,He had surgery to clear a blockage in the neck artery (carotid endarterectomy) to reduce the risk of stroke.
The patient presented with melena and was admitted for further evaluation.,"The patient had black, tarry stools (melena) and was admitted for further tests."
She was treated for bacterial vaginosis with metronidazole.,She was treated for a bacterial infection of the vagina (bacterial vaginosis) with antibiotic medicine (metronidazole).
He was diagnosed with plantar fasciitis and advised to wear orthotic insoles.,He was diagnosed with heel pain (plantar fasciitis) and advised to wear special shoe inserts (orthotic insoles).
The patient underwent a colonoscopy to screen for colorectal cancer.,The patient had a test to look inside the colon (colonoscopy) to check for colon cancer (colorectal cancer).
She was prescribed an inhaler for chronic bronchitis.,She was given an inhaler for long-term inflammation of the airways (chronic bronchitis).
He was treated for viral conjunctivitis with supportive care.,He was treated for an eye infection caused by a virus (viral conjunctivitis) with supportive care.
The patient presented with ascites and required a paracentesis.,The patient had fluid buildup in the abdomen (ascites) and needed a procedure to remove it (paracentesis).
The patient exhibited signs of tachycardia and hypertension.,The patient showed signs of tachycardia (fast heart rate) and hypertension (high blood pressure).
He was diagnosed with bilateral pneumonia.,He was diagnosed with bilateral pneumonia (infection in both lungs).
She presented with a contusion on her left forearm.,She had a contusion (bruise) on her left forearm.
The doctor noted the presence of a hematoma in the patient's leg.,The doctor noticed a hematoma (collection of blood outside blood vessels) in the patient's leg.
An endoscopic procedure was performed to examine the gastrointestinal tract.,An endoscopic procedure (using a camera on a flexible tube) was done to look at the digestive system.
The patient required a tracheostomy to assist with breathing.,The patient needed a tracheostomy (a tube inserted into the windpipe) to help with breathing.
The patient was found to have a myocardial infarction.,The patient had a myocardial infarction (heart attack).
She was treated for an acute exacerbation of COPD.,She was treated for an acute exacerbation (sudden worsening) of COPD (chronic lung disease).
The CT scan revealed a subdural hematoma.,The CT scan showed a subdural hematoma (bleeding under the outer membrane covering the brain).
The patient underwent a cholecystectomy.,The patient had a cholecystectomy (surgery to remove the gallbladder).
A diagnosis of osteoarthritis was made based on the x-ray findings.,The diagnosis of osteoarthritis (joint disease causing pain and stiffness) was made based on the x-ray.
She has a family history of hyperlipidemia.,She has a family history of hyperlipidemia (high cholesterol levels).
The patient was prescribed a bronchodilator for asthma management.,The patient was given a bronchodilator (medication to open airways) to manage asthma.
The patient is suffering from chronic renal failure.,The patient is suffering from chronic renal failure (long-term kidney disease).
The biopsy indicated the presence of malignant cells.,The biopsy showed malignant cells (cancer cells).
The patient has developed peripheral neuropathy.,The patient has developed peripheral neuropathy (nerve damage causing numbness and pain).
She was treated for deep vein thrombosis in her leg.,She was treated for deep vein thrombosis (a blood clot in a deep vein) in her leg.
The patient experienced an anaphylactic reaction.,The patient had an anaphylactic reaction (severe allergic reaction).
He was admitted to the ICU for septic shock.,He was admitted to the ICU (Intensive Care Unit) for septic shock (a severe infection causing low blood pressure).
The echocardiogram revealed mitral valve prolapse.,The echocardiogram (heart ultrasound) showed mitral valve prolapse (a heart valve problem).
The patient underwent a laparoscopic appendectomy.,The patient had a laparoscopic appendectomy (minimally invasive surgery to remove the appendix).
She was diagnosed with fibromyalgia.,She was diagnosed with fibromyalgia (a condition causing widespread pain and fatigue).
The patient's ECG showed signs of atrial fibrillation.,The patient's ECG (heart test) showed signs of atrial fibrillation (irregular heartbeat).
The patient was treated with anticoagulants for a pulmonary embolism.,The patient was treated with anticoagulants (blood thinners) for a pulmonary embolism (a blood clot in the lung).
The patient has a diagnosis of bipolar disorder.,The patient has a diagnosis of bipolar disorder (a mental health condition causing extreme mood swings).
The patient is undergoing chemotherapy for leukemia.,The patient is undergoing chemotherapy (cancer treatment with drugs) for leukemia (a type of blood cancer).
A lumbar puncture was performed to collect cerebrospinal fluid.,A lumbar puncture (spinal tap) was done to collect cerebrospinal fluid (fluid around the brain and spine).
The patient has aortic stenosis.,The patient has aortic stenosis (narrowing of the heart's aortic valve).
He was treated for acute pancreatitis.,He was treated for acute pancreatitis (sudden inflammation of the pancreas).
The patient was found to have a herniated disc.,The patient was found to have a herniated disc (a problem with one of the discs between the bones of the spine).
She was diagnosed with rheumatoid arthritis.,She was diagnosed with rheumatoid arthritis (an autoimmune disease causing joint pain and damage).
The patient required mechanical ventilation.,The patient needed mechanical ventilation (a machine to help them breathe).
The MRI showed a meniscus tear in the knee.,The MRI (a type of scan) showed a meniscus tear (a tear in the knee cartilage).
He was prescribed insulin for type 1 diabetes.,He was prescribed insulin (a hormone to control blood sugar) for type 1 diabetes.
The patient presented with dyspnea on exertion.,The patient had dyspnea on exertion (shortness of breath with activity).
She was treated for a urinary tract infection.,She was treated for a urinary tract infection (infection in the bladder or other parts of the urinary system).
The patient underwent coronary artery bypass grafting.,The patient had coronary artery bypass grafting (heart surgery to improve blood flow).
The X-ray revealed a comminuted fracture.,The X-ray showed a comminuted fracture (a break or splinter of the bone into more than two fragments).
The patient has a diagnosis of obstructive sleep apnea.,The patient has a diagnosis of obstructive sleep apnea (a sleep disorder causing pauses in breathing).
She was diagnosed with gastroesophageal reflux disease.,She was diagnosed with gastroesophageal reflux disease (GERD) (a condition causing stomach acid to flow back into the esophagus).
The patient's blood work showed hyperkalemia.,The patient's blood work showed hyperkalemia (high potassium levels).
He was treated for acute cholecystitis.,He was treated for acute cholecystitis (sudden inflammation of the gallbladder).
The patient has a history of venous thromboembolism.,The patient has a history of venous thromboembolism (blood clots in the veins).
She presented with hemoptysis.,She had hemoptysis (coughing up blood).
The patient was diagnosed with ankylosing spondylitis.,The patient was diagnosed with ankylosing spondylitis (a type of arthritis affecting the spine).
He was treated for community-acquired pneumonia.,He was treated for community-acquired pneumonia (a lung infection caught outside of a hospital).
The patient has been diagnosed with glaucoma.,The patient has been diagnosed with glaucoma (a condition that damages the eye's optic nerve).
She underwent a hysterectomy.,She had a hysterectomy (surgery to remove the uterus).
The patient has a history of thromboembolic disease.,The patient has a history of thromboembolic disease (conditions where blood clots form and travel in the bloodstream).
The CT scan revealed a subarachnoid hemorrhage.,The CT scan showed a subarachnoid hemorrhage (bleeding in the space around the brain).
She has a diagnosis of irritable bowel syndrome.,She has a diagnosis of irritable bowel syndrome (IBS) (a disorder causing stomach pain and changes in bowel habits).
The patient was treated for a myocardial contusion.,The patient was treated for a myocardial contusion (bruising of the heart muscle).
He was diagnosed with an upper respiratory tract infection.,He was diagnosed with an upper respiratory tract infection (a common cold or similar infection).
The MRI revealed a herniated intervertebral disc.,The MRI showed a herniated intervertebral disc (a problem with a disc between the bones of the spine).
She was diagnosed with endometriosis.,She was diagnosed with endometriosis (a condition where tissue similar to the lining inside the uterus grows outside it).
He was treated for chronic obstructive pulmonary disease.,He was treated for chronic obstructive pulmonary disease (COPD) (a group of lung diseases that block airflow).
The X-ray revealed osteopenia.,The X-ray showed osteopenia (lower than normal bone density).
She was diagnosed with systemic lupus erythematosus.,She was diagnosed with systemic lupus erythematosus (SLE) (an autoimmune disease affecting various body parts).
He was admitted with acute pyelonephritis.,He was admitted with acute pyelonephritis (sudden kidney infection).
The patient presented with acute gouty arthritis.,The patient had acute gouty arthritis (a sudden attack of joint inflammation caused by high uric acid levels).
She has a history of atrial septal defect.,She has a history of atrial septal defect (a hole in the heart's wall).
The patient is undergoing treatment for chronic hepatitis B.,The patient is undergoing treatment for chronic hepatitis B (a long-term liver infection).
He was diagnosed with obstructive sleep apnea syndrome.,He was diagnosed with obstructive sleep apnea syndrome (a sleep disorder causing breathing to stop and start).
The patient has a history of peptic ulcer disease.,The patient has a history of peptic ulcer disease (sores in the stomach lining or upper part of the small intestine).
She presented with hematuria.,She had hematuria (blood in the urine).
The patient underwent a carotid endarterectomy.,The patient had a carotid endarterectomy (surgery to remove plaque from the neck artery).
He was diagnosed with benign prostatic hyperplasia.,He was diagnosed with benign prostatic hyperplasia (BPH) (non-cancerous enlargement of the prostate).
The patient presented with generalized anxiety disorder.,"The patient had generalized anxiety disorder (excessive, uncontrollable worry about various things)."
She was treated for bacterial vaginosis.,She was treated for bacterial vaginosis (an infection of the vagina caused by bacteria).
The patient was diagnosed with clostridium difficile colitis.,The patient was diagnosed with clostridium difficile colitis (a bacterial infection of the colon).
He was treated for acute respiratory distress syndrome.,He was treated for acute respiratory distress syndrome (ARDS) (a serious lung condition causing breathing difficulty).
The patient was admitted with acute coronary syndrome.,The patient was admitted with acute coronary syndrome (a group of conditions caused by reduced blood flow to the heart).
She was diagnosed with pseudotumor cerebri.,She was diagnosed with pseudotumor cerebri (a condition causing increased pressure in the brain without a tumor).
The patient has a history of hereditary hemochromatosis.,The patient has a history of hereditary hemochromatosis (a genetic disorder causing excess iron buildup in the body).
He was treated for acute lymphoblastic leukemia.,He was treated for acute lymphoblastic leukemia (a type of cancer of the blood and bone marrow).
The patient presented with acute febrile illness.,The patient had an acute febrile illness (sudden onset of fever and symptoms of infection).
She was diagnosed with amyotrophic lateral sclerosis.,She was diagnosed with amyotrophic lateral sclerosis (ALS) (a progressive neurological disease affecting nerve cells in the brain and spinal cord).
The patient experienced an episode of ventricular fibrillation.,The patient had an episode of ventricular fibrillation (a serious heart rhythm problem).
The patient underwent a partial gastrectomy.,The patient had a partial gastrectomy (surgery to remove part of the stomach).
She presented with acute pancreatitis.,She had acute pancreatitis (sudden inflammation of the pancreas).
The patient has a history of polycystic ovary syndrome.,The patient has a history of polycystic ovary syndrome (PCOS) (a hormonal disorder causing enlarged ovaries with small cysts).
He was diagnosed with multiple myeloma.,He was diagnosed with multiple myeloma (a type of cancer affecting plasma cells in the bone marrow).
The patient presented with acute appendicitis.,The patient had acute appendicitis (sudden inflammation of the appendix).
She was treated for deep vein thrombosis.,"She was treated for deep vein thrombosis (DVT) (a blood clot in a deep vein, usually in the leg)."
The patient was admitted with an acute asthma exacerbation.,The patient was admitted with an acute asthma exacerbation (sudden worsening of asthma symptoms).
He was diagnosed with Crohn's disease.,He was diagnosed with Crohn's disease (a chronic inflammatory bowel disease).
The patient presented with tachycardia and hypertension.,The patient had a fast heartbeat (tachycardia) and high blood pressure (hypertension).
She has been diagnosed with chronic obstructive pulmonary disease.,She has been diagnosed with chronic obstructive pulmonary disease (a long-term lung condition that makes breathing difficult).
The child was experiencing febrile seizures.,The child was having seizures caused by a fever (febrile seizures).
The biopsy revealed a malignant neoplasm.,The biopsy showed a cancerous tumor (malignant neoplasm).
He suffered from myocardial infarction.,He had a heart attack (myocardial infarction).
The patient is exhibiting symptoms of dyspnea.,The patient is having trouble breathing (dyspnea).
She was treated for deep vein thrombosis.,She was treated for a blood clot in a deep vein (deep vein thrombosis).
He is experiencing episodes of syncope.,He is experiencing fainting spells (syncope).
The X-ray showed signs of osteoarthritis.,The X-ray showed signs of joint wear and tear (osteoarthritis).
She was prescribed an antihypertensive medication.,She was prescribed a medication to lower her blood pressure (antihypertensive).
The patient has been diagnosed with type 2 diabetes mellitus.,The patient has been diagnosed with type 2 diabetes (a condition where the body doesn't use insulin properly).
The patient underwent a laparoscopic cholecystectomy.,The patient had their gallbladder removed through a small incision (laparoscopic cholecystectomy).
She presented with a case of acute appendicitis.,She had a sudden inflammation of the appendix (acute appendicitis).
The doctor noted the presence of hepatomegaly.,The doctor noted that the liver was enlarged (hepatomegaly).
The patient was diagnosed with rheumatoid arthritis.,The patient was diagnosed with rheumatoid arthritis (a disease that causes joint inflammation).
He was given a bronchodilator for his asthma.,He was given a medicine to open his airways (bronchodilator) for his asthma.
The MRI showed a herniated disc in the lumbar spine.,The MRI showed a slipped disc in the lower back (herniated disc).
The patient has been experiencing episodes of atrial fibrillation.,The patient has been having irregular heartbeats (atrial fibrillation).
She has been prescribed a course of antibiotics for her infection.,She has been prescribed medication to treat her infection (antibiotics).
He was diagnosed with chronic kidney disease.,He was diagnosed with long-term kidney damage (chronic kidney disease).
The ultrasound revealed the presence of gallstones.,The ultrasound showed stones in the gallbladder (gallstones).
The patient was treated for a pneumothorax.,The patient was treated for a collapsed lung (pneumothorax).
She is experiencing menorrhagia.,She is having very heavy menstrual bleeding (menorrhagia).
The patient has been diagnosed with bipolar disorder.,The patient has been diagnosed with bipolar disorder (a mental health condition with extreme mood swings).
He was given a diuretic to reduce fluid retention.,He was given a medication to help remove excess fluid (diuretic).
The patient is experiencing chronic bronchitis.,The patient is experiencing long-term inflammation of the airways (chronic bronchitis).
She was diagnosed with hyperthyroidism.,She was diagnosed with an overactive thyroid (hyperthyroidism).
The doctor noted bilateral pedal edema.,The doctor noted swelling in both feet (bilateral pedal edema).
The patient has been prescribed an anticonvulsant medication.,The patient has been prescribed a medication to prevent seizures (anticonvulsant).
He was diagnosed with a peptic ulcer.,He was diagnosed with a sore in the stomach lining (peptic ulcer).
The MRI revealed a subdural hematoma.,The MRI revealed bleeding under the outer layer of the brain (subdural hematoma).
The patient is suffering from osteopenia.,The patient is suffering from low bone density (osteopenia).
She has been diagnosed with systemic lupus erythematosus.,She has been diagnosed with lupus (a disease where the immune system attacks the body).
The patient was treated for a deep laceration on the forearm.,The patient was treated for a deep cut on the forearm (deep laceration).
He is experiencing symptoms of peripheral neuropathy.,He is experiencing nerve damage in the hands and feet (peripheral neuropathy).
The patient has been diagnosed with benign prostatic hyperplasia.,The patient has been diagnosed with an enlarged prostate (benign prostatic hyperplasia).
She was admitted with a suspected case of meningitis.,She was admitted with a suspected infection of the brain and spinal cord lining (meningitis).
He was treated for an acute exacerbation of COPD.,He was treated for a sudden worsening of his chronic lung disease (acute exacerbation of COPD).
The doctor observed a systolic murmur.,The doctor heard an abnormal heart sound during a heartbeat (systolic murmur).
The patient underwent an endoscopic procedure.,The patient had a procedure where a tube with a camera was inserted to look inside the body (endoscopic procedure).
He was treated for a second-degree burn.,He was treated for a burn that affected the outer and underlying layer of skin (second-degree burn).
The doctor noted hepatomegaly.,The doctor noted an enlarged liver (hepatomegaly).
The patient has been diagnosed with schizophrenia.,"The patient has been diagnosed with schizophrenia (a mental disorder affecting how a person thinks, feels, and behaves)."
She was treated for an ectopic pregnancy.,She was treated for a pregnancy that occurs outside the womb (ectopic pregnancy).
The patient has a history of atrial flutter.,The patient has a history of a fast and irregular heartbeat (atrial flutter).
He was diagnosed with gastroenteritis.,He was diagnosed with stomach flu (gastroenteritis).
The patient underwent a coronary artery bypass graft.,The patient had surgery to improve blood flow to the heart (coronary artery bypass graft).
She is experiencing dysphagia.,She is having trouble swallowing (dysphagia).
The doctor noted the presence of jaundice.,The doctor noted that the skin and eyes were yellow (jaundice).
He was treated for a pneumothorax.,He was treated for a collapsed lung (pneumothorax).
The patient has a diagnosis of multiple sclerosis.,The patient has a diagnosis of multiple sclerosis (a disease where the immune system attacks the nervous system).
She was given a prescription for an antipyretic.,She was given a medication to reduce fever (antipyretic).
The doctor noted the presence of a stricture in the esophagus.,The doctor noted a narrowing in the esophagus (stricture).
The patient has a history of renal calculi.,The patient has a history of kidney stones (renal calculi).
He was diagnosed with pancreatitis.,He was diagnosed with inflammation of the pancreas (pancreatitis).
The patient has been diagnosed with hyperlipidemia.,The patient has high cholesterol (hyperlipidemia).
She underwent a colostomy.,She had surgery to create an opening for the colon on the abdomen (colostomy).
The doctor noted the presence of ascites.,The doctor noted a buildup of fluid in the abdomen (ascites).
The patient was diagnosed with aortic stenosis.,The patient was diagnosed with narrowing of the aortic valve (aortic stenosis).
She has been experiencing hematuria.,She has been experiencing blood in the urine (hematuria).
The patient has a diagnosis of celiac disease.,The patient has a diagnosis of celiac disease (a condition where gluten causes damage to the small intestine).
He was treated for a retinal detachment.,He was treated for a condition where the retina pulls away from the back of the eye (retinal detachment).
The patient was diagnosed with endometriosis.,The patient was diagnosed with a condition where tissue similar to the lining of the uterus grows outside it (endometriosis).
She has been diagnosed with hypothyroidism.,She has been diagnosed with an underactive thyroid (hypothyroidism).
The doctor noted the presence of bradycardia.,The doctor noted a slow heart rate (bradycardia).
The patient has a history of diverticulitis.,The patient has a history of inflammation or infection in small pouches of the digestive tract (diverticulitis).
He was diagnosed with thrombocytopenia.,He was diagnosed with a low platelet count (thrombocytopenia).
The patient has a diagnosis of angina pectoris.,The patient has chest pain due to reduced blood flow to the heart (angina pectoris).
She was treated for a ganglion cyst.,"She was treated for a noncancerous lump, usually on the wrist or hand (ganglion cyst)."
The doctor noted crepitus in the knee joint.,The doctor noted a crackling sound in the knee joint (crepitus).
He was diagnosed with benign positional vertigo.,He was diagnosed with dizziness caused by certain head movements (benign positional vertigo).
The patient has a history of Barrett's esophagus.,The patient has a history of changes in the cells of the lower esophagus (Barrett's esophagus).
She was diagnosed with Raynaud's phenomenon.,She was diagnosed with a condition where fingers and toes change color in response to cold or stress (Raynaud's phenomenon).
The patient is experiencing polyuria.,The patient is experiencing frequent urination (polyuria).
He was diagnosed with hydronephrosis.,He was diagnosed with swelling of a kidney due to a build-up of urine (hydronephrosis).
The doctor noted leukocytosis in the blood test.,The doctor noted a high white blood cell count (leukocytosis).
The patient has a diagnosis of Addison's disease.,The patient has a diagnosis of Addison's disease (a disorder where the adrenal glands don't produce enough hormones).
She was treated for an anal fissure.,She was treated for a small tear in the lining of the anus (anal fissure).
The patient was diagnosed with temporal arteritis.,The patient was diagnosed with inflammation of the blood vessels in the scalp (temporal arteritis).
He is experiencing tinnitus.,He is experiencing ringing in the ears (tinnitus).
The patient has a history of gout.,"The patient has a history of a form of arthritis with sudden, severe attacks of pain (gout)."
She was diagnosed with chronic fatigue syndrome.,"She was diagnosed with a condition causing extreme, long-term tiredness (chronic fatigue syndrome)."
He was treated for balanitis.,He was treated for inflammation of the head of the penis (balanitis).
The patient has been diagnosed with sciatica.,The patient has been diagnosed with pain along the sciatic nerve in the lower back and leg (sciatica).
She was treated for an inguinal hernia.,She was treated for a hernia in the groin area (inguinal hernia).
The doctor noted the presence of a keloid scar.,The doctor noted a raised scar that grows beyond the original wound (keloid scar).
He was diagnosed with macular degeneration.,He was diagnosed with an eye disease that causes vision loss (macular degeneration).
The patient has a history of restless legs syndrome.,The patient has a history of a condition causing an uncontrollable urge to move the legs (restless legs syndrome).
She was diagnosed with Sjogren's syndrome.,She was diagnosed with a disorder where the immune system attacks the glands that make tears and saliva (Sjogren's syndrome).
The patient has been experiencing diplopia.,The patient has been experiencing double vision (diplopia).
He was diagnosed with peripheral artery disease.,He was diagnosed with a condition where narrowed arteries reduce blood flow to the limbs (peripheral artery disease).
The patient was treated for a clavicle fracture.,The patient was treated for a broken collarbone (clavicle fracture).
The patient has aortic stenosis.,The patient has aortic stenosis (narrowing of the heart valve).
The biopsy revealed a malignant tumor.,The biopsy revealed a malignant tumor (cancerous growth).
The child was diagnosed with ADHD.,The child was diagnosed with ADHD (attention deficit hyperactivity disorder).
The medication is an anticoagulant.,The medication is an anticoagulant (blood thinner).
The patient suffers from chronic obstructive pulmonary disease.,The patient suffers from chronic obstructive pulmonary disease (long-term lung disease).
She underwent a laparoscopic cholecystectomy.,She underwent a laparoscopic cholecystectomy (minimally invasive gallbladder removal).
The doctor recommended an echocardiogram.,The doctor recommended an echocardiogram (heart ultrasound).
The lesion was excised.,The lesion was excised (the abnormal tissue was cut out).
The patient presented with acute renal failure.,The patient presented with acute renal failure (sudden kidney failure).
The medication is an antihypertensive.,The medication is an antihypertensive (blood pressure medicine).
The MRI showed a herniated disc.,The MRI showed a herniated disc (slipped disc in the spine).
The child has developmental dysplasia of the hip.,The child has developmental dysplasia of the hip (hip joint problem).
The patient was treated for deep vein thrombosis.,The patient was treated for deep vein thrombosis (blood clot in the vein).
The surgery required a laparotomy.,The surgery required a laparotomy (open abdominal surgery).
The patient has peripheral neuropathy.,The patient has peripheral neuropathy (nerve damage in the extremities).
The X-ray revealed a pneumothorax.,The X-ray revealed a pneumothorax (collapsed lung).
The patient suffers from osteoarthritis.,The patient suffers from osteoarthritis (joint wear and tear).
The patient was prescribed an anxiolytic.,The patient was prescribed an anxiolytic (anxiety medication).
The patient was diagnosed with Type 1 diabetes mellitus.,The patient was diagnosed with Type 1 diabetes mellitus (a type of diabetes).
The patient has a subdural hematoma.,The patient has a subdural hematoma (bleeding in the brain).
The patient has benign prostatic hyperplasia.,The patient has benign prostatic hyperplasia (enlarged prostate).
The patient experienced an anaphylactic reaction.,The patient experienced an anaphylactic reaction (severe allergic reaction).
The patient underwent a coronary artery bypass graft.,The patient underwent a coronary artery bypass graft (heart bypass surgery).
The patient has a hypertensive crisis.,The patient has a hypertensive crisis (extremely high blood pressure).
The patient is experiencing dyspnea.,The patient is experiencing dyspnea (difficulty breathing).
The patient has aortic aneurysm.,The patient has aortic aneurysm (bulge in the aorta).
The patient was given intravenous fluids.,The patient was given intravenous fluids (fluids through a vein).
The patient has a history of thromboembolism.,The patient has a history of thromboembolism (blood clots in the blood vessels).
The patient has hyperthyroidism.,The patient has hyperthyroidism (overactive thyroid).
The patient was treated for hypoglycemia.,The patient was treated for hypoglycemia (low blood sugar).
The patient has bronchitis.,The patient has bronchitis (inflammation of the airways).
The patient was diagnosed with chronic fatigue syndrome.,The patient was diagnosed with chronic fatigue syndrome (persistent extreme tiredness).
The patient has peptic ulcer disease.,The patient has peptic ulcer disease (sores in the stomach lining).
The patient has a pulmonary embolism.,The patient has a pulmonary embolism (blood clot in the lungs).
The patient is experiencing tinnitus.,The patient is experiencing tinnitus (ringing in the ears).
The patient has a diagnosis of fibromyalgia.,The patient has a diagnosis of fibromyalgia (widespread muscle pain).
The patient was diagnosed with polycystic ovary syndrome.,The patient was diagnosed with polycystic ovary syndrome (hormonal disorder in women).
The patient has a ruptured appendix.,The patient has a ruptured appendix (burst appendix).
The patient underwent a total knee arthroplasty.,The patient underwent a total knee arthroplasty (knee replacement surgery).
The patient was diagnosed with congestive heart failure.,The patient was diagnosed with congestive heart failure (heart's inability to pump blood effectively).
The patient has a meniscal tear.,The patient has a meniscal tear (tear in the knee cartilage).
The patient is experiencing dysphagia.,The patient is experiencing dysphagia (difficulty swallowing).
The patient was diagnosed with irritable bowel syndrome.,The patient was diagnosed with irritable bowel syndrome (digestive disorder causing pain and bowel changes).
The patient has macular degeneration.,The patient has macular degeneration (eye condition leading to vision loss).
The patient was treated with corticosteroids.,The patient was treated with corticosteroids (anti-inflammatory medication).
The patient was diagnosed with sciatica.,The patient was diagnosed with sciatica (pain along the sciatic nerve).
The patient is experiencing vertigo.,The patient is experiencing vertigo (spinning sensation).
The patient has a diagnosis of lupus.,The patient has a diagnosis of lupus (autoimmune disease).
The patient has acute lymphoblastic leukemia.,The patient has acute lymphoblastic leukemia (a type of blood cancer).
The patient underwent angioplasty.,The patient underwent angioplasty (procedure to open blocked blood vessels).
The patient has a diagnosis of celiac disease.,The patient has a diagnosis of celiac disease (gluten intolerance).
The patient has a pneumococcal infection.,The patient has a pneumococcal infection (bacterial infection).
The patient was diagnosed with hypothyroidism.,The patient was diagnosed with hypothyroidism (underactive thyroid).
The patient has a diagnosis of scoliosis.,The patient has a diagnosis of scoliosis (curvature of the spine).
The patient was treated for meningitis.,The patient was treated for meningitis (infection of the brain and spinal cord membranes).
The patient has a diagnosis of endometriosis.,The patient has a diagnosis of endometriosis (tissue growth outside the uterus).
The patient has a diagnosis of epilepsy.,The patient has a diagnosis of epilepsy (seizure disorder).
The patient has a diagnosis of thrombocytopenia.,The patient has a diagnosis of thrombocytopenia (low platelet count).
The patient was treated for sepsis.,The patient was treated for sepsis (severe infection).
The patient has a diagnosis of Alzheimer's disease.,The patient has a diagnosis of Alzheimer's disease (progressive memory loss).
The patient has a diagnosis of psoriasis.,"The patient has a diagnosis of psoriasis (skin condition causing red, scaly patches)."
The patient was diagnosed with tuberculosis.,The patient was diagnosed with tuberculosis (infectious lung disease).
The patient was treated for appendicitis.,The patient was treated for appendicitis (inflammation of the appendix).
The patient has a diagnosis of rheumatoid arthritis.,The patient has a diagnosis of rheumatoid arthritis (joint inflammation).
The patient underwent a hysterectomy.,The patient underwent a hysterectomy (removal of the uterus).
The patient has a diagnosis of glaucoma.,The patient has a diagnosis of glaucoma (eye disease causing vision loss).
The patient was diagnosed with an aneurysm.,The patient was diagnosed with an aneurysm (bulge in a blood vessel).
The patient has a diagnosis of diverticulitis.,The patient has a diagnosis of diverticulitis (inflammation of the digestive tract).
The patient has a diagnosis of hypertension.,The patient has a diagnosis of hypertension (high blood pressure).
The patient has a diagnosis of cirrhosis.,The patient has a diagnosis of cirrhosis (liver damage).
The patient has a diagnosis of cataracts.,The patient has a diagnosis of cataracts (clouding of the eye lens).
The patient was treated for pancreatitis.,The patient was treated for pancreatitis (inflammation of the pancreas).
The patient has a diagnosis of multiple sclerosis.,The patient has a diagnosis of multiple sclerosis (disease affecting the brain and spinal cord).
The patient was treated for hypoxia.,The patient was treated for hypoxia (low oxygen levels in the body).
The patient has a diagnosis of Crohn's disease.,The patient has a diagnosis of Crohn's disease (inflammatory bowel disease).
The patient has a diagnosis of osteoporosis.,The patient has a diagnosis of osteoporosis (weakening of the bones).
The patient was treated for pyelonephritis.,The patient was treated for pyelonephritis (kidney infection).
The patient was diagnosed with anemia.,The patient was diagnosed with anemia (low red blood cell count).
The patient has a diagnosis of bipolar disorder.,The patient has a diagnosis of bipolar disorder (mood disorder with extreme highs and lows).
The patient was diagnosed with sleep apnea.,The patient was diagnosed with sleep apnea (breathing stops during sleep).
The patient was diagnosed with Bell's palsy.,The patient was diagnosed with Bell's palsy (facial nerve weakness).
The patient has a diagnosis of nephrotic syndrome.,The patient has a diagnosis of nephrotic syndrome (kidney disorder causing protein loss in urine).
The patient was diagnosed with cellulitis.,The patient was diagnosed with cellulitis (skin infection).
The patient has a diagnosis of hemophilia.,The patient has a diagnosis of hemophilia (blood clotting disorder).
The patient has a diagnosis of shingles.,The patient has a diagnosis of shingles (painful skin rash).
The patient was treated for pleurisy.,The patient was treated for pleurisy (inflammation of the lung lining).
The patient has a diagnosis of sarcoidosis.,The patient has a diagnosis of sarcoidosis (disease causing lumps in organs).
The patient has a diagnosis of amyotrophic lateral sclerosis.,"The patient has a diagnosis of amyotrophic lateral sclerosis (ALS or Lou Gehrig's disease, affecting nerve cells)."
The patient was diagnosed with pheochromocytoma.,The patient was diagnosed with pheochromocytoma (tumor in the adrenal gland).
The patient has a diagnosis of retinopathy.,The patient has a diagnosis of retinopathy (damage to the eye's retina).
The patient has a diagnosis of pulmonary fibrosis.,The patient has a diagnosis of pulmonary fibrosis (scarring of the lungs).
The patient was diagnosed with Barrett's esophagus.,The patient was diagnosed with Barrett's esophagus (damage to the tube that connects the mouth to the stomach).
The patient was diagnosed with temporal arteritis.,The patient was diagnosed with temporal arteritis (inflammation of the arteries in the head).
The patient has a diagnosis of scleroderma.,The patient has a diagnosis of scleroderma (hardening of the skin).
The patient has a diagnosis of thrombophlebitis.,The patient has a diagnosis of thrombophlebitis (blood clot in a vein causing inflammation).
The patient was treated for hypertrophic cardiomyopathy.,The patient was treated for hypertrophic cardiomyopathy (thickening of the heart muscle).
The patient has a diagnosis of herpetic neuralgia.,The patient has a diagnosis of herpetic neuralgia (nerve pain from shingles).
The patient has a diagnosis of polyarteritis nodosa.,The patient has a diagnosis of polyarteritis nodosa (inflammation of small and medium-sized arteries).
The patient has a diagnosis of von Willebrand disease.,The patient has a diagnosis of von Willebrand disease (bleeding disorder).
The patient has a diagnosis of aplastic anemia.,The patient has a diagnosis of aplastic anemia (bone marrow failure).
The patient has a diagnosis of Addison's disease.,The patient has a diagnosis of Addison's disease (adrenal gland disorder).
The patient has a diagnosis of Sjogren's syndrome.,The patient has a diagnosis of Sjogren's syndrome (immune system disorder causing dry eyes and mouth).
The patient was diagnosed with polycystic kidney disease.,The patient was diagnosed with polycystic kidney disease (genetic disorder causing cysts in the kidneys).
The patient was diagnosed with pheochromocytoma.,The patient was diagnosed with pheochromocytoma (tumor in the adrenal gland).
The patient has a diagnosis of retinitis pigmentosa.,The patient has a diagnosis of retinitis pigmentosa (genetic disorder affecting the retina).
The patient was diagnosed with idiopathic pulmonary fibrosis.,The patient was diagnosed with idiopathic pulmonary fibrosis (scarring of the lungs with no known cause).
The patient has a diagnosis of achalasia.,The patient has a diagnosis of achalasia (difficulty swallowing due to esophagus problem).
The patient was diagnosed with Henoch-Schonlein purpura.,The patient was diagnosed with Henoch-Schonlein purpura (blood vessel inflammation causing rash and kidney problems).
The patient has a diagnosis of Kawasaki disease.,The patient has a diagnosis of Kawasaki disease (inflammation of blood vessels in children).
The patient has a diagnosis of Charcot-Marie-Tooth disease.,The patient has a diagnosis of Charcot-Marie-Tooth disease (genetic disorder affecting the nerves).
The patient has a diagnosis of Ehlers-Danlos syndrome.,The patient has a diagnosis of Ehlers-Danlos syndrome (genetic disorder affecting connective tissue).
The patient has a diagnosis of Huntington's disease.,The patient has a diagnosis of Huntington's disease (genetic disorder causing brain degeneration).
The patient was diagnosed with aortic dissection.,The patient was diagnosed with aortic dissection (tear in the wall of the aorta).
The patient has a diagnosis of Wilson's disease.,The patient has a diagnosis of Wilson's disease (genetic disorder causing copper buildup in the body).
The patient has a diagnosis of hemochromatosis.,The patient has a diagnosis of hemochromatosis (iron overload disorder).
The patient was treated for Guillain-Barre syndrome.,The patient was treated for Guillain-Barre syndrome (immune system attack on the nerves).
The patient has a diagnosis of myasthenia gravis.,The patient has a diagnosis of myasthenia gravis (muscle weakness disorder).
The patient has a diagnosis of sarcoidosis.,The patient has a diagnosis of sarcoidosis (disease causing lumps in organs).
The patient has a diagnosis of dermatomyositis.,The patient has a diagnosis of dermatomyositis (inflammatory disease causing muscle weakness and skin rash).
The patient has a diagnosis of Marfan syndrome.,The patient has a diagnosis of Marfan syndrome (genetic disorder affecting connective tissue).
The patient has a diagnosis of osteogenesis imperfecta.,The patient has a diagnosis of osteogenesis imperfecta (genetic disorder causing brittle bones).
The patient was treated for Cushing's syndrome.,The patient was treated for Cushing's syndrome (hormone disorder causing weight gain and high blood pressure).
The patient has a diagnosis of pheochromocytoma.,The patient has a diagnosis of pheochromocytoma (tumor in the adrenal gland).
The patient was diagnosed with primary biliary cirrhosis.,The patient was diagnosed with primary biliary cirrhosis (liver disease causing bile duct damage).
The patient was treated for chronic pancreatitis.,The patient was treated for chronic pancreatitis (long-term inflammation of the pancreas).
The patient was diagnosed with tracheoesophageal fistula.,The patient was diagnosed with tracheoesophageal fistula (abnormal connection between the trachea and esophagus).
The patient has a diagnosis of congenital heart disease.,The patient has a diagnosis of congenital heart disease (heart defect present at birth).
The patient was treated for compartment syndrome.,The patient was treated for compartment syndrome (increased pressure in a muscle compartment).
The patient has a diagnosis of glycogen storage disease.,The patient has a diagnosis of glycogen storage disease (genetic disorder affecting glycogen metabolism).
The patient was treated for lymphedema.,The patient was treated for lymphedema (swelling caused by lymph fluid buildup).
The patient has a diagnosis of primary sclerosing cholangitis.,The patient has a diagnosis of primary sclerosing cholangitis (liver disease causing bile duct inflammation and scarring).
The patient was diagnosed with reactive arthritis.,The patient was diagnosed with reactive arthritis (joint pain and swelling triggered by an infection).
The patient was diagnosed with achondroplasia.,The patient was diagnosed with achondroplasia (genetic disorder causing short stature).
The patient was treated for hyperemesis gravidarum.,The patient was treated for hyperemesis gravidarum (severe nausea and vomiting during pregnancy).
The patient has a diagnosis of acromegaly.,The patient has a diagnosis of acromegaly (hormone disorder causing enlarged body parts).
The patient was diagnosed with dermoid cyst.,"The patient was diagnosed with dermoid cyst (growth containing skin, hair, and other tissues)."
The patient was diagnosed with congenital diaphragmatic hernia.,The patient was diagnosed with congenital diaphragmatic hernia (birth defect causing abdominal organs to move into the chest).
The patient has a diagnosis of bronchiolitis obliterans.,The patient has a diagnosis of bronchiolitis obliterans (lung disease causing airway obstruction).
The patient was diagnosed with eosinophilic esophagitis.,The patient was diagnosed with eosinophilic esophagitis (allergic condition causing inflammation of the esophagus).
The patient was diagnosed with idiopathic thrombocytopenic purpura.,The patient was diagnosed with idiopathic thrombocytopenic purpura (immune disorder causing low platelet count).
The patient has a diagnosis of congenital adrenal hyperplasia.,The patient has a diagnosis of congenital adrenal hyperplasia (genetic disorder affecting hormone production).
The patient was diagnosed with myelodysplastic syndrome.,The patient was diagnosed with myelodysplastic syndrome (bone marrow disorder affecting blood cell production).
The patient has a diagnosis of hemochromatosis.,The patient has a diagnosis of hemochromatosis (iron overload disorder).
The patient was treated for necrotizing fasciitis.,The patient was treated for necrotizing fasciitis (flesh-eating bacterial infection).
The patient has a diagnosis of systemic lupus erythematosus.,The patient has a diagnosis of systemic lupus erythematosus (autoimmune disease causing inflammation).
The patient was diagnosed with congenital hypothyroidism.,The patient was diagnosed with congenital hypothyroidism (underactive thyroid at birth).
The patient has a diagnosis of osteogenesis imperfecta.,The patient has a diagnosis of osteogenesis imperfecta (genetic disorder causing brittle bones).
The patient was treated for diabetic ketoacidosis.,The patient was treated for diabetic ketoacidosis (serious diabetes complication causing high blood sugar and acid buildup).
The patient has a diagnosis of lymphangioleiomyomatosis.,The patient has a diagnosis of lymphangioleiomyomatosis (rare lung disease affecting women).
The patient was diagnosed with congenital rubella syndrome.,The patient was diagnosed with congenital rubella syndrome (birth defects caused by rubella infection during pregnancy).
The patient has a diagnosis of Noonan syndrome.,The patient has a diagnosis of Noonan syndrome (genetic disorder causing unusual facial features and heart defects).
The patient was treated for Klippel-Feil syndrome.,The patient was treated for Klippel-Feil syndrome (birth defect causing fusion of neck vertebrae).
The patient has a diagnosis of Laurence-Moon-Bardet-Biedl syndrome.,"The patient has a diagnosis of Laurence-Moon-Bardet-Biedl syndrome (genetic disorder causing vision loss, obesity, and extra fingers or toes)."
The patient was diagnosed with osteopetrosis.,The patient was diagnosed with osteopetrosis (genetic disorder causing overly dense bones).
The patient has a diagnosis of oculocutaneous albinism.,"The patient has a diagnosis of oculocutaneous albinism (genetic condition causing lack of pigment in the skin, hair, and eyes)."
The patient was diagnosed with anencephaly.,The patient was diagnosed with anencephaly (birth defect causing absence of parts of the brain and skull).
The patient was treated for Legg-Calve-Perthes disease.,The patient was treated for Legg-Calve-Perthes disease (childhood hip disorder causing blood supply loss to the hip).
The patient has a diagnosis of Williams syndrome.,The patient has a diagnosis of Williams syndrome (genetic disorder causing developmental delays and unique facial features).
The patient was diagnosed with Prader-Willi syndrome.,"The patient was diagnosed with Prader-Willi syndrome (genetic disorder causing obesity, intellectual disability, and short stature)."
The patient has a diagnosis of Cornelia de Lange syndrome.,The patient has a diagnosis of Cornelia de Lange syndrome (genetic disorder causing growth delays and distinct facial features).
The patient was diagnosed with Angelman syndrome.,The patient was diagnosed with Angelman syndrome (genetic disorder causing developmental delays and happy demeanor).
The patient has a diagnosis of Cri-du-chat syndrome.,The patient has a diagnosis of Cri-du-chat syndrome (genetic disorder causing high-pitched crying and intellectual disability).
The patient was diagnosed with Treacher Collins syndrome.,The patient was diagnosed with Treacher Collins syndrome (genetic disorder causing facial abnormalities).
The patient was treated for chronic granulomatous disease.,The patient was treated for chronic granulomatous disease (genetic disorder affecting the immune system).
The patient was diagnosed with hereditary angioedema.,The patient was diagnosed with hereditary angioedema (genetic disorder causing severe swelling).
The patient has a diagnosis of Apert syndrome.,The patient has a diagnosis of Apert syndrome (genetic disorder causing premature fusion of skull bones).
The patient was diagnosed with Rett syndrome.,The patient was diagnosed with Rett syndrome (genetic disorder causing severe cognitive and physical impairments).
The patient was treated for Brugada syndrome.,The patient was treated for Brugada syndrome (genetic disorder causing abnormal heart rhythm).
The patient has a diagnosis of Kartagener syndrome.,The patient has a diagnosis of Kartagener syndrome (genetic disorder causing lung and sinus problems).
The patient was diagnosed with Leigh syndrome.,The patient was diagnosed with Leigh syndrome (genetic disorder causing progressive brain damage).
The patient has a diagnosis of WAGR syndrome.,"The patient has a diagnosis of WAGR syndrome (genetic disorder causing Wilms' tumor, aniridia, genitourinary anomalies, and intellectual disability)."
The patient was treated for Beckwith-Wiedemann syndrome.,The patient was treated for Beckwith-Wiedemann syndrome (genetic disorder causing overgrowth and increased cancer risk).
The patient was diagnosed with Silver-Russell syndrome.,The patient was diagnosed with Silver-Russell syndrome (genetic disorder causing growth retardation and distinct facial features).
The patient has a diagnosis of Joubert syndrome.,The patient has a diagnosis of Joubert syndrome (genetic disorder affecting the brain).
The patient was treated for Hutchinson-Gilford progeria syndrome.,The patient was treated for Hutchinson-Gilford progeria syndrome (genetic disorder causing rapid aging in children).
The patient has a diagnosis of Simpson-Golabi-Behmel syndrome.,The patient has a diagnosis of Simpson-Golabi-Behmel syndrome (genetic disorder causing overgrowth and distinct facial features).
The patient was diagnosed with Meckel-Gruber syndrome.,The patient was diagnosed with Meckel-Gruber syndrome (genetic disorder causing severe birth defects).
The patient has a diagnosis of DiGeorge syndrome.,The patient has a diagnosis of DiGeorge syndrome (genetic disorder causing immune system problems and heart defects).
The patient was treated for Goldenhar syndrome.,The patient was treated for Goldenhar syndrome (genetic disorder causing facial and spine abnormalities).
The patient has a diagnosis of Usher syndrome.,The patient has a diagnosis of Usher syndrome (genetic disorder causing hearing and vision loss).
The patient was diagnosed with Wiedemann-Steiner syndrome.,The patient was diagnosed with Wiedemann-Steiner syndrome (genetic disorder causing developmental delays and unique facial features).
The patient has a diagnosis of Kabuki syndrome.,The patient has a diagnosis of Kabuki syndrome (genetic disorder causing developmental delays and unique facial features).
He has been diagnosed with hypertension.,He has been diagnosed with hypertension (high blood pressure).
She underwent a coronary artery bypass graft.,She underwent a coronary artery bypass graft (heart bypass surgery).
The doctor prescribed an antihypertensive medication.,The doctor prescribed an antihypertensive medication (a drug to lower blood pressure).
He was diagnosed with chronic obstructive pulmonary disease.,"He was diagnosed with chronic obstructive pulmonary disease (COPD, a lung disease)."
She is suffering from gastroesophageal reflux disease.,"She is suffering from gastroesophageal reflux disease (GERD, chronic acid reflux)."
The patient underwent an appendectomy.,The patient underwent an appendectomy (removal of the appendix).
He has a history of benign prostatic hyperplasia.,He has a history of benign prostatic hyperplasia (enlarged prostate).
The patient is experiencing atrial fibrillation.,The patient is experiencing atrial fibrillation (irregular heart rhythm).
He underwent a laparoscopic cholecystectomy.,He underwent a laparoscopic cholecystectomy (minimally invasive gallbladder removal).
The patient has been diagnosed with osteoarthritis.,The patient has been diagnosed with osteoarthritis (joint wear and tear).
She is suffering from major depressive disorder.,She is suffering from major depressive disorder (severe depression).
The patient was given a bronchodilator.,The patient was given a bronchodilator (medication to open airways).
She is experiencing anaphylactic shock.,She is experiencing anaphylactic shock (severe allergic reaction).
The patient is being treated for a myocardial ischemia.,The patient is being treated for a myocardial ischemia (reduced blood flow to the heart).
He has been diagnosed with hyperlipidemia.,He has been diagnosed with hyperlipidemia (high cholesterol levels).
The patient is suffering from rheumatoid arthritis.,The patient is suffering from rheumatoid arthritis (an autoimmune joint disease).
She has been diagnosed with aortic stenosis.,She has been diagnosed with aortic stenosis (narrowing of the aorta).
The patient underwent a colectomy.,The patient underwent a colectomy (removal of part of the colon).
He is being treated for congestive heart failure.,He is being treated for congestive heart failure (heart's inability to pump blood effectively).
She is experiencing peripheral neuropathy.,She is experiencing peripheral neuropathy (nerve damage).
The patient was treated for acute pancreatitis.,The patient was treated for acute pancreatitis (inflammation of the pancreas).
He has a history of deep vein thrombosis.,He has a history of deep vein thrombosis (blood clot in a deep vein).
The patient was diagnosed with squamous cell carcinoma.,The patient was diagnosed with squamous cell carcinoma (a type of skin cancer).
She underwent a hysterectomy.,She underwent a hysterectomy (removal of the uterus).
The patient is suffering from diverticulitis.,The patient is suffering from diverticulitis (inflammation of pouches in the colon).
He has been diagnosed with atrial septal defect.,He has been diagnosed with atrial septal defect (hole in the heart).
The patient is being treated for hyperthyroidism.,The patient is being treated for hyperthyroidism (overactive thyroid).
She has a history of meningioma.,She has a history of meningioma (brain tumor).
The patient underwent an angioplasty.,The patient underwent an angioplasty (procedure to open blocked blood vessels).
He was diagnosed with bronchitis.,He was diagnosed with bronchitis (inflammation of the bronchial tubes).
She was diagnosed with nephrolithiasis.,She was diagnosed with nephrolithiasis (kidney stones).
The patient underwent a mastectomy.,The patient underwent a mastectomy (removal of a breast).
He is being treated for cellulitis.,He is being treated for cellulitis (skin infection).
The patient is experiencing dyspnea.,The patient is experiencing dyspnea (shortness of breath).
She has been diagnosed with scoliosis.,She has been diagnosed with scoliosis (curved spine).
The patient underwent a thoracotomy.,The patient underwent a thoracotomy (surgery to open the chest).
He has a history of venous insufficiency.,He has a history of venous insufficiency (poor blood flow in the veins).
The patient is suffering from a herniated disc.,The patient is suffering from a herniated disc (slipped disc in the spine).
She was diagnosed with a basal cell carcinoma.,She was diagnosed with a basal cell carcinoma (a type of skin cancer).
The patient is experiencing paresthesia.,The patient is experiencing paresthesia (tingling or numbness).
He has been diagnosed with gastritis.,He has been diagnosed with gastritis (inflammation of the stomach lining).
The patient underwent a tracheostomy.,The patient underwent a tracheostomy (surgery to create an opening in the windpipe).
She is suffering from chronic sinusitis.,She is suffering from chronic sinusitis (long-term sinus infection).
The patient is experiencing angina pectoris.,The patient is experiencing angina pectoris (chest pain due to heart problems).
He was diagnosed with a femoral hernia.,He was diagnosed with a femoral hernia (a bulge near the thigh).
The patient is being treated for hypercalcemia.,The patient is being treated for hypercalcemia (high calcium levels in the blood).
She has a history of endometriosis.,She has a history of endometriosis (tissue growing outside the uterus).
The patient underwent a craniotomy.,The patient underwent a craniotomy (surgery to open the skull).
He is suffering from hepatic encephalopathy.,He is suffering from hepatic encephalopathy (brain damage due to liver problems).
The patient is experiencing hyperglycemia.,The patient is experiencing hyperglycemia (high blood sugar).
She was diagnosed with chronic kidney disease.,She was diagnosed with chronic kidney disease (long-term kidney problems).
The patient underwent a spinal fusion.,The patient underwent a spinal fusion (surgery to join two vertebrae).
He has a history of Barrett's esophagus.,He has a history of Barrett's esophagus (changes in the esophagus lining).
The patient is suffering from chronic fatigue syndrome.,The patient is suffering from chronic fatigue syndrome (long-term tiredness).
She was diagnosed with aortic aneurysm.,She was diagnosed with aortic aneurysm (bulging of the aorta).
The patient is experiencing dysphagia.,The patient is experiencing dysphagia (difficulty swallowing).
He has been diagnosed with hypothyroidism.,He has been diagnosed with hypothyroidism (underactive thyroid).
The patient underwent a liver transplant.,The patient underwent a liver transplant (replacement of a diseased liver).
She is suffering from chronic obstructive sleep apnea.,She is suffering from chronic obstructive sleep apnea (long-term sleep breathing problems).
The patient was diagnosed with benign positional vertigo.,The patient was diagnosed with benign positional vertigo (dizziness due to head movement).
He has a history of systemic lupus erythematosus.,He has a history of systemic lupus erythematosus (an autoimmune disease).
The patient is suffering from an ischemic stroke.,The patient is suffering from an ischemic stroke (stroke caused by a blood clot).
She was diagnosed with pyelonephritis.,She was diagnosed with pyelonephritis (kidney infection).
The patient underwent a pacemaker implantation.,The patient underwent a pacemaker implantation (device to help the heart beat regularly).
He is experiencing thrombophlebitis.,He is experiencing thrombophlebitis (inflammation of a vein due to a blood clot).
The patient was treated for a pneumothorax.,The patient was treated for a pneumothorax (collapsed lung).
She is suffering from gastroenteritis.,She is suffering from gastroenteritis (stomach flu).
The patient was diagnosed with a retinal detachment.,The patient was diagnosed with a retinal detachment (separation of the retina from the back of the eye).
He has a history of ankylosing spondylitis.,He has a history of ankylosing spondylitis (inflammatory arthritis affecting the spine).
The patient is experiencing orthostatic hypotension.,The patient is experiencing orthostatic hypotension (low blood pressure when standing up).
She was diagnosed with pleurisy.,She was diagnosed with pleurisy (inflammation of the lining of the lungs).
The patient underwent a gastrectomy.,The patient underwent a gastrectomy (removal of part or all of the stomach).
He has a history of celiac disease.,He has a history of celiac disease (gluten intolerance).
The patient was diagnosed with cardiomegaly.,The patient was diagnosed with cardiomegaly (enlarged heart).
She is experiencing dysmenorrhea.,She is experiencing dysmenorrhea (painful periods).
The patient was treated for a sebaceous cyst.,The patient was treated for a sebaceous cyst (non-cancerous lump under the skin).
He was diagnosed with a clavicle fracture.,He was diagnosed with a clavicle fracture (broken collarbone).
The patient underwent a nephrectomy.,The patient underwent a nephrectomy (removal of a kidney).
She is suffering from multiple sclerosis.,She is suffering from multiple sclerosis (a disease affecting the brain and spinal cord).
He was diagnosed with erythema nodosum.,He was diagnosed with erythema nodosum (inflammatory lumps under the skin).
The patient is being treated for a meniscal tear.,The patient is being treated for a meniscal tear (tear in the knee cartilage).
She has a history of mitral valve prolapse.,She has a history of mitral valve prolapse (a heart valve problem).
He is experiencing myalgia.,He is experiencing myalgia (muscle pain).
The patient underwent a spinal decompression surgery.,The patient underwent a spinal decompression surgery (surgery to relieve pressure on the spinal cord).
She has been diagnosed with uveitis.,She has been diagnosed with uveitis (inflammation of the middle layer of the eye).
The patient was treated for a pilonidal cyst.,The patient was treated for a pilonidal cyst (a cyst near the tailbone).
He has a history of hypertrophic cardiomyopathy.,He has a history of hypertrophic cardiomyopathy (thickening of the heart muscle).
The patient is experiencing hyperhidrosis.,The patient is experiencing hyperhidrosis (excessive sweating).
She was diagnosed with polymyalgia rheumatica.,She was diagnosed with polymyalgia rheumatica (an inflammatory disorder causing muscle pain and stiffness).
The patient underwent an ileostomy.,The patient underwent an ileostomy (surgery to create an opening in the small intestine).
He has a history of fibromyalgia.,He has a history of fibromyalgia (chronic pain disorder).
The patient was diagnosed with non-alcoholic steatohepatitis.,The patient was diagnosed with non-alcoholic steatohepatitis (liver inflammation due to fat buildup).
She is experiencing myasthenia gravis.,She is experiencing myasthenia gravis (a disease causing muscle weakness).
The patient underwent a radical prostatectomy.,The patient underwent a radical prostatectomy (removal of the prostate gland).
He was diagnosed with ankylosing spondylitis.,He was diagnosed with ankylosing spondylitis (a type of arthritis affecting the spine).
The patient is suffering from idiopathic pulmonary fibrosis.,The patient is suffering from idiopathic pulmonary fibrosis (scarring of the lungs).
She has a history of systemic lupus erythematosus.,She has a history of systemic lupus erythematosus (an autoimmune disease).
The patient underwent an esophagogastroduodenoscopy.,The patient underwent an esophagogastroduodenoscopy (a procedure to examine the digestive tract).
He is experiencing thrombocytopenia.,He is experiencing thrombocytopenia (low platelet count).
The patient was diagnosed with a perianal abscess.,The patient was diagnosed with a perianal abscess (an infection near the anus).
She underwent a total hip arthroplasty.,She underwent a total hip arthroplasty (hip replacement surgery).
The patient is experiencing rhinitis.,The patient is experiencing rhinitis (inflammation of the nasal lining).
He has a history of esophageal varices.,He has a history of esophageal varices (swollen veins in the esophagus).
The patient was diagnosed with nephrotic syndrome.,The patient was diagnosed with nephrotic syndrome (a kidney disorder causing protein in the urine).
She is experiencing optic neuritis.,She is experiencing optic neuritis (inflammation of the optic nerve).
The patient was treated for an ectopic pregnancy.,The patient was treated for an ectopic pregnancy (pregnancy outside the uterus).
He has a history of Paget's disease of bone.,He has a history of Paget's disease of bone (a condition affecting bone growth).
She was diagnosed with Hashimoto's thyroiditis.,She was diagnosed with Hashimoto's thyroiditis (an autoimmune thyroid disease).
He has a history of Guillain-Barré syndrome.,He has a history of Guillain-Barré syndrome (a rare neurological disorder).
The patient was treated for a duodenal ulcer.,The patient was treated for a duodenal ulcer (a sore in the upper part of the small intestine).
She is suffering from rheumatoid arthritis.,She is suffering from rheumatoid arthritis (an autoimmune joint disease).
The patient was diagnosed with a Baker's cyst.,The patient was diagnosed with a Baker's cyst (a fluid-filled cyst behind the knee).
He is experiencing peripheral neuropathy.,He is experiencing peripheral neuropathy (nerve damage).
The patient underwent a laparoscopic appendectomy.,The patient underwent a laparoscopic appendectomy (minimally invasive appendix removal).
She has been diagnosed with polycystic ovary syndrome.,"She has been diagnosed with polycystic ovary syndrome (PCOS, a hormonal disorder)."
He was diagnosed with idiopathic pulmonary fibrosis.,He was diagnosed with idiopathic pulmonary fibrosis (scarring of the lungs).
The patient is experiencing atrial fibrillation.,The patient is experiencing atrial fibrillation (irregular heart rhythm).
She underwent a hysteroscopy.,She underwent a hysteroscopy (procedure to examine the inside of the uterus).
He has a history of systemic lupus erythematosus.,He has a history of systemic lupus erythematosus (an autoimmune disease).
The patient is suffering from osteoarthritis.,The patient is suffering from osteoarthritis (joint wear and tear).
She was diagnosed with aortic stenosis.,She was diagnosed with aortic stenosis (narrowing of the aorta).
The patient underwent a coronary artery bypass graft.,The patient underwent a coronary artery bypass graft (heart bypass surgery).
He is experiencing dyspnea.,He is experiencing dyspnea (shortness of breath).
The patient was diagnosed with hepatitis C.,The patient was diagnosed with hepatitis C (a liver infection).
She is suffering from major depressive disorder.,She is suffering from major depressive disorder (severe depression).
The patient was treated for an atrial septal defect.,The patient was treated for an atrial septal defect (hole in the heart).
He has a history of benign prostatic hyperplasia.,He has a history of benign prostatic hyperplasia (enlarged prostate).
The patient was diagnosed with squamous cell carcinoma.,The patient was diagnosed with squamous cell carcinoma (a type of skin cancer).
She underwent a thyroidectomy.,She underwent a thyroidectomy (removal of the thyroid gland).
The patient is experiencing hematuria.,The patient is experiencing hematuria (blood in the urine).
He was diagnosed with chronic fatigue syndrome.,He was diagnosed with chronic fatigue syndrome (long-term tiredness).
The patient was treated for a femoral hernia.,The patient was treated for a femoral hernia (a bulge near the thigh).
She has a history of endometriosis.,She has a history of endometriosis (tissue growing outside the uterus).
The patient underwent a cholecystectomy.,The patient underwent a cholecystectomy (removal of the gallbladder).
He has been diagnosed with chronic kidney disease.,He has been diagnosed with chronic kidney disease (long-term kidney problems).
The patient is suffering from an ischemic stroke.,The patient is suffering from an ischemic stroke (stroke caused by a blood clot).
She was diagnosed with hepatitis B.,She was diagnosed with hepatitis B (a liver infection).
The patient underwent a spinal fusion.,The patient underwent a spinal fusion (surgery to join two vertebrae).
He has a history of Barrett's esophagus.,He has a history of Barrett's esophagus (changes in the esophagus lining).
The patient is suffering from irritable bowel syndrome.,"The patient is suffering from irritable bowel syndrome (IBS, a digestive disorder)."
She was diagnosed with aortic aneurysm.,She was diagnosed with aortic aneurysm (bulging of the aorta).
The patient is experiencing dysphagia.,The patient is experiencing dysphagia (difficulty swallowing).
He has been diagnosed with hypothyroidism.,He has been diagnosed with hypothyroidism (underactive thyroid).
The patient underwent a liver transplant.,The patient underwent a liver transplant (replacement of a diseased liver).
She is suffering from chronic obstructive sleep apnea.,She is suffering from chronic obstructive sleep apnea (long-term sleep breathing problems).
The patient was diagnosed with benign positional vertigo.,The patient was diagnosed with benign positional vertigo (dizziness due to head movement).
He has a history of systemic lupus erythematosus.,He has a history of systemic lupus erythematosus (an autoimmune disease).
The patient is suffering from an ischemic stroke.,The patient is suffering from an ischemic stroke (stroke caused by a blood clot).
She was diagnosed with pyelonephritis.,She was diagnosed with pyelonephritis (kidney infection).
The patient underwent a pacemaker implantation.,The patient underwent a pacemaker implantation (device to help the heart beat regularly).
He is experiencing thrombophlebitis.,He is experiencing thrombophlebitis (inflammation of a vein due to a blood clot).
The patient was treated for a pneumothorax.,The patient was treated for a pneumothorax (collapsed lung).
She is suffering from gastroenteritis.,She is suffering from gastroenteritis (stomach flu).
The patient was diagnosed with a retinal detachment.,The patient was diagnosed with a retinal detachment (separation of the retina from the back of the eye).
He has a history of ankylosing spondylitis.,He has a history of ankylosing spondylitis (inflammatory arthritis affecting the spine).
The patient is experiencing orthostatic hypotension.,The patient is experiencing orthostatic hypotension (low blood pressure when standing up).
She was diagnosed with pleurisy.,She was diagnosed with pleurisy (inflammation of the lining of the lungs).
The patient underwent a gastrectomy.,The patient underwent a gastrectomy (removal of part or all of the stomach).
He has a history of celiac disease.,He has a history of celiac disease (gluten intolerance).
The patient was diagnosed with cardiomegaly.,The patient was diagnosed with cardiomegaly (enlarged heart).
She is experiencing dysmenorrhea.,She is experiencing dysmenorrhea (painful periods).
The patient was treated for a sebaceous cyst.,The patient was treated for a sebaceous cyst (non-cancerous lump under the skin).
He was diagnosed with a clavicle fracture.,He was diagnosed with a clavicle fracture (broken collarbone).
The patient underwent a nephrectomy.,The patient underwent a nephrectomy (removal of a kidney).
She is suffering from multiple sclerosis.,She is suffering from multiple sclerosis (a disease affecting the brain and spinal cord).
He was diagnosed with erythema nodosum.,He was diagnosed with erythema nodosum (inflammatory lumps under the skin).
The patient is being treated for a meniscal tear.,The patient is being treated for a meniscal tear (tear in the knee cartilage).
She has a history of mitral valve prolapse.,She has a history of mitral valve prolapse (a heart valve problem).
He is experiencing myalgia.,He is experiencing myalgia (muscle pain).
The patient underwent a spinal decompression surgery.,The patient underwent a spinal decompression surgery (surgery to relieve pressure on the spinal cord).
She has been diagnosed with uveitis.,She has been diagnosed with uveitis (inflammation of the middle layer of the eye).
The patient was treated for a pilonidal cyst.,The patient was treated for a pilonidal cyst (a cyst near the tailbone).
He has a history of hypertrophic cardiomyopathy.,He has a history of hypertrophic cardiomyopathy (thickening of the heart muscle).
The patient is experiencing hyperhidrosis.,The patient is experiencing hyperhidrosis (excessive sweating).
She was diagnosed with polymyalgia rheumatica.,She was diagnosed with polymyalgia rheumatica (an inflammatory disorder causing muscle pain and stiffness).
The patient underwent an ileostomy.,The patient underwent an ileostomy (surgery to create an opening in the small intestine).
He has a history of fibromyalgia.,He has a history of fibromyalgia (chronic pain disorder).
The patient was diagnosed with non-alcoholic steatohepatitis.,The patient was diagnosed with non-alcoholic steatohepatitis (liver inflammation due to fat buildup).
She is experiencing myasthenia gravis.,She is experiencing myasthenia gravis (a disease causing muscle weakness).
The patient underwent a radical prostatectomy.,The patient underwent a radical prostatectomy (removal of the prostate gland).
He was diagnosed with ankylosing spondylitis.,He was diagnosed with ankylosing spondylitis (a type of arthritis affecting the spine).
The patient is suffering from idiopathic pulmonary fibrosis.,The patient is suffering from idiopathic pulmonary fibrosis (scarring of the lungs).
She has a history of systemic lupus erythematosus.,She has a history of systemic lupus erythematosus (an autoimmune disease).
The patient underwent an esophagogastroduodenoscopy.,The patient underwent an esophagogastroduodenoscopy (a procedure to examine the digestive tract).
He is experiencing thrombocytopenia.,He is experiencing thrombocytopenia (low platelet count).
The patient was diagnosed with a perianal abscess.,The patient was diagnosed with a perianal abscess (an infection near the anus).
She underwent a total hip arthroplasty.,She underwent a total hip arthroplasty (hip replacement surgery).
The patient is experiencing rhinitis.,The patient is experiencing rhinitis (inflammation of the nasal lining).
He has a history of esophageal varices.,He has a history of esophageal varices (swollen veins in the esophagus).
The patient was diagnosed with nephrotic syndrome.,The patient was diagnosed with nephrotic syndrome (a kidney disorder causing protein in the urine).
She is experiencing optic neuritis.,She is experiencing optic neuritis (inflammation of the optic nerve).
The patient was treated for an ectopic pregnancy.,The patient was treated for an ectopic pregnancy (pregnancy outside the uterus).
He has a history of Paget's disease of bone.,He has a history of Paget's disease of bone (a condition affecting bone growth).
She was diagnosed with Hashimoto's thyroiditis.,She was diagnosed with Hashimoto's thyroiditis (an autoimmune thyroid disease).
He has a history of Guillain-Barré syndrome.,He has a history of Guillain-Barré syndrome (a rare neurological disorder).
The patient was treated for a duodenal ulcer.,The patient was treated for a duodenal ulcer (a sore in the upper part of the small intestine).
The patient presented with dyspnea and tachypnea.,The patient had difficulty breathing (dyspnea) and was breathing rapidly (tachypnea).
The MRI showed a glioblastoma in the frontal lobe.,The MRI revealed a type of brain tumor (glioblastoma) in the front part of the brain (frontal lobe).
The patient was diagnosed with hypertension and hyperlipidemia.,The patient was diagnosed with high blood pressure (hypertension) and high cholesterol levels (hyperlipidemia).
She was administered an intravenous infusion of normal saline.,She was given a drip (intravenous infusion) of a saltwater solution (normal saline).
The child had a febrile seizure due to a high fever.,The child had a seizure caused by a high fever (febrile seizure).
The patient underwent an appendectomy.,The patient had surgery to remove the appendix (appendectomy).
He was prescribed an antibiotic for his bacterial pneumonia.,He was given a medicine (antibiotic) to treat his lung infection (bacterial pneumonia).
The patient has a history of myocardial infarction.,The patient has had a heart attack (myocardial infarction) in the past.
She was diagnosed with type 2 diabetes mellitus.,She was diagnosed with a condition where her blood sugar levels are too high (type 2 diabetes).
The x-ray revealed a compound fracture in the femur.,The x-ray showed a broken thigh bone (femur) where the bone sticks out through the skin (compound fracture).
The patient exhibited signs of cyanosis and hypoxia.,The patient showed signs of having blue-tinged skin (cyanosis) and low oxygen levels (hypoxia).
He was treated for a subdural hematoma.,He was treated for bleeding under the outer layer of the brain (subdural hematoma).
The lab results indicated hyperkalemia.,The lab results showed high levels of potassium in the blood (hyperkalemia).
The patient was advised to undergo a cholecystectomy.,The patient was advised to have surgery to remove the gallbladder (cholecystectomy).
The infant was diagnosed with gastroesophageal reflux disease.,The infant was diagnosed with a condition where stomach acid comes back up into the esophagus (GERD).
The patient has chronic obstructive pulmonary disease.,The patient has a long-term lung disease that makes it hard to breathe (COPD).
She was experiencing angina pectoris.,She was having chest pain (angina pectoris) due to reduced blood flow to the heart.
The biopsy confirmed adenocarcinoma of the colon.,The biopsy confirmed a type of colon cancer (adenocarcinoma).
The patient has a history of transient ischemic attacks.,The patient has had mini-strokes (transient ischemic attacks) in the past.
The electrocardiogram showed atrial fibrillation.,The heart test (electrocardiogram) showed an irregular heart rhythm (atrial fibrillation).
She underwent a mastectomy.,She had surgery to remove one or both breasts (mastectomy).
The CT scan revealed a subarachnoid hemorrhage.,The CT scan showed bleeding in the space around the brain (subarachnoid hemorrhage).
The patient was administered a beta-blocker for his arrhythmia.,The patient was given a medicine (beta-blocker) to treat his irregular heartbeat (arrhythmia).
The patient was diagnosed with chronic renal failure.,The patient was diagnosed with long-term kidney failure (chronic renal failure).
He had a herniated disc in his lumbar spine.,He had a slipped disc in his lower back (herniated disc in the lumbar spine).
The patient was treated for deep vein thrombosis.,The patient was treated for a blood clot in a deep vein (deep vein thrombosis).
She experienced a spontaneous pneumothorax.,She had a sudden collapsed lung (spontaneous pneumothorax).
The patient was prescribed an antihypertensive medication.,The patient was given medicine to lower high blood pressure (antihypertensive).
The patient has a history of cerebrovascular accidents.,The patient has had strokes (cerebrovascular accidents) in the past.
The patient's lab results showed hyperglycemia.,The patient's lab results showed high blood sugar levels (hyperglycemia).
The patient was diagnosed with osteoporosis.,The patient was diagnosed with a condition where bones become weak and brittle (osteoporosis).
The endoscopy revealed esophageal varices.,The camera test (endoscopy) showed swollen veins in the esophagus (esophageal varices).
He was admitted for acute pancreatitis.,He was admitted to the hospital for sudden inflammation of the pancreas (acute pancreatitis).
The patient has a history of peptic ulcer disease.,The patient has had stomach ulcers (peptic ulcer disease) in the past.
The patient presented with hemoptysis.,The patient was coughing up blood (hemoptysis).
She was diagnosed with rheumatoid arthritis.,She was diagnosed with a condition where the immune system attacks the joints (rheumatoid arthritis).
The patient underwent a lumbar puncture.,The patient had a procedure to collect fluid from around the spinal cord (lumbar puncture).
The patient's ECG showed ventricular tachycardia.,The heart test (ECG) showed a very fast heartbeat starting in the lower chambers of the heart (ventricular tachycardia).
The MRI revealed a meningioma.,The MRI showed a tumor in the membranes around the brain and spinal cord (meningioma).
The patient was diagnosed with hepatitis C.,The patient was diagnosed with a liver infection caused by the hepatitis C virus.
The patient has been experiencing dysphagia.,The patient has been having difficulty swallowing (dysphagia).
The patient's blood test showed anemia.,The patient's blood test showed a low red blood cell count (anemia).
The patient was treated for pyelonephritis.,The patient was treated for a kidney infection (pyelonephritis).
The patient was diagnosed with diverticulitis.,The patient was diagnosed with inflammation or infection of pouches in the colon (diverticulitis).
He experienced a syncopal episode.,He fainted (syncopal episode).
The patient underwent coronary artery bypass grafting.,The patient had surgery to improve blood flow to the heart (coronary artery bypass grafting).
The patient was diagnosed with multiple sclerosis.,The patient was diagnosed with a disease that affects the brain and spinal cord (multiple sclerosis).
The patient has a history of hyperthyroidism.,The patient has had an overactive thyroid (hyperthyroidism) in the past.
The patient was treated for cellulitis.,The patient was treated for a bacterial skin infection (cellulitis).
The patient underwent a tonsillectomy.,The patient had surgery to remove the tonsils (tonsillectomy).
She was diagnosed with endometriosis.,She was diagnosed with a condition where tissue similar to the lining inside the uterus grows outside it (endometriosis).
The patient has a history of atrial flutter.,The patient has had a fast and irregular heartbeat (atrial flutter) in the past.
The patient presented with jaundice.,The patient had yellowing of the skin and eyes (jaundice).
The patient was diagnosed with glaucoma.,The patient was diagnosed with an eye condition that can lead to blindness (glaucoma).
The patient was prescribed a diuretic.,The patient was given a medicine to help the body get rid of excess fluid (diuretic).
The patient underwent laparoscopic cholecystectomy.,The patient had minimally invasive surgery to remove the gallbladder (laparoscopic cholecystectomy).
The patient presented with erythema and pruritus.,The patient had red skin (erythema) and was experiencing itching (pruritus).
The patient has a history of irritable bowel syndrome.,"The patient has had a digestive disorder causing stomach pain, bloating, and irregular bowel movements (irritable bowel syndrome)."
The patient was treated for angioedema.,The patient was treated for swelling under the skin (angioedema).
The patient underwent a hysterectomy.,The patient had surgery to remove the uterus (hysterectomy).
The patient's echocardiogram showed cardiomegaly.,The heart ultrasound (echocardiogram) showed an enlarged heart (cardiomegaly).
The patient was diagnosed with ankylosing spondylitis.,The patient was diagnosed with a type of arthritis that affects the spine (ankylosing spondylitis).
The patient experienced a transient ischemic attack.,The patient had a mini-stroke (transient ischemic attack).
The patient has a history of chronic bronchitis.,The patient has had long-term inflammation of the airways in the lungs (chronic bronchitis).
The patient underwent an angioplasty.,The patient had a procedure to open blocked or narrowed blood vessels (angioplasty).
The patient was diagnosed with ulcerative colitis.,The patient was diagnosed with a long-term condition causing inflammation of the colon (ulcerative colitis).
The patient was diagnosed with celiac disease.,The patient was diagnosed with a condition where eating gluten causes damage to the small intestine (celiac disease).
The patient was treated for nephrolithiasis.,The patient was treated for kidney stones (nephrolithiasis).
The patient has a history of epilepsy.,The patient has had a condition that causes seizures (epilepsy).
The patient was diagnosed with systemic lupus erythematosus.,The patient was diagnosed with an autoimmune disease that affects various parts of the body (systemic lupus erythematosus).
The patient was treated for gastroenteritis.,The patient was treated for an infection of the stomach and intestines (gastroenteritis).
The patient has a history of Bell's palsy.,The patient has had a condition that causes sudden weakness in the facial muscles (Bell's palsy).
The patient was diagnosed with hyperparathyroidism.,The patient was diagnosed with a condition where the parathyroid glands produce too much hormone (hyperparathyroidism).
The patient was diagnosed with polycystic ovary syndrome.,The patient was diagnosed with a hormonal disorder causing enlarged ovaries with small cysts (polycystic ovary syndrome).
The patient has a history of mitral valve prolapse.,The patient has had a condition where the valve between the heart's left upper chamber and left lower chamber doesn't close properly (mitral valve prolapse).
The patient underwent a craniotomy.,The patient had surgery to open the skull (craniotomy).
The patient was diagnosed with myasthenia gravis.,The patient was diagnosed with a condition that causes weakness in the muscles (myasthenia gravis).
The patient has a history of peptic ulcer disease.,The patient has had stomach ulcers (peptic ulcer disease) in the past.
The patient was diagnosed with chronic fatigue syndrome.,The patient was diagnosed with a condition causing extreme tiredness (chronic fatigue syndrome).
The patient underwent a thyroidectomy.,The patient had surgery to remove all or part of the thyroid gland (thyroidectomy).
The patient was diagnosed with Guillain-Barré syndrome.,The patient was diagnosed with a condition where the immune system attacks the nerves (Guillain-Barré syndrome).
The patient was treated for cellulitis.,The patient was treated for a bacterial skin infection (cellulitis).
The patient has a history of bipolar disorder.,The patient has had a mental health condition that causes extreme mood swings (bipolar disorder).
The patient was diagnosed with macular degeneration.,The patient was diagnosed with an eye condition that causes vision loss (macular degeneration).
The patient has a history of gastroesophageal reflux disease.,The patient has had a condition where stomach acid frequently flows back into the tube connecting the mouth and stomach (GERD).
The patient underwent an oophorectomy.,The patient had surgery to remove one or both ovaries (oophorectomy).
The patient was diagnosed with hypercholesterolemia.,The patient was diagnosed with high levels of cholesterol in the blood (hypercholesterolemia).
The patient has a history of glaucoma.,The patient has had an eye condition that can lead to blindness (glaucoma).
The patient was diagnosed with amyotrophic lateral sclerosis.,The patient was diagnosed with a disease that affects the nerve cells in the brain and spinal cord (ALS or Lou Gehrig's disease).
The patient was diagnosed with fibromyalgia.,The patient was diagnosed with a condition causing widespread pain and tenderness (fibromyalgia).
The patient has a history of endocarditis.,The patient has had an infection of the inner lining of the heart (endocarditis).
The patient underwent an orchiectomy.,The patient had surgery to remove one or both testicles (orchiectomy).
The patient was diagnosed with achalasia.,The patient was diagnosed with a condition where the esophagus has trouble moving food down to the stomach (achalasia).
The patient has a history of schizophrenia.,"The patient has had a mental health disorder affecting how a person thinks, feels, and behaves (schizophrenia)."
The patient was diagnosed with narcolepsy.,The patient was diagnosed with a condition causing excessive sleepiness and sudden sleep attacks (narcolepsy).
The patient was treated for varicose veins.,"The patient was treated for swollen and twisted veins, usually in the legs (varicose veins)."
The patient underwent a laparotomy.,The patient had surgery involving a large cut in the abdomen (laparotomy).
The patient was diagnosed with aortic stenosis.,The patient was diagnosed with a condition where the heart's aortic valve narrows (aortic stenosis).
The patient has a history of systemic sclerosis.,The patient has had a disease that affects the skin and internal organs (systemic sclerosis).
The patient was treated for hyperthyroidism.,The patient was treated for an overactive thyroid (hyperthyroidism).
The patient underwent a bronchoscopy.,The patient had a procedure to look inside the lungs (bronchoscopy).
The patient was diagnosed with trigeminal neuralgia.,The patient was diagnosed with a condition causing severe facial pain (trigeminal neuralgia).
The patient has a history of hepatitis B.,The patient has had a liver infection caused by the hepatitis B virus.
The patient was diagnosed with pernicious anemia.,The patient was diagnosed with a type of anemia caused by the body's inability to absorb vitamin B12 (pernicious anemia).
The patient underwent a cystectomy.,The patient had surgery to remove the bladder (cystectomy).
The patient was diagnosed with a hiatal hernia.,The patient was diagnosed with a condition where part of the stomach pushes up into the chest (hiatal hernia).
The patient has a history of depression.,The patient has had a mental health disorder causing persistent sadness and loss of interest (depression).
The patient was treated for cellulitis.,The patient was treated for a bacterial skin infection (cellulitis).
The patient underwent a sigmoidoscopy.,The patient had a procedure to look inside the lower part of the colon (sigmoidoscopy).
The patient was diagnosed with aortic aneurysm.,The patient was diagnosed with a bulging or swelling in the aorta (aortic aneurysm).
The patient has a history of Raynaud's disease.,The patient has had a condition where some areas of the body feel numb and cool in response to cold or stress (Raynaud's disease).
The patient was treated for Bell's palsy.,The patient was treated for a condition causing sudden weakness in the facial muscles (Bell's palsy).
The patient underwent a splenectomy.,The patient had surgery to remove the spleen (splenectomy).
The patient was diagnosed with Alzheimer's disease.,The patient was diagnosed with a progressive brain disorder that affects memory and thinking skills (Alzheimer's disease).
The patient was treated for thrombophlebitis.,The patient was treated for inflammation of a vein with a blood clot (thrombophlebitis).
The patient underwent an arthroscopy.,The patient had a minimally invasive surgery to look inside a joint (arthroscopy).
The patient was diagnosed with Huntington's disease.,The patient was diagnosed with a genetic disorder that causes the breakdown of nerve cells in the brain (Huntington's disease).
The patient has a history of Tourette syndrome.,"The patient has had a neurological disorder characterized by repetitive, involuntary movements and vocalizations (Tourette syndrome)."
The patient was diagnosed with chronic lymphocytic leukemia.,The patient was diagnosed with a type of cancer that affects the blood and bone marrow (chronic lymphocytic leukemia).
The patient was treated for mononucleosis.,The patient was treated for an infectious disease often called the 'kissing disease' (mononucleosis).
The patient underwent a nephrectomy.,The patient had surgery to remove a kidney (nephrectomy).
The patient was diagnosed with hyperuricemia.,The patient was diagnosed with high levels of uric acid in the blood (hyperuricemia).
The patient has a history of Addison's disease.,The patient has had a disorder where the adrenal glands do not produce enough hormones (Addison's disease).
The patient was diagnosed with multiple myeloma.,The patient was diagnosed with a type of cancer that affects plasma cells in the bone marrow (multiple myeloma).
The patient underwent a colposcopy.,"The patient had a procedure to examine the cervix, vagina, and vulva (colposcopy)."
The patient was diagnosed with hemochromatosis.,The patient was diagnosed with a condition where the body absorbs too much iron (hemochromatosis).
The patient has a history of myelofibrosis.,The patient has had a rare bone marrow cancer that disrupts the body's normal production of blood cells (myelofibrosis).
The patient was treated for bacterial endocarditis.,The patient was treated for a bacterial infection of the inner lining of the heart (bacterial endocarditis).
The patient underwent a transurethral resection of the prostate.,The patient had surgery to remove parts of the prostate through the urethra (TURP).
The patient was diagnosed with osteomyelitis.,The patient was diagnosed with a bone infection (osteomyelitis).
The patient has a history of non-Hodgkin lymphoma.,The patient has had a type of cancer that starts in the lymphatic system (non-Hodgkin lymphoma).
The patient was treated for erysipelas.,The patient was treated for a bacterial skin infection that affects the upper layers of the skin (erysipelas).
The patient was diagnosed with pulmonary embolism.,The patient was diagnosed with a blockage in one of the arteries in the lungs (pulmonary embolism).
The patient has a history of congenital heart disease.,The patient was born with a heart defect (congenital heart disease).
The patient underwent a laminectomy.,The patient had surgery to remove part of the vertebrae in the spine (laminectomy).
The patient was diagnosed with sciatica.,The patient was diagnosed with pain that radiates along the path of the sciatic nerve (sciatica).
The patient has a history of ulcerative colitis.,The patient has had a long-term condition causing inflammation of the colon (ulcerative colitis).
The patient was treated for histoplasmosis.,The patient was treated for a fungal infection caused by inhaling spores (histoplasmosis).
The patient was diagnosed with multiple endocrine neoplasia.,The patient was diagnosed with a group of disorders that affect the endocrine glands (multiple endocrine neoplasia).
The patient has a history of sarcoidosis.,The patient has had a disease that causes inflammatory cells to form lumps in the lungs and other organs (sarcoidosis).
The patient was treated for pneumoconiosis.,The patient was treated for a lung disease caused by inhaling dust (pneumoconiosis).
The patient was diagnosed with pheochromocytoma.,The patient was diagnosed with a rare tumor of the adrenal gland (pheochromocytoma).
The patient has a history of chronic kidney disease.,The patient has had long-term kidney damage that can worsen over time (chronic kidney disease).
The patient was treated for pulmonary fibrosis.,The patient was treated for a lung disease that occurs when lung tissue becomes damaged and scarred (pulmonary fibrosis).
The patient underwent a hemorrhoidectomy.,The patient had surgery to remove hemorrhoids (hemorrhoidectomy).
The patient was diagnosed with mesothelioma.,"The patient was diagnosed with a type of cancer that develops in the lining of the lungs, abdomen, or heart (mesothelioma)."
The patient has a history of meniere's disease.,The patient has had a disorder of the inner ear causing vertigo and hearing loss (Meniere's disease).
The patient was treated for pancreatitis.,The patient was treated for inflammation of the pancreas (pancreatitis).
The patient was diagnosed with eosinophilic esophagitis.,The patient was diagnosed with a chronic allergic inflammatory disease of the esophagus (eosinophilic esophagitis).
The patient has a history of herpes zoster.,"The patient has had a viral infection causing a painful rash, also known as shingles (herpes zoster)."
The patient was treated for brucellosis.,The patient was treated for an infection transmitted from animals to humans (brucellosis).
The patient was diagnosed with primary biliary cholangitis.,The patient was diagnosed with a chronic disease that slowly destroys the bile ducts in the liver (primary biliary cholangitis).
The patient has a history of malignant melanoma.,The patient has had a type of skin cancer that can spread to other parts of the body (malignant melanoma).
The patient underwent a thymectomy.,The patient had surgery to remove the thymus gland (thymectomy).
The patient was diagnosed with ankylosing spondylitis.,The patient was diagnosed with a type of arthritis that affects the spine (ankylosing spondylitis).
The patient has a history of chronic venous insufficiency.,The patient has had a condition where the veins have trouble sending blood from the legs back to the heart (chronic venous insufficiency).
The patient was treated for Guillain-Barré syndrome.,The patient was treated for a condition where the immune system attacks the nerves (Guillain-Barré syndrome).
The patient was diagnosed with histiocytosis.,The patient was diagnosed with a rare disorder where too many white blood cells are produced (histiocytosis).
The patient has a history of gastroparesis.,The patient has had a condition where the stomach takes too long to empty its contents (gastroparesis).
The patient was treated for myelodysplastic syndromes.,The patient was treated for a group of disorders caused by poorly formed or dysfunctional blood cells (myelodysplastic syndromes).
The patient was diagnosed with hypertrophic cardiomyopathy.,The patient was diagnosed with a condition where the heart muscle becomes abnormally thick (hypertrophic cardiomyopathy).
The patient has a history of paroxysmal nocturnal hemoglobinuria.,"The patient has had a rare, life-threatening disease of the blood (paroxysmal nocturnal hemoglobinuria)."
The patient was diagnosed with antiphospholipid syndrome.,The patient was diagnosed with an autoimmune disorder that increases the risk of blood clots (antiphospholipid syndrome).
The patient has a history of chronic inflammatory demyelinating polyneuropathy.,The patient has had a disorder where the body's immune system attacks the myelin sheath around the nerves (chronic inflammatory demyelinating polyneuropathy).
The patient was treated for granulomatosis with polyangiitis.,The patient was treated for a rare disease that causes inflammation of the blood vessels (granulomatosis with polyangiitis).
The patient has a history of primary sclerosing cholangitis.,The patient has had a disease that causes inflammation and scarring of the bile ducts (primary sclerosing cholangitis).
The patient was diagnosed with amyloidosis.,The patient was diagnosed with a condition where abnormal protein builds up in organs and tissues (amyloidosis).
The patient was treated for thrombotic thrombocytopenic purpura.,The patient was treated for a rare blood disorder that causes blood clots to form in small blood vessels (thrombotic thrombocytopenic purpura).
The patient was diagnosed with systemic juvenile idiopathic arthritis.,The patient was diagnosed with a type of arthritis that affects children and causes inflammation in one or more joints (systemic juvenile idiopathic arthritis).
The patient has a history of eosinophilic granulomatosis with polyangiitis.,The patient has had a rare disease that causes inflammation of the blood vessels (eosinophilic granulomatosis with polyangiitis).
The patient was treated for necrotizing fasciitis.,The patient was treated for a serious bacterial infection that destroys tissue under the skin (necrotizing fasciitis).
The patient was diagnosed with disseminated intravascular coagulation.,The patient was diagnosed with a condition that causes small blood clots to form throughout the bloodstream (disseminated intravascular coagulation).
The patient was treated for toxic epidermal necrolysis.,The patient was treated for a severe skin condition causing large areas of the skin to peel off (toxic epidermal necrolysis).
The patient has a history of pulmonary arterial hypertension.,The patient has had a type of high blood pressure that affects the arteries in the lungs and the right side of the heart (pulmonary arterial hypertension).
The patient was diagnosed with hereditary angioedema.,The patient was diagnosed with a genetic disorder that causes recurrent episodes of severe swelling (hereditary angioedema).
The patient has a history of congenital adrenal hyperplasia.,The patient was born with a group of genetic disorders affecting the adrenal glands (congenital adrenal hyperplasia).
The patient was treated for hypersensitivity pneumonitis.,The patient was treated for an inflammation of the lungs caused by an allergic reaction to inhaled substances (hypersensitivity pneumonitis).
The patient was diagnosed with idiopathic pulmonary fibrosis.,The patient was diagnosed with a lung disease that occurs when lung tissue becomes damaged and scarred for unknown reasons (idiopathic pulmonary fibrosis).
The patient has a history of autoimmune hepatitis.,The patient has had a liver disease where the body's immune system attacks liver cells (autoimmune hepatitis).
The patient was diagnosed with Wegener's granulomatosis.,The patient was diagnosed with a rare disease that causes inflammation of the blood vessels (Wegener's granulomatosis).
The patient was treated for eosinophilic esophagitis.,The patient was treated for a chronic allergic inflammatory disease of the esophagus (eosinophilic esophagitis).
The patient was diagnosed with complex regional pain syndrome.,The patient was diagnosed with a chronic pain condition that affects a limb after an injury (complex regional pain syndrome).
The patient presented with dyspnea and cyanosis.,The patient presented with dyspnea (difficulty breathing) and cyanosis (bluish skin color).
The MRI showed a herniated disc in the lumbar region.,The MRI showed a herniated disc (slipped disc) in the lumbar region (lower back).
He was diagnosed with hypertension and prescribed antihypertensive medication.,He was diagnosed with hypertension (high blood pressure) and prescribed antihypertensive medication (medicine to lower blood pressure).
She underwent a laparoscopic cholecystectomy.,She underwent a laparoscopic cholecystectomy (minimally invasive surgery to remove the gallbladder).
The echocardiogram revealed mitral valve prolapse.,The echocardiogram revealed mitral valve prolapse (a condition where the valve between the heart's left atrium and left ventricle doesn't close properly).
The patient suffered from chronic obstructive pulmonary disease.,"The patient suffered from chronic obstructive pulmonary disease (COPD, a long-term lung disease)."
The patient had a severe allergic reaction resulting in anaphylaxis.,The patient had a severe allergic reaction resulting in anaphylaxis (a life-threatening allergic reaction).
She was diagnosed with rheumatoid arthritis.,She was diagnosed with rheumatoid arthritis (a type of arthritis that causes pain and swelling in the joints).
He has a history of congestive heart failure.,He has a history of congestive heart failure (a condition where the heart doesn't pump blood as well as it should).
The colonoscopy showed multiple polyps.,The colonoscopy showed multiple polyps (small growths in the colon).
The CT scan revealed a subdural hematoma.,The CT scan revealed a subdural hematoma (a collection of blood between the brain and its outer covering).
She was treated for deep vein thrombosis.,She was treated for deep vein thrombosis (a blood clot in a deep vein).
He was found to have atrial fibrillation on the ECG.,He was found to have atrial fibrillation (an irregular heart rhythm) on the ECG (heart tracing).
The patient had a severe case of pneumonia.,The patient had a severe case of pneumonia (lung infection).
The MRI showed a meningioma.,The MRI showed a meningioma (a type of brain tumor).
He was treated for sepsis in the ICU.,He was treated for sepsis (a severe infection causing organ failure) in the ICU (intensive care unit).
The patient was prescribed a diuretic for his edema.,The patient was prescribed a diuretic (water pill) for his edema (swelling).
She underwent a total hip arthroplasty.,She underwent a total hip arthroplasty (hip replacement surgery).
The echocardiogram showed left ventricular hypertrophy.,The echocardiogram showed left ventricular hypertrophy (thickening of the heart's left ventricle).
He has been diagnosed with gastroesophageal reflux disease.,"He has been diagnosed with gastroesophageal reflux disease (GERD, a condition where stomach acid frequently flows back into the esophagus)."
The patient presented with jaundice and hepatomegaly.,The patient presented with jaundice (yellowing of the skin and eyes) and hepatomegaly (enlarged liver).
She was found to have a basal cell carcinoma on her nose.,She was found to have a basal cell carcinoma (a type of skin cancer) on her nose.
He was diagnosed with chronic pancreatitis.,He was diagnosed with chronic pancreatitis (long-term inflammation of the pancreas).
The patient has a history of deep vein thrombosis.,The patient has a history of deep vein thrombosis (a blood clot in a deep vein).
The patient presented with hematuria and dysuria.,The patient presented with hematuria (blood in the urine) and dysuria (painful urination).
The X-ray showed a comminuted fracture of the femur.,The X-ray showed a comminuted fracture (a break into multiple pieces) of the femur (thigh bone).
He was diagnosed with chronic obstructive pulmonary disease.,"He was diagnosed with chronic obstructive pulmonary disease (COPD, a long-term lung disease)."
The patient has a history of atrial fibrillation.,The patient has a history of atrial fibrillation (an irregular heart rhythm).
The biopsy revealed squamous cell carcinoma.,The biopsy revealed squamous cell carcinoma (a type of skin cancer).
She was treated for a urinary tract infection.,"She was treated for a urinary tract infection (UTI, an infection in the urinary system)."
The patient presented with a tension pneumothorax.,The patient presented with a tension pneumothorax (a collapsed lung with pressure on the chest organs).
The patient was diagnosed with hypothyroidism.,The patient was diagnosed with hypothyroidism (an underactive thyroid).
He underwent a coronary artery bypass graft.,He underwent a coronary artery bypass graft (heart bypass surgery).
The MRI showed a glioblastoma in the brain.,The MRI showed a glioblastoma (a type of brain tumor) in the brain.
The patient has a history of ischemic heart disease.,The patient has a history of ischemic heart disease (heart disease caused by narrowed arteries).
She was diagnosed with systemic lupus erythematosus.,She was diagnosed with systemic lupus erythematosus (a chronic autoimmune disease).
The colonoscopy showed diverticulosis.,The colonoscopy showed diverticulosis (small pouches in the colon).
The patient was treated for acute respiratory distress syndrome.,The patient was treated for acute respiratory distress syndrome (a severe lung condition).
He was diagnosed with chronic kidney disease.,He was diagnosed with chronic kidney disease (long-term kidney damage).
The patient presented with acute appendicitis.,The patient presented with acute appendicitis (inflammation of the appendix).
The X-ray revealed a pneumothorax.,The X-ray revealed a pneumothorax (collapsed lung).
She has a history of irritable bowel syndrome.,"She has a history of irritable bowel syndrome (IBS, a condition affecting the digestive system)."
He was treated for acute cholecystitis.,He was treated for acute cholecystitis (inflammation of the gallbladder).
The MRI showed a meniscus tear in the knee.,The MRI showed a meniscus tear (a tear in the knee cartilage).
The patient was treated for deep vein thrombosis.,The patient was treated for deep vein thrombosis (a blood clot in a deep vein).
The patient presented with epigastric pain and nausea.,The patient presented with epigastric pain (pain in the upper abdomen) and nausea (feeling sick).
She was diagnosed with primary biliary cirrhosis.,She was diagnosed with primary biliary cirrhosis (a liver disease).
He has a history of chronic bronchitis.,He has a history of chronic bronchitis (long-term inflammation of the airways in the lungs).
The patient was treated for congestive heart failure.,The patient was treated for congestive heart failure (a condition where the heart doesn't pump blood as well as it should).
The patient was diagnosed with acute lymphoblastic leukemia.,The patient was diagnosed with acute lymphoblastic leukemia (a type of blood cancer).
The patient presented with aortic stenosis.,The patient presented with aortic stenosis (narrowing of the heart's aortic valve).
The patient was treated for bacterial meningitis.,The patient was treated for bacterial meningitis (an infection of the membranes covering the brain and spinal cord).
She was diagnosed with polycystic ovary syndrome.,"She was diagnosed with polycystic ovary syndrome (PCOS, a condition affecting a woman's hormone levels)."
The CT scan showed a pulmonary embolism.,The CT scan showed a pulmonary embolism (a blood clot in the lung).
The patient presented with acute pancreatitis.,The patient presented with acute pancreatitis (sudden inflammation of the pancreas).
He was diagnosed with peripheral artery disease.,He was diagnosed with peripheral artery disease (narrowing of the arteries in the legs).
The patient was treated for hyperthyroidism.,The patient was treated for hyperthyroidism (an overactive thyroid).
The patient presented with a pulmonary embolism.,The patient presented with a pulmonary embolism (a blood clot in the lung).
The MRI showed a rotator cuff tear.,The MRI showed a rotator cuff tear (a tear in the shoulder tendons).
He was diagnosed with benign prostatic hyperplasia.,He was diagnosed with benign prostatic hyperplasia (an enlarged prostate).
She was diagnosed with carpal tunnel syndrome.,She was diagnosed with carpal tunnel syndrome (a condition causing numbness and tingling in the hand).
The patient presented with acute kidney injury.,The patient presented with acute kidney injury (sudden kidney failure).
He was diagnosed with obstructive sleep apnea.,He was diagnosed with obstructive sleep apnea (a condition where breathing stops and starts during sleep).
The CT scan showed a subarachnoid hemorrhage.,The CT scan showed a subarachnoid hemorrhage (bleeding in the space around the brain).
The patient was treated for acute bronchiolitis.,The patient was treated for acute bronchiolitis (inflammation of the small airways in the lungs).
The patient was diagnosed with primary hypertension.,The patient was diagnosed with primary hypertension (high blood pressure with no known cause).
The patient presented with acute coronary syndrome.,"The patient presented with acute coronary syndrome (a range of conditions associated with sudden, reduced blood flow to the heart)."
He was diagnosed with type 1 diabetes mellitus.,He was diagnosed with type 1 diabetes mellitus (type 1 diabetes).
The patient was treated for acute lymphoblastic leukemia.,The patient was treated for acute lymphoblastic leukemia (a type of blood cancer).
The patient presented with chronic sinusitis.,The patient presented with chronic sinusitis (long-term inflammation of the sinuses).
She was diagnosed with endometriosis.,She was diagnosed with endometriosis (a condition where tissue similar to the lining inside the uterus grows outside of it).
The MRI showed a tear in the anterior cruciate ligament.,"The MRI showed a tear in the anterior cruciate ligament (a tear in the ACL, a major knee ligament)."
He was diagnosed with Barrett's esophagus.,He was diagnosed with Barrett's esophagus (a condition where the lining of the esophagus changes).
The patient was treated for acute pyelonephritis.,The patient was treated for acute pyelonephritis (kidney infection).
The patient presented with aortic aneurysm.,"The patient presented with aortic aneurysm (a bulge in the wall of the aorta, the largest artery in the body)."
The patient was treated for bacterial pneumonia.,The patient was treated for bacterial pneumonia (a lung infection caused by bacteria).
She was diagnosed with Graves' disease.,She was diagnosed with Graves' disease (an autoimmune disorder that causes hyperthyroidism).
The patient presented with esophageal varices.,The patient presented with esophageal varices (swollen veins in the esophagus).
The patient was diagnosed with osteoarthritis.,The patient was diagnosed with osteoarthritis (a type of arthritis that occurs when flexible tissue at the ends of bones wears down).
The patient presented with acute pericarditis.,The patient presented with acute pericarditis (inflammation of the sac surrounding the heart).
The patient was diagnosed with primary hyperparathyroidism.,The patient was diagnosed with primary hyperparathyroidism (a condition where the parathyroid glands produce too much hormone).
The patient presented with acute tonsillitis.,The patient presented with acute tonsillitis (inflammation of the tonsils).
The patient was diagnosed with multiple myeloma.,The patient was diagnosed with multiple myeloma (a type of blood cancer).
The patient presented with anaphylactic shock.,The patient presented with anaphylactic shock (a severe allergic reaction).
The patient was diagnosed with amyotrophic lateral sclerosis.,"The patient was diagnosed with amyotrophic lateral sclerosis (ALS, a progressive nervous system disease)."
The MRI showed a spinal cord compression.,The MRI showed a spinal cord compression (pressure on the spinal cord).
The patient was diagnosed with chronic hepatitis B.,The patient was diagnosed with chronic hepatitis B (a long-term infection of the liver caused by the hepatitis B virus).
The patient presented with acute lymphocytic leukemia.,The patient presented with acute lymphocytic leukemia (a type of blood cancer).
The patient was diagnosed with Crohn's disease.,The patient was diagnosed with Crohn's disease (a type of inflammatory bowel disease).
The patient presented with aortic dissection.,The patient presented with aortic dissection (a tear in the inner layer of the aorta).
The patient was diagnosed with hypercholesterolemia.,The patient was diagnosed with hypercholesterolemia (high cholesterol).
The patient presented with chronic gastritis.,The patient presented with chronic gastritis (long-term inflammation of the stomach lining).
The patient was diagnosed with systemic sclerosis.,The patient was diagnosed with systemic sclerosis (a connective tissue disease causing skin and organ hardening).
The patient presented with acute nephritis.,The patient presented with acute nephritis (sudden inflammation of the kidneys).
The patient was diagnosed with ankylosing spondylitis.,The patient was diagnosed with ankylosing spondylitis (a type of arthritis affecting the spine).
The patient presented with acute sinusitis.,The patient presented with acute sinusitis (sudden inflammation of the sinuses).
The patient was diagnosed with acute glomerulonephritis.,The patient was diagnosed with acute glomerulonephritis (sudden inflammation of the kidney's filtering units).
The patient presented with acute urethritis.,The patient presented with acute urethritis (inflammation of the urethra).
The patient was diagnosed with fibromyalgia.,The patient was diagnosed with fibromyalgia (a condition causing widespread pain and fatigue).
The patient presented with acute laryngitis.,The patient presented with acute laryngitis (sudden inflammation of the voice box).
The patient was diagnosed with acute encephalitis.,The patient was diagnosed with acute encephalitis (sudden inflammation of the brain).
The patient presented with acute hepatitis A.,The patient presented with acute hepatitis A (a liver infection caused by the hepatitis A virus).
The patient was diagnosed with acute pyelonephritis.,The patient was diagnosed with acute pyelonephritis (sudden kidney infection).
The patient presented with acute epididymitis.,The patient presented with acute epididymitis (inflammation of the tube at the back of the testicle).
The patient was diagnosed with acute mastitis.,The patient was diagnosed with acute mastitis (sudden breast inflammation).
The patient presented with acute cholecystitis.,The patient presented with acute cholecystitis (sudden inflammation of the gallbladder).
The patient was diagnosed with acute cystitis.,The patient was diagnosed with acute cystitis (sudden bladder infection).
The patient presented with acute conjunctivitis.,The patient presented with acute conjunctivitis (sudden inflammation of the eye).
The patient was diagnosed with acute bronchitis.,The patient was diagnosed with acute bronchitis (sudden inflammation of the airways in the lungs).
The patient presented with acute gastroenteritis.,The patient presented with acute gastroenteritis (sudden inflammation of the stomach and intestines).
The patient was diagnosed with acute otitis media.,The patient was diagnosed with acute otitis media (sudden middle ear infection).
The patient presented with acute phlebitis.,The patient presented with acute phlebitis (sudden inflammation of a vein).
The patient was diagnosed with acute pleuritis.,The patient was diagnosed with acute pleuritis (sudden inflammation of the lung lining).
The patient presented with acute prostatitis.,The patient presented with acute prostatitis (sudden inflammation of the prostate).
The patient was diagnosed with acute rhinitis.,The patient was diagnosed with acute rhinitis (sudden inflammation of the nasal passages).
The patient presented with acute sinusitis.,The patient presented with acute sinusitis (sudden inflammation of the sinuses).
The patient was diagnosed with acute tonsillitis.,The patient was diagnosed with acute tonsillitis (sudden inflammation of the tonsils).
The patient presented with acute tracheitis.,The patient presented with acute tracheitis (sudden inflammation of the windpipe).
The patient was diagnosed with acute urethritis.,The patient was diagnosed with acute urethritis (sudden inflammation of the urethra).
The patient presented with acute vaginitis.,The patient presented with acute vaginitis (sudden inflammation of the vagina).
The patient was diagnosed with acute vulvitis.,The patient was diagnosed with acute vulvitis (sudden inflammation of the external female genitalia).
The patient presented with acute laryngitis.,The patient presented with acute laryngitis (sudden inflammation of the voice box).
The patient was diagnosed with acute pancreatitis.,The patient was diagnosed with acute pancreatitis (sudden inflammation of the pancreas).
The patient presented with acute peritonitis.,The patient presented with acute peritonitis (sudden inflammation of the abdominal lining).
The patient was diagnosed with acute nephritis.,The patient was diagnosed with acute nephritis (sudden inflammation of the kidneys).
The patient presented with acute myelitis.,The patient presented with acute myelitis (sudden inflammation of the spinal cord).
The patient was diagnosed with acute myocarditis.,The patient was diagnosed with acute myocarditis (sudden inflammation of the heart muscle).
The patient presented with acute nephritis.,The patient presented with acute nephritis (sudden inflammation of the kidneys).
The patient was diagnosed with acute orchitis.,The patient was diagnosed with acute orchitis (sudden inflammation of the testicles).
The patient presented with acute pancreatitis.,The patient presented with acute pancreatitis (sudden inflammation of the pancreas).
The patient was diagnosed with acute parotitis.,The patient was diagnosed with acute parotitis (sudden inflammation of the parotid glands).
The patient presented with acute pericarditis.,The patient presented with acute pericarditis (sudden inflammation of the heart's outer lining).
The patient was diagnosed with acute pleuritis.,The patient was diagnosed with acute pleuritis (sudden inflammation of the lung lining).
The patient presented with acute poliomyelitis.,The patient presented with acute poliomyelitis (sudden inflammation of the spinal cord).
The patient was diagnosed with acute prostatitis.,The patient was diagnosed with acute prostatitis (sudden inflammation of the prostate).
The patient presented with acute pyelonephritis.,The patient presented with acute pyelonephritis (sudden kidney infection).
The patient was diagnosed with acute rhinitis.,The patient was diagnosed with acute rhinitis (sudden inflammation of the nasal passages).
The patient presented with acute sinusitis.,The patient presented with acute sinusitis (sudden inflammation of the sinuses).
The patient was diagnosed with acute tonsillitis.,The patient was diagnosed with acute tonsillitis (sudden inflammation of the tonsils).
The patient presented with acute tracheitis.,The patient presented with acute tracheitis (sudden inflammation of the windpipe).
The patient was diagnosed with acute urethritis.,The patient was diagnosed with acute urethritis (sudden inflammation of the urethra).
The patient presented with acute vaginitis.,The patient presented with acute vaginitis (sudden inflammation of the vagina).
The patient was diagnosed with acute vulvitis.,The patient was diagnosed with acute vulvitis (sudden inflammation of the external female genitalia).
The patient presented with acute laryngitis.,The patient presented with acute laryngitis (sudden inflammation of the voice box).
The patient was diagnosed with acute pancreatitis.,The patient was diagnosed with acute pancreatitis (sudden inflammation of the pancreas).
The patient presented with acute peritonitis.,The patient presented with acute peritonitis (sudden inflammation of the abdominal lining).
The patient was diagnosed with acute nephritis.,The patient was diagnosed with acute nephritis (sudden inflammation of the kidneys).
The patient presented with acute myelitis.,The patient presented with acute myelitis (sudden inflammation of the spinal cord).
The patient was diagnosed with acute myocarditis.,The patient was diagnosed with acute myocarditis (sudden inflammation of the heart muscle).
The patient presented with acute nephritis.,The patient presented with acute nephritis (sudden inflammation of the kidneys).
The patient was diagnosed with acute orchitis.,The patient was diagnosed with acute orchitis (sudden inflammation of the testicles).
The patient presented with acute pancreatitis.,The patient presented with acute pancreatitis (sudden inflammation of the pancreas).
The patient was diagnosed with acute parotitis.,The patient was diagnosed with acute parotitis (sudden inflammation of the parotid glands).
The patient presented with acute pericarditis.,The patient presented with acute pericarditis (sudden inflammation of the heart's outer lining).
The patient was diagnosed with acute pleuritis.,The patient was diagnosed with acute pleuritis (sudden inflammation of the lung lining).
The patient presented with acute poliomyelitis.,The patient presented with acute poliomyelitis (sudden inflammation of the spinal cord).
The patient was diagnosed with acute prostatitis.,The patient was diagnosed with acute prostatitis (sudden inflammation of the prostate).
The patient presented with acute pyelonephritis.,The patient presented with acute pyelonephritis (sudden kidney infection).
The patient was diagnosed with acute rhinitis.,The patient was diagnosed with acute rhinitis (sudden inflammation of the nasal passages).
The patient presented with acute sinusitis.,The patient presented with acute sinusitis (sudden inflammation of the sinuses).
The patient was diagnosed with acute tonsillitis.,The patient was diagnosed with acute tonsillitis (sudden inflammation of the tonsils).
The patient presented with acute tracheitis.,The patient presented with acute tracheitis (sudden inflammation of the windpipe).
The patient was diagnosed with acute urethritis.,The patient was diagnosed with acute urethritis (sudden inflammation of the urethra).
The patient presented with acute vaginitis.,The patient presented with acute vaginitis (sudden inflammation of the vagina).
The patient was diagnosed with acute vulvitis.,The patient was diagnosed with acute vulvitis (sudden inflammation of the external female genitalia).
The patient presented with acute laryngitis.,The patient presented with acute laryngitis (sudden inflammation of the voice box).
The patient was diagnosed with acute pancreatitis.,The patient was diagnosed with acute pancreatitis (sudden inflammation of the pancreas).
The patient presented with acute peritonitis.,The patient presented with acute peritonitis (sudden inflammation of the abdominal lining).
The patient was diagnosed with acute nephritis.,The patient was diagnosed with acute nephritis (sudden inflammation of the kidneys).
The patient presented with acute myelitis.,The patient presented with acute myelitis (sudden inflammation of the spinal cord).
The patient was diagnosed with acute myocarditis.,The patient was diagnosed with acute myocarditis (sudden inflammation of the heart muscle).
The patient presented with acute nephritis.,The patient presented with acute nephritis (sudden inflammation of the kidneys).
The patient was diagnosed with acute orchitis.,The patient was diagnosed with acute orchitis (sudden inflammation of the testicles).
The patient presented with acute pancreatitis.,The patient presented with acute pancreatitis (sudden inflammation of the pancreas).
The patient was diagnosed with acute parotitis.,The patient was diagnosed with acute parotitis (sudden inflammation of the parotid glands).
The patient presented with acute pericarditis.,The patient presented with acute pericarditis (sudden inflammation of the heart's outer lining).
The patient was diagnosed with acute pleuritis.,The patient was diagnosed with acute pleuritis (sudden inflammation of the lung lining).
The patient presented with acute poliomyelitis.,The patient presented with acute poliomyelitis (sudden inflammation of the spinal cord).
The patient was diagnosed with acute prostatitis.,The patient was diagnosed with acute prostatitis (sudden inflammation of the prostate).
The patient presented with acute pyelonephritis.,The patient presented with acute pyelonephritis (sudden kidney infection).
The patient was diagnosed with acute rhinitis.,The patient was diagnosed with acute rhinitis (sudden inflammation of the nasal passages).
The patient presented with acute sinusitis.,The patient presented with acute sinusitis (sudden inflammation of the sinuses).
The patient was diagnosed with acute tonsillitis.,The patient was diagnosed with acute tonsillitis (sudden inflammation of the tonsils).
The patient presented with acute tracheitis.,The patient presented with acute tracheitis (sudden inflammation of the windpipe).
The patient was diagnosed with acute urethritis.,The patient was diagnosed with acute urethritis (sudden inflammation of the urethra).
The patient presented with acute vaginitis.,The patient presented with acute vaginitis (sudden inflammation of the vagina).
The patient was diagnosed with acute vulvitis.,The patient was diagnosed with acute vulvitis (sudden inflammation of the external female genitalia).
The patient presented with acute laryngitis.,The patient presented with acute laryngitis (sudden inflammation of the voice box).
The patient was diagnosed with acute pancreatitis.,The patient was diagnosed with acute pancreatitis (sudden inflammation of the pancreas).
The patient presented with acute peritonitis.,The patient presented with acute peritonitis (sudden inflammation of the abdominal lining).
The patient was diagnosed with acute nephritis.,The patient was diagnosed with acute nephritis (sudden inflammation of the kidneys).
The patient presented with acute myelitis.,The patient presented with acute myelitis (sudden inflammation of the spinal cord).
The patient was diagnosed with acute myocarditis.,The patient was diagnosed with acute myocarditis (sudden inflammation of the heart muscle).
The patient presented with acute nephritis.,The patient presented with acute nephritis (sudden inflammation of the kidneys).
The patient was diagnosed with acute orchitis.,The patient was diagnosed with acute orchitis (sudden inflammation of the testicles).
The patient presented with acute pancreatitis.,The patient presented with acute pancreatitis (sudden inflammation of the pancreas).
The patient was diagnosed with acute parotitis.,The patient was diagnosed with acute parotitis (sudden inflammation of the parotid glands).
The patient presented with acute pericarditis.,The patient presented with acute pericarditis (sudden inflammation of the heart's outer lining).
The patient was diagnosed with acute pleuritis.,The patient was diagnosed with acute pleuritis (sudden inflammation of the lung lining).
The patient presented with acute poliomyelitis.,The patient presented with acute poliomyelitis (sudden inflammation of the spinal cord).
The patient was diagnosed with acute prostatitis.,The patient was diagnosed with acute prostatitis (sudden inflammation of the prostate).
The patient presented with acute pyelonephritis.,The patient presented with acute pyelonephritis (sudden kidney infection).
The patient was diagnosed with acute rhinitis.,The patient was diagnosed with acute rhinitis (sudden inflammation of the nasal passages).
The patient presented with acute sinusitis.,The patient presented with acute sinusitis (sudden inflammation of the sinuses).
The patient was diagnosed with acute tonsillitis.,The patient was diagnosed with acute tonsillitis (sudden inflammation of the tonsils).
The patient presented with acute tracheitis.,The patient presented with acute tracheitis (sudden inflammation of the windpipe).
The patient was diagnosed with acute urethritis.,The patient was diagnosed with acute urethritis (sudden inflammation of the urethra).
The patient presented with acute vaginitis.,The patient presented with acute vaginitis (sudden inflammation of the vagina).
The patient was diagnosed with acute vulvitis.,The patient was diagnosed with acute vulvitis (sudden inflammation of the external female genitalia).
The patient underwent a laparoscopic cholecystectomy.,The patient had a laparoscopic cholecystectomy (gallbladder removal surgery using small incisions).
He has a history of myocardial infarction.,He has a history of myocardial infarction (heart attack).
The MRI revealed a cerebral infarct.,The MRI showed a cerebral infarct (stroke).
The patient was diagnosed with hypertension.,The patient was diagnosed with hypertension (high blood pressure).
She has a prescription for antihypertensive medication.,She has a prescription for antihypertensive medication (medicine to lower blood pressure).
He is experiencing dyspnea.,He is experiencing dyspnea (difficulty breathing).
The patient presents with acute pancreatitis.,The patient has acute pancreatitis (sudden inflammation of the pancreas).
The physician noted hepatomegaly.,The doctor noticed hepatomegaly (enlarged liver).
She was treated for deep vein thrombosis.,She was treated for deep vein thrombosis (a blood clot in a deep vein).
The biopsy confirmed adenocarcinoma.,The biopsy confirmed adenocarcinoma (a type of cancer).
He is scheduled for a coronary artery bypass graft.,He is scheduled for a coronary artery bypass graft (heart bypass surgery).
The patient has chronic obstructive pulmonary disease.,The patient has chronic obstructive pulmonary disease (a lung disease that makes it hard to breathe).
She has been experiencing nocturia.,She has been experiencing nocturia (frequent urination at night).
The patient was admitted with a diagnosis of pyelonephritis.,The patient was admitted with pyelonephritis (kidney infection).
She was found to have a hemothorax.,She was found to have a hemothorax (blood in the chest cavity).
The patient is suffering from congestive heart failure.,The patient has congestive heart failure (a condition where the heart doesn't pump blood well).
He is on a diuretic medication.,He is on a diuretic medication (water pill).
The imaging showed a subdural hematoma.,The imaging showed a subdural hematoma (a blood clot on the brain's surface).
She has been diagnosed with rheumatoid arthritis.,She has been diagnosed with rheumatoid arthritis (a disease causing joint inflammation).
He is experiencing dysphagia.,He is experiencing dysphagia (difficulty swallowing).
The patient was found to have an aortic aneurysm.,The patient was found to have an aortic aneurysm (a bulge in the main artery).
She underwent a total hip arthroplasty.,She had a total hip arthroplasty (hip replacement surgery).
He is suffering from chronic renal failure.,He is suffering from chronic renal failure (long-term kidney failure).
The CT scan showed a pulmonary embolism.,The CT scan showed a pulmonary embolism (a blood clot in the lung).
She was diagnosed with hyperthyroidism.,She was diagnosed with hyperthyroidism (overactive thyroid).
He has been diagnosed with atrial fibrillation.,He has been diagnosed with atrial fibrillation (irregular heartbeat).
The patient was found to have a peptic ulcer.,The patient was found to have a peptic ulcer (a sore in the stomach lining).
She was treated for bacterial endocarditis.,She was treated for bacterial endocarditis (heart infection).
The patient has chronic bronchitis.,The patient has chronic bronchitis (long-term inflammation of the airways).
He underwent an esophagogastroduodenoscopy.,"He had an esophagogastroduodenoscopy (a scope to examine the esophagus, stomach, and small intestine)."
The patient has been diagnosed with macular degeneration.,The patient has been diagnosed with macular degeneration (a condition that affects vision).
She has a history of venous insufficiency.,She has a history of venous insufficiency (poor blood flow in the veins).
The patient was treated for osteomyelitis.,The patient was treated for osteomyelitis (bone infection).
He is experiencing polyuria.,He is experiencing polyuria (frequent urination).
The patient underwent a carotid endarterectomy.,The patient had a carotid endarterectomy (surgery to remove plaque from the neck artery).
She has been diagnosed with hypothyroidism.,She has been diagnosed with hypothyroidism (underactive thyroid).
The patient is suffering from cirrhosis.,The patient has cirrhosis (liver damage).
He has a prescription for bronchodilators.,He has a prescription for bronchodilators (medication to open the airways).
The patient was admitted with acute appendicitis.,The patient was admitted with acute appendicitis (sudden inflammation of the appendix).
She has been diagnosed with endometriosis.,She has been diagnosed with endometriosis (a condition where tissue similar to the lining of the uterus grows outside it).
The patient is experiencing tinnitus.,The patient is experiencing tinnitus (ringing in the ears).
He has a prescription for an antiemetic.,He has a prescription for an antiemetic (medicine to prevent vomiting).
The patient was treated for cellulitis.,The patient was treated for cellulitis (a skin infection).
She is experiencing menorrhagia.,She is experiencing menorrhagia (heavy menstrual bleeding).
The patient has a diagnosis of glaucoma.,The patient has glaucoma (a condition that damages the optic nerve).
He is suffering from diabetic neuropathy.,He is suffering from diabetic neuropathy (nerve damage caused by diabetes).
The patient underwent a percutaneous coronary intervention.,The patient had a percutaneous coronary intervention (a procedure to open blocked heart arteries).
She has been diagnosed with ulcerative colitis.,She has been diagnosed with ulcerative colitis (a condition causing inflammation of the colon).
The patient is experiencing hematemesis.,The patient is experiencing hematemesis (vomiting blood).
He has a history of benign prostatic hyperplasia.,He has a history of benign prostatic hyperplasia (enlarged prostate).
The patient was admitted with a diagnosis of septicemia.,The patient was admitted with septicemia (blood infection).
She underwent a mastectomy.,She had a mastectomy (breast removal surgery).
The patient was diagnosed with celiac disease.,The patient was diagnosed with celiac disease (a condition where eating gluten damages the small intestine).
He is experiencing orthopnea.,He is experiencing orthopnea (difficulty breathing when lying down).
The patient has been prescribed a proton pump inhibitor.,The patient has been prescribed a proton pump inhibitor (medicine to reduce stomach acid).
She has a history of epilepsy.,She has a history of epilepsy (a condition that causes seizures).
The patient underwent a cystoscopy.,The patient had a cystoscopy (a procedure to look inside the bladder).
He is suffering from gout.,He is suffering from gout (a type of arthritis causing severe pain).
The patient was diagnosed with diverticulitis.,The patient was diagnosed with diverticulitis (inflammation of pouches in the colon).
The patient has a history of tuberculosis.,The patient has a history of tuberculosis (a bacterial infection that affects the lungs).
He is experiencing dyspepsia.,He is experiencing dyspepsia (indigestion).
The patient underwent an angioplasty.,The patient had an angioplasty (a procedure to open narrowed or blocked blood vessels).
She has been diagnosed with fibromyalgia.,She has been diagnosed with fibromyalgia (a condition causing widespread pain).
The patient is experiencing hematuria.,The patient is experiencing hematuria (blood in the urine).
He has a prescription for a statin medication.,He has a prescription for a statin medication (medicine to lower cholesterol).
The patient was treated for otitis media.,The patient was treated for otitis media (middle ear infection).
She is experiencing paresthesia.,She is experiencing paresthesia (tingling or numbness).
The patient has a diagnosis of chronic sinusitis.,The patient has chronic sinusitis (long-term sinus infection).
He has been diagnosed with sleep apnea.,He has been diagnosed with sleep apnea (a condition where breathing stops during sleep).
The patient underwent a lithotripsy.,The patient had a lithotripsy (a procedure to break up kidney stones).
She is suffering from psoriasis.,"She is suffering from psoriasis (a skin condition causing red, itchy patches)."
The patient was diagnosed with deep vein thrombophlebitis.,The patient was diagnosed with deep vein thrombophlebitis (a blood clot in a deep vein with inflammation).
He is experiencing sialorrhea.,He is experiencing sialorrhea (excessive saliva production).
The patient has a history of nephrolithiasis.,The patient has a history of nephrolithiasis (kidney stones).
She has been diagnosed with systemic lupus erythematosus.,She has been diagnosed with systemic lupus erythematosus (an autoimmune disease).
The patient underwent a tonsillectomy.,The patient had a tonsillectomy (tonsil removal surgery).
The patient has a prescription for a beta blocker.,The patient has a prescription for a beta blocker (medicine to manage heart conditions).
She is experiencing hirsutism.,She is experiencing hirsutism (excessive hair growth).
The patient has a history of thrombocytopenia.,The patient has a history of thrombocytopenia (low platelet count).
He is suffering from hyperlipidemia.,He is suffering from hyperlipidemia (high cholesterol).
The patient underwent a spinal fusion.,The patient had a spinal fusion (surgery to join two or more vertebrae).
She has been diagnosed with polymyalgia rheumatica.,She has been diagnosed with polymyalgia rheumatica (a condition causing muscle pain and stiffness).
The patient is experiencing diplopia.,The patient is experiencing diplopia (double vision).
He has a prescription for an anticonvulsant.,He has a prescription for an anticonvulsant (medicine to prevent seizures).
She is experiencing amenorrhea.,She is experiencing amenorrhea (absence of menstrual periods).
The patient has a diagnosis of osteoarthritis.,The patient has osteoarthritis (a type of arthritis causing joint pain).
He is suffering from peripheral neuropathy.,He is suffering from peripheral neuropathy (nerve damage in the limbs).
The patient underwent a hysterectomy.,The patient had a hysterectomy (uterus removal surgery).
She has been diagnosed with hyperparathyroidism.,She has been diagnosed with hyperparathyroidism (overactive parathyroid glands).
The patient is experiencing vertigo.,The patient is experiencing vertigo (a spinning sensation).
He has a history of Barrett's esophagus.,He has a history of Barrett's esophagus (a condition where the esophagus lining changes).
The patient was diagnosed with systemic sclerosis.,The patient was diagnosed with systemic sclerosis (a condition causing hardening of the skin and organs).
She has been diagnosed with hyperemesis gravidarum.,She has been diagnosed with hyperemesis gravidarum (severe morning sickness).
The patient underwent an open reduction and internal fixation.,The patient had an open reduction and internal fixation (surgery to fix a broken bone).
He is experiencing dysmenorrhea.,He is experiencing dysmenorrhea (painful menstrual cramps).
The patient has a diagnosis of hyperglycemia.,The patient has hyperglycemia (high blood sugar).
She is suffering from coxalgia.,She is suffering from coxalgia (hip pain).
The patient was treated for aortic dissection.,The patient was treated for aortic dissection (a tear in the main artery's wall).
He has a history of nephrotic syndrome.,He has a history of nephrotic syndrome (a kidney disorder causing protein loss in urine).
The patient underwent a percutaneous nephrolithotomy.,The patient had a percutaneous nephrolithotomy (a procedure to remove kidney stones).
She has been diagnosed with Ménière's disease.,She has been diagnosed with Ménière's disease (a condition affecting the inner ear and causing vertigo).
The patient is experiencing hyperhidrosis.,The patient is experiencing hyperhidrosis (excessive sweating).
He has a prescription for an antipyretic.,He has a prescription for an antipyretic (medicine to reduce fever).
The patient was diagnosed with mitral valve prolapse.,The patient was diagnosed with mitral valve prolapse (a condition where the heart valve doesn't close properly).
She underwent a bilateral salpingo-oophorectomy.,She had a bilateral salpingo-oophorectomy (removal of both ovaries and fallopian tubes).
The patient has a history of thrombophlebitis.,The patient has a history of thrombophlebitis (inflammation of a vein with a blood clot).
He is suffering from peptic ulcer disease.,He is suffering from peptic ulcer disease (sores in the stomach lining).
The patient was treated for acute otitis externa.,The patient was treated for acute otitis externa (outer ear infection).
She has been diagnosed with erythema multiforme.,She has been diagnosed with erythema multiforme (a skin reaction causing red patches).
The patient is experiencing aphasia.,The patient is experiencing aphasia (difficulty speaking or understanding language).
He has a prescription for an antipsychotic medication.,He has a prescription for an antipsychotic medication (medicine to treat mental disorders).
The patient underwent a total knee arthroplasty.,The patient had a total knee arthroplasty (knee replacement surgery).
She has been diagnosed with temporal arteritis.,She has been diagnosed with temporal arteritis (inflammation of blood vessels in the temples).
The patient is suffering from hyperkalemia.,The patient has hyperkalemia (high potassium levels in the blood).
He is experiencing diplopia.,He is experiencing diplopia (double vision).
The patient has been diagnosed with Guillain-Barré syndrome.,The patient has been diagnosed with Guillain-Barré syndrome (a condition where the immune system attacks the nerves).
She underwent a laparoscopic appendectomy.,She had a laparoscopic appendectomy (appendix removal surgery using small incisions).
The patient has a history of Graves' disease.,The patient has a history of Graves' disease (an autoimmune disorder causing overactive thyroid).
He is suffering from hypernatremia.,He is suffering from hypernatremia (high sodium levels in the blood).
The patient was diagnosed with pericarditis.,The patient was diagnosed with pericarditis (inflammation of the lining around the heart).
She has been diagnosed with Addison's disease.,She has been diagnosed with Addison's disease (a disorder where the adrenal glands don't produce enough hormones).
He has a prescription for an anti-inflammatory medication.,He has a prescription for an anti-inflammatory medication (medicine to reduce inflammation).
The patient was treated for hypertensive crisis.,The patient was treated for hypertensive crisis (severely high blood pressure).
She is suffering from polymyositis.,She is suffering from polymyositis (a condition causing muscle inflammation).
The patient was diagnosed with bronchiectasis.,The patient was diagnosed with bronchiectasis (a condition causing damage to the airways).
He has a prescription for a corticosteroid.,He has a prescription for a corticosteroid (medicine to reduce inflammation).
The patient is experiencing hemoptysis.,The patient is experiencing hemoptysis (coughing up blood).
She has a history of chronic pancreatitis.,She has a history of chronic pancreatitis (long-term inflammation of the pancreas).
The patient underwent a thoracotomy.,The patient had a thoracotomy (surgery to open the chest).
He is suffering from ankylosing spondylitis.,He is suffering from ankylosing spondylitis (a type of arthritis affecting the spine).
The patient has been diagnosed with Wilson's disease.,The patient has been diagnosed with Wilson's disease (a genetic disorder causing excess copper in the body).
She underwent a nephrectomy.,She had a nephrectomy (kidney removal surgery).
The patient has a history of hemochromatosis.,The patient has a history of hemochromatosis (a condition causing excess iron in the body).
He is experiencing epistaxis.,He is experiencing epistaxis (nosebleed).
The patient was diagnosed with toxic epidermal necrolysis.,The patient was diagnosed with toxic epidermal necrolysis (a severe skin reaction).
She has been diagnosed with acromegaly.,She has been diagnosed with acromegaly (a condition where the body produces too much growth hormone).
The patient is experiencing diplopia.,The patient is experiencing diplopia (double vision).
He has a prescription for an anxiolytic medication.,He has a prescription for an anxiolytic medication (medicine to reduce anxiety).
The patient was treated for idiopathic thrombocytopenic purpura.,The patient was treated for idiopathic thrombocytopenic purpura (a condition causing low platelet count).
She is experiencing dysuria.,She is experiencing dysuria (painful urination).
The patient has a diagnosis of myasthenia gravis.,The patient has myasthenia gravis (a condition causing muscle weakness).
He is suffering from hypocalcemia.,He is suffering from hypocalcemia (low calcium levels in the blood).
The patient underwent a tracheostomy.,The patient had a tracheostomy (a procedure to create an opening in the neck to help with breathing).
She has been diagnosed with Sjögren's syndrome.,She has been diagnosed with Sjögren's syndrome (a condition causing dry eyes and mouth).
The patient is experiencing melena.,"The patient is experiencing melena (black, tarry stools)."
He has a prescription for an antidepressant.,He has a prescription for an antidepressant (medicine to treat depression).
The patient was diagnosed with ankylosing spondylitis.,The patient was diagnosed with ankylosing spondylitis (a type of arthritis affecting the spine).
She is experiencing paresthesia.,She is experiencing paresthesia (tingling or numbness).
The patient has a history of cardiomyopathy.,The patient has a history of cardiomyopathy (a disease of the heart muscle).
He is suffering from hypothyroidism.,He is suffering from hypothyroidism (underactive thyroid).
The patient underwent a laparoscopic hysterectomy.,The patient had a laparoscopic hysterectomy (uterus removal surgery using small incisions).
She has been diagnosed with Turner syndrome.,She has been diagnosed with Turner syndrome (a genetic disorder affecting females).
The patient is experiencing hemoptysis.,The patient is experiencing hemoptysis (coughing up blood).
He has a prescription for an antihistamine.,He has a prescription for an antihistamine (medicine to reduce allergy symptoms).
She is experiencing dysphagia.,She is experiencing dysphagia (difficulty swallowing).
The patient has a diagnosis of multiple sclerosis.,The patient has multiple sclerosis (a condition affecting the nerves).
He is suffering from hyperglycemia.,He is suffering from hyperglycemia (high blood sugar).
The patient underwent a laparoscopic cholecystectomy.,The patient had a laparoscopic cholecystectomy (gallbladder removal surgery using small incisions).
The MRI revealed a cerebral infarct.,The MRI showed a cerebral infarct (stroke).
The patient was diagnosed with hypertension.,The patient was diagnosed with hypertension (high blood pressure).
She has a prescription for antihypertensive medication.,She has a prescription for antihypertensive medication (medicine to lower blood pressure).
He is experiencing dyspnea.,He is experiencing dyspnea (difficulty breathing).
The patient presents with acute pancreatitis.,The patient has acute pancreatitis (sudden inflammation of the pancreas).
The physician noted hepatomegaly.,The doctor noticed hepatomegaly (enlarged liver).
She was treated for deep vein thrombosis.,She was treated for deep vein thrombosis (a blood clot in a deep vein).
The biopsy confirmed adenocarcinoma.,The biopsy confirmed adenocarcinoma (a type of cancer).
He is scheduled for a coronary artery bypass graft.,He is scheduled for a coronary artery bypass graft (heart bypass surgery).
The patient has chronic obstructive pulmonary disease.,The patient has chronic obstructive pulmonary disease (a lung disease that makes it hard to breathe).
She has been experiencing nocturia.,She has been experiencing nocturia (frequent urination at night).
The patient was admitted with a diagnosis of pyelonephritis.,The patient was admitted with pyelonephritis (kidney infection).
She was found to have a hemothorax.,She was found to have a hemothorax (blood in the chest cavity).
The patient is suffering from congestive heart failure.,The patient has congestive heart failure (a condition where the heart doesn't pump blood well).
He is on a diuretic medication.,He is on a diuretic medication (water pill).
The imaging showed a subdural hematoma.,The imaging showed a subdural hematoma (a blood clot on the brain's surface).
She has been diagnosed with rheumatoid arthritis.,She has been diagnosed with rheumatoid arthritis (a disease causing joint inflammation).
He is experiencing dysphagia.,He is experiencing dysphagia (difficulty swallowing).
The patient was found to have an aortic aneurysm.,The patient was found to have an aortic aneurysm (a bulge in the main artery).
She underwent a total hip arthroplasty.,She had a total hip arthroplasty (hip replacement surgery).
He is suffering from chronic renal failure.,He is suffering from chronic renal failure (long-term kidney failure).
The CT scan showed a pulmonary embolism.,The CT scan showed a pulmonary embolism (a blood clot in the lung).
She was diagnosed with hyperthyroidism.,She was diagnosed with hyperthyroidism (overactive thyroid).
He has been diagnosed with atrial fibrillation.,He has been diagnosed with atrial fibrillation (irregular heartbeat).
The patient was found to have a peptic ulcer.,The patient was found to have a peptic ulcer (a sore in the stomach lining).
She was treated for bacterial endocarditis.,She was treated for bacterial endocarditis (heart infection).
The patient has chronic bronchitis.,The patient has chronic bronchitis (long-term inflammation of the airways).
He underwent an esophagogastroduodenoscopy.,"He had an esophagogastroduodenoscopy (a scope to examine the esophagus, stomach, and small intestine)."
The patient has been diagnosed with macular degeneration.,The patient has been diagnosed with macular degeneration (a condition that affects vision).
She has a history of venous insufficiency.,She has a history of venous insufficiency (poor blood flow in the veins).
The patient was treated for osteomyelitis.,The patient was treated for osteomyelitis (bone infection).
He is experiencing polyuria.,He is experiencing polyuria (frequent urination).
The patient underwent a carotid endarterectomy.,The patient had a carotid endarterectomy (surgery to remove plaque from the neck artery).
She has been diagnosed with hypothyroidism.,She has been diagnosed with hypothyroidism (underactive thyroid).
The patient is suffering from cirrhosis.,The patient has cirrhosis (liver damage).
He has a prescription for bronchodilators.,He has a prescription for bronchodilators (medication to open the airways).
The patient was admitted with acute appendicitis.,The patient was admitted with acute appendicitis (sudden inflammation of the appendix).
She has been diagnosed with endometriosis.,She has been diagnosed with endometriosis (a condition where tissue similar to the lining of the uterus grows outside it).
The patient is experiencing tinnitus.,The patient is experiencing tinnitus (ringing in the ears).
He has a prescription for an antiemetic.,He has a prescription for an antiemetic (medicine to prevent vomiting).
The patient was treated for cellulitis.,The patient was treated for cellulitis (a skin infection).
She is experiencing menorrhagia.,She is experiencing menorrhagia (heavy menstrual bleeding).
The patient has a diagnosis of glaucoma.,The patient has glaucoma (a condition that damages the optic nerve).
He is suffering from diabetic neuropathy.,He is suffering from diabetic neuropathy (nerve damage caused by diabetes).
The patient underwent a percutaneous coronary intervention.,The patient had a percutaneous coronary intervention (a procedure to open blocked heart arteries).
She has been diagnosed with ulcerative colitis.,She has been diagnosed with ulcerative colitis (a condition causing inflammation of the colon).
The patient is experiencing hematemesis.,The patient is experiencing hematemesis (vomiting blood).
He has a history of benign prostatic hyperplasia.,He has a history of benign prostatic hyperplasia (enlarged prostate).
The patient was admitted with a diagnosis of septicemia.,The patient was admitted with septicemia (blood infection).
She underwent a mastectomy.,She had a mastectomy (breast removal surgery).
The patient was diagnosed with celiac disease.,The patient was diagnosed with celiac disease (a condition where eating gluten damages the small intestine).
He is experiencing orthopnea.,He is experiencing orthopnea (difficulty breathing when lying down).
The patient has been prescribed a proton pump inhibitor.,The patient has been prescribed a proton pump inhibitor (medicine to reduce stomach acid).
She has a history of epilepsy.,She has a history of epilepsy (a condition that causes seizures).
The patient underwent a cystoscopy.,The patient had a cystoscopy (a procedure to look inside the bladder).
He is suffering from gout.,He is suffering from gout (a type of arthritis causing severe pain).
The patient was diagnosed with diverticulitis.,The patient was diagnosed with diverticulitis (inflammation of pouches in the colon).
The patient has a history of tuberculosis.,The patient has a history of tuberculosis (a bacterial infection that affects the lungs).
He is experiencing dyspepsia.,He is experiencing dyspepsia (indigestion).
The patient underwent an angioplasty.,The patient had an angioplasty (a procedure to open narrowed or blocked blood vessels).
She has been diagnosed with fibromyalgia.,She has been diagnosed with fibromyalgia (a condition causing widespread pain).
The patient is experiencing hematuria.,The patient is experiencing hematuria (blood in the urine).
He has a prescription for a statin medication.,He has a prescription for a statin medication (medicine to lower cholesterol).
The patient was treated for otitis media.,The patient was treated for otitis media (middle ear infection).
She is experiencing paresthesia.,She is experiencing paresthesia (tingling or numbness).
The patient has a diagnosis of chronic sinusitis.,The patient has chronic sinusitis (long-term sinus infection).
He has been diagnosed with sleep apnea.,He has been diagnosed with sleep apnea (a condition where breathing stops during sleep).
The patient underwent a lithotripsy.,The patient had a lithotripsy (a procedure to break up kidney stones).
She is suffering from psoriasis.,"She is suffering from psoriasis (a skin condition causing red, itchy patches)."
The patient was diagnosed with deep vein thrombophlebitis.,The patient was diagnosed with deep vein thrombophlebitis (a blood clot in a deep vein with inflammation).
He is experiencing sialorrhea.,He is experiencing sialorrhea (excessive saliva production).
The patient has a history of nephrolithiasis.,The patient has a history of nephrolithiasis (kidney stones).
She has been diagnosed with systemic lupus erythematosus.,She has been diagnosed with systemic lupus erythematosus (an autoimmune disease).
The patient underwent a tonsillectomy.,The patient had a tonsillectomy (tonsil removal surgery).
The patient has a prescription for a beta blocker.,The patient has a prescription for a beta blocker (medicine to manage heart conditions).
She is experiencing hirsutism.,She is experiencing hirsutism (excessive hair growth).
The patient has a history of thrombocytopenia.,The patient has a history of thrombocytopenia (low platelet count).
He is suffering from hyperlipidemia.,He is suffering from hyperlipidemia (high cholesterol).
The patient underwent a spinal fusion.,The patient had a spinal fusion (surgery to join two or more vertebrae).
She has been diagnosed with polymyalgia rheumatica.,She has been diagnosed with polymyalgia rheumatica (a condition causing muscle pain and stiffness).
The patient is experiencing diplopia.,The patient is experiencing diplopia (double vision).
He has a prescription for an anticonvulsant.,He has a prescription for an anticonvulsant (medicine to prevent seizures).
She is experiencing amenorrhea.,She is experiencing amenorrhea (absence of menstrual periods).
The patient has a diagnosis of osteoarthritis.,The patient has osteoarthritis (a type of arthritis causing joint pain).
He is suffering from peripheral neuropathy.,He is suffering from peripheral neuropathy (nerve damage in the limbs).
The patient underwent a hysterectomy.,The patient had a hysterectomy (uterus removal surgery).
She has been diagnosed with hyperparathyroidism.,She has been diagnosed with hyperparathyroidism (overactive parathyroid glands).
The patient is experiencing vertigo.,The patient is experiencing vertigo (a spinning sensation).
He has a history of Barrett's esophagus.,He has a history of Barrett's esophagus (a condition where the esophagus lining changes).
The patient was diagnosed with systemic sclerosis.,The patient was diagnosed with systemic sclerosis (a condition causing hardening of the skin and organs).
She has been diagnosed with hyperemesis gravidarum.,She has been diagnosed with hyperemesis gravidarum (severe morning sickness).
The patient underwent an open reduction and internal fixation.,The patient had an open reduction and internal fixation (surgery to fix a broken bone).
He is experiencing dysmenorrhea.,He is experiencing dysmenorrhea (painful menstrual cramps).
The patient has a diagnosis of hyperglycemia.,The patient has hyperglycemia (high blood sugar).
She is suffering from coxalgia.,She is suffering from coxalgia (hip pain).
The patient was treated for aortic dissection.,The patient was treated for aortic dissection (a tear in the main artery's wall).
He has a history of nephrotic syndrome.,He has a history of nephrotic syndrome (a kidney disorder causing protein loss in urine).
The patient underwent a percutaneous nephrolithotomy.,The patient had a percutaneous nephrolithotomy (a procedure to remove kidney stones).
She has been diagnosed with Ménière's disease.,She has been diagnosed with Ménière's disease (a condition affecting the inner ear and causing vertigo).
The patient is experiencing hyperhidrosis.,The patient is experiencing hyperhidrosis (excessive sweating).
He has a prescription for an antipyretic.,He has a prescription for an antipyretic (medicine to reduce fever).
The patient was diagnosed with mitral valve prolapse.,The patient was diagnosed with mitral valve prolapse (a condition where the heart valve doesn't close properly).
She underwent a bilateral salpingo-oophorectomy.,She had a bilateral salpingo-oophorectomy (removal of both ovaries and fallopian tubes).
The patient has a history of thrombophlebitis.,The patient has a history of thrombophlebitis (inflammation of a vein with a blood clot).
He is suffering from peptic ulcer disease.,He is suffering from peptic ulcer disease (sores in the stomach lining).
The patient was treated for acute otitis externa.,The patient was treated for acute otitis externa (outer ear infection).
She has been diagnosed with erythema multiforme.,She has been diagnosed with erythema multiforme (a skin reaction causing red patches).
The patient is experiencing aphasia.,The patient is experiencing aphasia (difficulty speaking or understanding language).
He has a prescription for an antipsychotic medication.,He has a prescription for an antipsychotic medication (medicine to treat mental disorders).
The patient underwent a total knee arthroplasty.,The patient had a total knee arthroplasty (knee replacement surgery).
She has been diagnosed with temporal arteritis.,She has been diagnosed with temporal arteritis (inflammation of blood vessels in the temples).
The patient is suffering from hyperkalemia.,The patient has hyperkalemia (high potassium levels in the blood).
He is experiencing diplopia.,He is experiencing diplopia (double vision).
The patient has been diagnosed with Guillain-Barré syndrome.,The patient has been diagnosed with Guillain-Barré syndrome (a condition where the immune system attacks the nerves).
She underwent a laparoscopic appendectomy.,She had a laparoscopic appendectomy (appendix removal surgery using small incisions).
The patient has a history of Graves' disease.,The patient has a history of Graves' disease (an autoimmune disorder causing overactive thyroid).
He is suffering from hypernatremia.,He is suffering from hypernatremia (high sodium levels in the blood).
The patient was diagnosed with pericarditis.,The patient was diagnosed with pericarditis (inflammation of the lining around the heart).
She has been diagnosed with Addison's disease.,She has been diagnosed with Addison's disease (a disorder where the adrenal glands don't produce enough hormones).
He has a prescription for an anti-inflammatory medication.,He has a prescription for an anti-inflammatory medication (medicine to reduce inflammation).
The patient was treated for hypertensive crisis.,The patient was treated for hypertensive crisis (severely high blood pressure).
She is suffering from polymyositis.,She is suffering from polymyositis (a condition causing muscle inflammation).
The patient was diagnosed with bronchiectasis.,The patient was diagnosed with bronchiectasis (a condition causing damage to the airways).
He has a prescription for a corticosteroid.,He has a prescription for a corticosteroid (medicine to reduce inflammation).
The patient is experiencing hemoptysis.,The patient is experiencing hemoptysis (coughing up blood).
She has a history of chronic pancreatitis.,She has a history of chronic pancreatitis (long-term inflammation of the pancreas).
The patient underwent a thoracotomy.,The patient had a thoracotomy (surgery to open the chest).
He is suffering from ankylosing spondylitis.,He is suffering from ankylosing spondylitis (a type of arthritis affecting the spine).
The patient has been diagnosed with Wilson's disease.,The patient has been diagnosed with Wilson's disease (a genetic disorder causing excess copper in the body).
She underwent a nephrectomy.,She had a nephrectomy (kidney removal surgery).
The patient has a history of hemochromatosis.,The patient has a history of hemochromatosis (a condition causing excess iron in the body).
He is experiencing epistaxis.,He is experiencing epistaxis (nosebleed).
The patient was diagnosed with toxic epidermal necrolysis.,The patient was diagnosed with toxic epidermal necrolysis (a severe skin reaction).
She has been diagnosed with acromegaly.,She has been diagnosed with acromegaly (a condition where the body produces too much growth hormone).
The patient is experiencing diplopia.,The patient is experiencing diplopia (double vision).
He has a prescription for an anxiolytic medication.,He has a prescription for an anxiolytic medication (medicine to reduce anxiety).
The patient was treated for idiopathic thrombocytopenic purpura.,The patient was treated for idiopathic thrombocytopenic purpura (a condition causing low platelet count).
She is experiencing dysuria.,She is experiencing dysuria (painful urination).
The patient has a diagnosis of myasthenia gravis.,The patient has myasthenia gravis (a condition causing muscle weakness).
He is suffering from hypocalcemia.,He is suffering from hypocalcemia (low calcium levels in the blood).
The patient underwent a tracheostomy.,The patient had a tracheostomy (a procedure to create an opening in the neck to help with breathing).
She has been diagnosed with Sjögren's syndrome.,She has been diagnosed with Sjögren's syndrome (a condition causing dry eyes and mouth).
The patient is experiencing melena.,"The patient is experiencing melena (black, tarry stools)."
He has a prescription for an antidepressant.,He has a prescription for an antidepressant (medicine to treat depression).
The patient was diagnosed with ankylosing spondylitis.,The patient was diagnosed with ankylosing spondylitis (a type of arthritis affecting the spine).
She is experiencing paresthesia.,She is experiencing paresthesia (tingling or numbness).
The patient has a history of cardiomyopathy.,The patient has a history of cardiomyopathy (a disease of the heart muscle).
He is suffering from hypothyroidism.,He is suffering from hypothyroidism (underactive thyroid).
The patient underwent a laparoscopic hysterectomy.,The patient had a laparoscopic hysterectomy (uterus removal surgery using small incisions).
She has been diagnosed with Turner syndrome.,She has been diagnosed with Turner syndrome (a genetic disorder affecting females).
The patient is experiencing hemoptysis.,The patient is experiencing hemoptysis (coughing up blood).
He has a prescription for an antihistamine.,He has a prescription for an antihistamine (medicine to reduce allergy symptoms).
She is experiencing dysphagia.,She is experiencing dysphagia (difficulty swallowing).
The patient has a diagnosis of multiple sclerosis.,The patient has multiple sclerosis (a condition affecting the nerves).
He is suffering from hyperglycemia.,He is suffering from hyperglycemia (high blood sugar).
He was diagnosed with atrial fibrillation.,He was diagnosed with atrial fibrillation (an irregular and often rapid heart rate).
The patient presented with severe dyspnea.,The patient presented with severe dyspnea (difficulty breathing).
She underwent a cholecystectomy.,She underwent a cholecystectomy (surgery to remove the gallbladder).
He was given a prescription for antihypertensives.,He was given a prescription for antihypertensives (medication to lower blood pressure).
The patient was experiencing acute renal failure.,The patient was experiencing acute renal failure (sudden kidney failure).
She had a myocardial infarction.,She had a myocardial infarction (heart attack).
He was prescribed a bronchodilator.,He was prescribed a bronchodilator (medication to open the airways).
She was diagnosed with hyperlipidemia.,She was diagnosed with hyperlipidemia (high cholesterol levels).
The patient is being treated for deep vein thrombosis.,The patient is being treated for deep vein thrombosis (a blood clot in a deep vein).
He has been experiencing chronic gastritis.,He has been experiencing chronic gastritis (long-term inflammation of the stomach lining).
She has been diagnosed with osteoarthritis.,She has been diagnosed with osteoarthritis (a type of joint disease).
He was given a diuretic.,He was given a diuretic (medication to help remove excess fluid from the body).
The patient has peripheral neuropathy.,The patient has peripheral neuropathy (nerve damage in the extremities).
She was found to have a peptic ulcer.,She was found to have a peptic ulcer (a sore in the stomach lining).
He is suffering from obstructive sleep apnea.,He is suffering from obstructive sleep apnea (a sleep disorder causing breathing pauses).
The patient has been diagnosed with macular degeneration.,The patient has been diagnosed with macular degeneration (a condition that causes vision loss).
She underwent a mastectomy.,She underwent a mastectomy (surgery to remove a breast).
He was diagnosed with rheumatoid arthritis.,He was diagnosed with rheumatoid arthritis (a type of inflammatory joint disease).
The patient presented with tachycardia.,The patient presented with tachycardia (a fast heart rate).
She is being treated for chronic obstructive pulmonary disease.,She is being treated for chronic obstructive pulmonary disease (a lung disease that makes it hard to breathe).
He was given an anticoagulant.,He was given an anticoagulant (medication to prevent blood clots).
The patient is suffering from congestive heart failure.,The patient is suffering from congestive heart failure (a condition where the heart doesn't pump blood effectively).
She was diagnosed with hypothyroidism.,She was diagnosed with hypothyroidism (an underactive thyroid).
He underwent coronary artery bypass grafting.,He underwent coronary artery bypass grafting (surgery to improve blood flow to the heart).
The patient was treated for a subdural hematoma.,The patient was treated for a subdural hematoma (a blood clot on the brain's surface).
She has a history of endometriosis.,She has a history of endometriosis (a condition where tissue similar to the uterus lining grows outside the uterus).
The patient presented with cellulitis.,The patient presented with cellulitis (a bacterial skin infection).
He was diagnosed with epilepsy.,He was diagnosed with epilepsy (a condition that causes seizures).
She is being treated for hyperthyroidism.,She is being treated for hyperthyroidism (an overactive thyroid).
He was found to have a herniated disc.,He was found to have a herniated disc (a problem with one of the discs in the spine).
She was diagnosed with polycystic ovary syndrome.,She was diagnosed with polycystic ovary syndrome (a hormonal disorder causing enlarged ovaries with cysts).
The patient is suffering from gastroesophageal reflux disease.,The patient is suffering from gastroesophageal reflux disease (a chronic digestive disease causing acid reflux).
He was given a corticosteroid injection.,He was given a corticosteroid injection (a shot to reduce inflammation).
She has been diagnosed with systemic lupus erythematosus.,She has been diagnosed with systemic lupus erythematosus (an autoimmune disease).
The patient has been treated for ischemic cardiomyopathy.,The patient has been treated for ischemic cardiomyopathy (a condition where the heart muscle is weakened due to reduced blood flow).
He was diagnosed with benign prostatic hyperplasia.,He was diagnosed with benign prostatic hyperplasia (an enlarged prostate gland).
She presented with hematemesis.,She presented with hematemesis (vomiting blood).
The patient has chronic pancreatitis.,The patient has chronic pancreatitis (long-term inflammation of the pancreas).
He underwent a lobectomy.,He underwent a lobectomy (surgery to remove a lobe of the lung).
She was diagnosed with fibromyalgia.,She was diagnosed with fibromyalgia (a condition causing widespread pain and fatigue).
The patient has a history of diverticulitis.,The patient has a history of diverticulitis (inflammation of small pouches in the colon).
He was prescribed a beta-blocker.,He was prescribed a beta-blocker (medication to reduce blood pressure and heart rate).
She is being treated for nephrolithiasis.,She is being treated for nephrolithiasis (kidney stones).
The patient has a history of chronic bronchitis.,The patient has a history of chronic bronchitis (long-term inflammation of the airways in the lungs).
He was diagnosed with meningioma.,He was diagnosed with meningioma (a type of brain tumor).
She presented with hyperemesis gravidarum.,She presented with hyperemesis gravidarum (severe morning sickness during pregnancy).
The patient has a history of atrial septal defect.,The patient has a history of atrial septal defect (a hole in the wall between the heart's upper chambers).
He underwent angioplasty.,He underwent angioplasty (a procedure to open narrowed or blocked blood vessels of the heart).
She was diagnosed with multiple sclerosis.,She was diagnosed with multiple sclerosis (a disease affecting the brain and spinal cord).
The patient is being treated for psoriatic arthritis.,The patient is being treated for psoriatic arthritis (a type of arthritis that affects some people with psoriasis).
He was given an anticonvulsant.,He was given an anticonvulsant (medication to prevent seizures).
She presented with melena.,"She presented with melena (black, tarry stools indicating bleeding in the digestive tract)."
The patient has a history of peripheral artery disease.,The patient has a history of peripheral artery disease (narrowed arteries that reduce blood flow to the limbs).
He was diagnosed with urolithiasis.,He was diagnosed with urolithiasis (urinary tract stones).
She underwent a hysterectomy.,She underwent a hysterectomy (surgery to remove the uterus).
The patient was treated for deep vein thrombophlebitis.,The patient was treated for deep vein thrombophlebitis (a blood clot in a vein causing inflammation).
He was diagnosed with chronic sinusitis.,He was diagnosed with chronic sinusitis (long-term inflammation of the sinuses).
She presented with hematuria.,She presented with hematuria (blood in the urine).
The patient has a history of Barrett's esophagus.,The patient has a history of Barrett's esophagus (a condition where the esophagus lining changes due to acid reflux).
He underwent a prostatectomy.,He underwent a prostatectomy (surgery to remove the prostate gland).
She was diagnosed with chronic fatigue syndrome.,She was diagnosed with chronic fatigue syndrome (a condition causing extreme tiredness).
The patient has a history of temporal arteritis.,The patient has a history of temporal arteritis (inflammation of blood vessels in the scalp).
He presented with hematochezia.,He presented with hematochezia (passing of fresh blood through the anus).
She was diagnosed with biliary colic.,She was diagnosed with biliary colic (pain caused by gallstones blocking the bile ducts).
The patient was treated for pleural effusion.,The patient was treated for pleural effusion (fluid buildup around the lungs).
He was diagnosed with osteomyelitis.,He was diagnosed with osteomyelitis (an infection in the bone).
She presented with vertigo.,She presented with vertigo (a sensation of spinning or dizziness).
The patient has a history of nephrotic syndrome.,The patient has a history of nephrotic syndrome (a kidney disorder causing the body to excrete too much protein in the urine).
He was diagnosed with pancreatitis.,He was diagnosed with pancreatitis (inflammation of the pancreas).
She underwent an appendectomy.,She underwent an appendectomy (surgery to remove the appendix).
The patient was treated for ischemic colitis.,The patient was treated for ischemic colitis (inflammation of the colon due to reduced blood flow).
He was diagnosed with polymyositis.,He was diagnosed with polymyositis (a disease causing muscle inflammation and weakness).
She presented with jaundice.,She presented with jaundice (yellowing of the skin and eyes).
The patient has a history of ulcerative colitis.,The patient has a history of ulcerative colitis (a chronic inflammatory bowel disease).
He was diagnosed with Bell's palsy.,He was diagnosed with Bell's palsy (a condition causing temporary facial paralysis).
She was diagnosed with thrombocytopenia.,She was diagnosed with thrombocytopenia (a condition with low platelet count in the blood).
The patient was treated for encephalitis.,The patient was treated for encephalitis (inflammation of the brain).
He was given an antihistamine.,He was given an antihistamine (medication to treat allergic reactions).
She presented with ascites.,She presented with ascites (abnormal fluid buildup in the abdomen).
The patient has a history of ischemic stroke.,The patient has a history of ischemic stroke (a stroke caused by a blocked blood vessel in the brain).
He was diagnosed with amyotrophic lateral sclerosis.,He was diagnosed with amyotrophic lateral sclerosis (a disease affecting nerve cells in the brain and spinal cord).
She underwent a lumpectomy.,She underwent a lumpectomy (surgery to remove a lump from the breast).
The patient was treated for meningitis.,The patient was treated for meningitis (inflammation of the membranes covering the brain and spinal cord).
He was diagnosed with chronic venous insufficiency.,He was diagnosed with chronic venous insufficiency (a condition where veins have trouble sending blood from the legs back to the heart).
She presented with purpura.,She presented with purpura (small purple spots on the skin caused by bleeding under the skin).
The patient has a history of chronic hepatitis.,The patient has a history of chronic hepatitis (long-term inflammation of the liver).
He was given an anxiolytic.,He was given an anxiolytic (medication to reduce anxiety).
She was diagnosed with hidradenitis suppurativa.,She was diagnosed with hidradenitis suppurativa (a skin condition causing painful lumps under the skin).
He was diagnosed with retinopathy.,He was diagnosed with retinopathy (damage to the retina of the eye).
She presented with oliguria.,She presented with oliguria (producing less urine than normal).
The patient has a history of chronic eczema.,The patient has a history of chronic eczema (long-term skin condition causing itchy and inflamed skin).
He was diagnosed with hypertrophic cardiomyopathy.,He was diagnosed with hypertrophic cardiomyopathy (a condition where the heart muscle becomes abnormally thick).
She was treated for community-acquired pneumonia.,She was treated for community-acquired pneumonia (a lung infection acquired outside of a hospital setting).
The patient has a history of chronic rhinosinusitis.,The patient has a history of chronic rhinosinusitis (long-term inflammation of the nasal passages and sinuses).
He was given a proton pump inhibitor.,He was given a proton pump inhibitor (medication to reduce stomach acid).
She presented with priapism.,She presented with priapism (a prolonged and painful erection).
The patient has a history of chronic kidney disease.,The patient has a history of chronic kidney disease (long-term kidney damage that reduces kidney function).
He was diagnosed with ankylosing spondylitis.,He was diagnosed with ankylosing spondylitis (a type of arthritis affecting the spine).
She underwent an endoscopic retrograde cholangiopancreatography.,She underwent an endoscopic retrograde cholangiopancreatography (a procedure to examine the bile and pancreatic ducts).
The patient was treated for pulmonary embolism.,The patient was treated for pulmonary embolism (a blood clot in the lungs).
He was diagnosed with restless legs syndrome.,He was diagnosed with restless legs syndrome (a condition causing an uncontrollable urge to move the legs).
She presented with erythema.,She presented with erythema (redness of the skin).
The patient has a history of chronic migraine.,"The patient has a history of chronic migraine (frequent, severe headaches)."
He was diagnosed with acromegaly.,He was diagnosed with acromegaly (a condition where the body produces too much growth hormone).
She was treated for pyelonephritis.,She was treated for pyelonephritis (a kidney infection).
The patient has a history of chronic prostatitis.,The patient has a history of chronic prostatitis (long-term inflammation of the prostate gland).
He was given an antiemetic.,He was given an antiemetic (medication to prevent nausea and vomiting).
She presented with hypokalemia.,She presented with hypokalemia (low potassium levels in the blood).
The patient has a history of chronic pelvic pain syndrome.,The patient has a history of chronic pelvic pain syndrome (long-term pain in the pelvic area).
He was diagnosed with Sjogren's syndrome.,He was diagnosed with Sjogren's syndrome (an autoimmune disease causing dry mouth and eyes).
She underwent a colostomy.,She underwent a colostomy (surgery to create an opening for the colon through the abdomen).
The patient was treated for osteosarcoma.,The patient was treated for osteosarcoma (a type of bone cancer).
He was diagnosed with chronic lymphocytic leukemia.,He was diagnosed with chronic lymphocytic leukemia (a type of blood cancer).
She presented with proteinuria.,She presented with proteinuria (excess protein in the urine).
The patient has a history of chronic tonsillitis.,The patient has a history of chronic tonsillitis (long-term inflammation of the tonsils).
He was given a muscle relaxant.,He was given a muscle relaxant (medication to relieve muscle spasms).
She presented with hypercapnia.,She presented with hypercapnia (excess carbon dioxide in the bloodstream).
The patient has a history of chronic urticaria.,The patient has a history of chronic urticaria (long-term hives).
He was diagnosed with interstitial cystitis.,He was diagnosed with interstitial cystitis (a chronic bladder condition causing pain and frequent urination).
She underwent a barium swallow.,She underwent a barium swallow (a test to examine the esophagus and stomach using barium and X-rays).
The patient was treated for multiple myeloma.,The patient was treated for multiple myeloma (a type of blood cancer affecting plasma cells).
He was diagnosed with rheumatoid nodules.,He was diagnosed with rheumatoid nodules (firm lumps under the skin associated with rheumatoid arthritis).
She presented with leukoplakia.,She presented with leukoplakia (white patches in the mouth).
The patient has a history of chronic otitis media.,The patient has a history of chronic otitis media (long-term ear infection).
He was given an antiviral medication.,He was given an antiviral medication (medicine to treat viral infections).
She presented with hypercalcemia.,She presented with hypercalcemia (high levels of calcium in the blood).
The patient has a history of chronic sinusitis.,The patient has a history of chronic sinusitis (long-term inflammation of the sinuses).
He was diagnosed with Addison's disease.,He was diagnosed with Addison's disease (a disorder where the adrenal glands don't produce enough hormones).
She was treated for aortic aneurysm.,She was treated for aortic aneurysm (a bulge in the wall of the aorta).
The patient has a history of chronic pancreatitis.,The patient has a history of chronic pancreatitis (long-term inflammation of the pancreas).
He was given an immunosuppressant.,He was given an immunosuppressant (medication to suppress the immune system).
She presented with lymphedema.,She presented with lymphedema (swelling due to lymph fluid buildup).
The patient has a history of chronic gingivitis.,The patient has a history of chronic gingivitis (long-term gum inflammation).
He was diagnosed with vitiligo.,He was diagnosed with vitiligo (a condition causing loss of skin color in patches).
She underwent a skin graft.,She underwent a skin graft (a surgical procedure to replace damaged skin).
The patient was treated for Hodgkin's lymphoma.,The patient was treated for Hodgkin's lymphoma (a type of cancer affecting the lymphatic system).
He was diagnosed with chronic venous ulcers.,He was diagnosed with chronic venous ulcers (long-term sores on the legs caused by poor blood circulation).
She presented with hyperglycemia.,She presented with hyperglycemia (high blood sugar levels).
The patient has a history of chronic bronchitis.,The patient has a history of chronic bronchitis (long-term inflammation of the airways in the lungs).
He was diagnosed with Parkinson's disease.,He was diagnosed with Parkinson's disease (a disorder affecting movement).
She was treated for thyroid storm.,She was treated for thyroid storm (a life-threatening condition due to an overactive thyroid).
The patient has a history of chronic pharyngitis.,The patient has a history of chronic pharyngitis (long-term throat inflammation).
He was given an anti-inflammatory medication.,He was given an anti-inflammatory medication (medicine to reduce inflammation).
She presented with hyperpigmentation.,She presented with hyperpigmentation (darkening of the skin).
The patient has a history of chronic dermatitis.,The patient has a history of chronic dermatitis (long-term skin inflammation).
He was diagnosed with diabetic neuropathy.,He was diagnosed with diabetic neuropathy (nerve damage caused by diabetes).
She was treated for pulmonary fibrosis.,She was treated for pulmonary fibrosis (a lung disease causing tissue to become thick and stiff).
The patient has a history of chronic pyelonephritis.,The patient has a history of chronic pyelonephritis (long-term kidney infection).
He was given an antihypertensive medication.,He was given an antihypertensive medication (medicine to lower blood pressure).
She presented with hypoalbuminemia.,She presented with hypoalbuminemia (low levels of albumin in the blood).
The patient has a history of chronic seborrheic dermatitis.,The patient has a history of chronic seborrheic dermatitis (long-term skin condition causing scaly patches and red skin).
He was diagnosed with chronic fatigue syndrome.,He was diagnosed with chronic fatigue syndrome (a condition causing extreme tiredness).
She was treated for systemic lupus erythematosus.,She was treated for systemic lupus erythematosus (an autoimmune disease).
The patient has a history of chronic pancreatitis.,The patient has a history of chronic pancreatitis (long-term inflammation of the pancreas).
He was given an antihistamine.,He was given an antihistamine (medication to treat allergic reactions).
She presented with ascites.,She presented with ascites (abnormal fluid buildup in the abdomen).
The patient has a history of ischemic stroke.,The patient has a history of ischemic stroke (a stroke caused by a blocked blood vessel in the brain).
He was diagnosed with amyotrophic lateral sclerosis.,He was diagnosed with amyotrophic lateral sclerosis (a disease affecting nerve cells in the brain and spinal cord).
She underwent a lumpectomy.,She underwent a lumpectomy (surgery to remove a lump from the breast).
The patient was treated for meningitis.,The patient was treated for meningitis (inflammation of the membranes covering the brain and spinal cord).
He was diagnosed with chronic venous insufficiency.,He was diagnosed with chronic venous insufficiency (a condition where veins have trouble sending blood from the legs back to the heart).
She presented with purpura.,She presented with purpura (small purple spots on the skin caused by bleeding under the skin).
The patient has a history of chronic hepatitis.,The patient has a history of chronic hepatitis (long-term inflammation of the liver).
He was given an anxiolytic.,He was given an anxiolytic (medication to reduce anxiety).
She was diagnosed with hidradenitis suppurativa.,She was diagnosed with hidradenitis suppurativa (a skin condition causing painful lumps under the skin).
He was diagnosed with retinopathy.,He was diagnosed with retinopathy (damage to the retina of the eye).
She presented with oliguria.,She presented with oliguria (producing less urine than normal).
The patient has a history of chronic eczema.,The patient has a history of chronic eczema (long-term skin condition causing itchy and inflamed skin).
He was diagnosed with hypertrophic cardiomyopathy.,He was diagnosed with hypertrophic cardiomyopathy (a condition where the heart muscle becomes abnormally thick).
She was treated for community-acquired pneumonia.,She was treated for community-acquired pneumonia (a lung infection acquired outside of a hospital setting).
The patient has a history of chronic rhinosinusitis.,The patient has a history of chronic rhinosinusitis (long-term inflammation of the nasal passages and sinuses).
He was given a proton pump inhibitor.,He was given a proton pump inhibitor (medication to reduce stomach acid).
She presented with priapism.,She presented with priapism (a prolonged and painful erection).
The patient has a history of chronic kidney disease.,The patient has a history of chronic kidney disease (long-term kidney damage that reduces kidney function).
He was diagnosed with ankylosing spondylitis.,He was diagnosed with ankylosing spondylitis (a type of arthritis affecting the spine).
She underwent an endoscopic retrograde cholangiopancreatography.,She underwent an endoscopic retrograde cholangiopancreatography (a procedure to examine the bile and pancreatic ducts).
The patient was treated for pulmonary embolism.,The patient was treated for pulmonary embolism (a blood clot in the lungs).
He was diagnosed with restless legs syndrome.,He was diagnosed with restless legs syndrome (a condition causing an uncontrollable urge to move the legs).
She presented with erythema.,She presented with erythema (redness of the skin).
The patient has a history of chronic migraine.,"The patient has a history of chronic migraine (frequent, severe headaches)."
He was diagnosed with acromegaly.,He was diagnosed with acromegaly (a condition where the body produces too much growth hormone).
She was treated for pyelonephritis.,She was treated for pyelonephritis (a kidney infection).
The patient has a history of chronic prostatitis.,The patient has a history of chronic prostatitis (long-term inflammation of the prostate gland).
He was given an antiemetic.,He was given an antiemetic (medication to prevent nausea and vomiting).
She presented with hypokalemia.,She presented with hypokalemia (low potassium levels in the blood).
The patient has a history of chronic pelvic pain syndrome.,The patient has a history of chronic pelvic pain syndrome (long-term pain in the pelvic area).
He was diagnosed with Sjogren's syndrome.,He was diagnosed with Sjogren's syndrome (an autoimmune disease causing dry mouth and eyes).
She underwent a colostomy.,She underwent a colostomy (surgery to create an opening for the colon through the abdomen).
The patient was treated for osteosarcoma.,The patient was treated for osteosarcoma (a type of bone cancer).
He was diagnosed with chronic lymphocytic leukemia.,He was diagnosed with chronic lymphocytic leukemia (a type of blood cancer).
She presented with proteinuria.,She presented with proteinuria (excess protein in the urine).
The patient has a history of chronic tonsillitis.,The patient has a history of chronic tonsillitis (long-term inflammation of the tonsils).
He was given a muscle relaxant.,He was given a muscle relaxant (medication to relieve muscle spasms).
She presented with hypercapnia.,She presented with hypercapnia (excess carbon dioxide in the bloodstream).
The patient has a history of chronic urticaria.,The patient has a history of chronic urticaria (long-term hives).
He was diagnosed with interstitial cystitis.,He was diagnosed with interstitial cystitis (a chronic bladder condition causing pain and frequent urination).
She underwent a barium swallow.,She underwent a barium swallow (a test to examine the esophagus and stomach using barium and X-rays).
The patient was treated for multiple myeloma.,The patient was treated for multiple myeloma (a type of blood cancer affecting plasma cells).
He was diagnosed with rheumatoid nodules.,He was diagnosed with rheumatoid nodules (firm lumps under the skin associated with rheumatoid arthritis).
She presented with leukoplakia.,She presented with leukoplakia (white patches in the mouth).
The patient has a history of chronic otitis media.,The patient has a history of chronic otitis media (long-term ear infection).
He was given an antiviral medication.,He was given an antiviral medication (medicine to treat viral infections).
She presented with hypercalcemia.,She presented with hypercalcemia (high levels of calcium in the blood).
The patient has a history of chronic sinusitis.,The patient has a history of chronic sinusitis (long-term inflammation of the sinuses).
He was diagnosed with Addison's disease.,He was diagnosed with Addison's disease (a disorder where the adrenal glands don't produce enough hormones).
She was treated for aortic aneurysm.,She was treated for aortic aneurysm (a bulge in the wall of the aorta).
The patient has a history of chronic pancreatitis.,The patient has a history of chronic pancreatitis (long-term inflammation of the pancreas).
He was given an immunosuppressant.,He was given an immunosuppressant (medication to suppress the immune system).
She presented with lymphedema.,She presented with lymphedema (swelling due to lymph fluid buildup).
The patient has a history of chronic gingivitis.,The patient has a history of chronic gingivitis (long-term gum inflammation).
He was diagnosed with vitiligo.,He was diagnosed with vitiligo (a condition causing loss of skin color in patches).
She underwent a skin graft.,She underwent a skin graft (a surgical procedure to replace damaged skin).
The patient was treated for Hodgkin's lymphoma.,The patient was treated for Hodgkin's lymphoma (a type of cancer affecting the lymphatic system).
He was diagnosed with chronic venous ulcers.,He was diagnosed with chronic venous ulcers (long-term sores on the legs caused by poor blood circulation).
She presented with hyperglycemia.,She presented with hyperglycemia (high blood sugar levels).
The patient has a history of chronic bronchitis.,The patient has a history of chronic bronchitis (long-term inflammation of the airways in the lungs).
He was diagnosed with Parkinson's disease.,He was diagnosed with Parkinson's disease (a disorder affecting movement).
She was treated for thyroid storm.,She was treated for thyroid storm (a life-threatening condition due to an overactive thyroid).
The patient has a history of chronic pharyngitis.,The patient has a history of chronic pharyngitis (long-term throat inflammation).
He was given an anti-inflammatory medication.,He was given an anti-inflammatory medication (medicine to reduce inflammation).
She presented with hyperpigmentation.,She presented with hyperpigmentation (darkening of the skin).
The patient has a history of chronic dermatitis.,The patient has a history of chronic dermatitis (long-term skin inflammation).
He was diagnosed with diabetic neuropathy.,He was diagnosed with diabetic neuropathy (nerve damage caused by diabetes).
She was treated for pulmonary fibrosis.,She was treated for pulmonary fibrosis (a lung disease causing tissue to become thick and stiff).
The patient has a history of chronic pyelonephritis.,The patient has a history of chronic pyelonephritis (long-term kidney infection).
He was given an antihypertensive medication.,He was given an antihypertensive medication (medicine to lower blood pressure).
She presented with hypoalbuminemia.,She presented with hypoalbuminemia (low levels of albumin in the blood).
The patient has a history of chronic seborrheic dermatitis.,The patient has a history of chronic seborrheic dermatitis (long-term skin condition causing scaly patches and red skin).
The patient presented with dyspnea and orthopnea.,The patient had difficulty breathing (dyspnea) and found it hard to breathe while lying down (orthopnea).
The child was given an antihistamine for his urticaria.,The child was given an allergy medicine (antihistamine) for his hives (urticaria).
He was treated for a deep vein thrombosis in his leg.,He was treated for a blood clot in his leg (deep vein thrombosis).
The patient is experiencing nocturia.,The patient is experiencing the need to urinate frequently at night (nocturia).
She underwent a laparoscopic cholecystectomy.,She had her gallbladder removed through a small incision (laparoscopic cholecystectomy).
He suffers from chronic obstructive pulmonary disease.,He suffers from long-term lung disease (chronic obstructive pulmonary disease).
She was prescribed a diuretic for her hypertension.,She was prescribed a water pill (diuretic) for her high blood pressure (hypertension).
The child has a condition known as otitis media.,The child has a middle ear infection (otitis media).
The patient developed thrombocytopenia during treatment.,The patient developed a low platelet count (thrombocytopenia) during treatment.
She was found to have hyperglycemia.,She was found to have high blood sugar (hyperglycemia).
He presented with acute renal failure.,He had sudden kidney failure (acute renal failure).
The patient exhibited signs of jaundice.,The patient showed signs of yellowing of the skin and eyes (jaundice).
The treatment plan includes a bronchodilator.,The treatment plan includes a medication to open the airways (bronchodilator).
He was diagnosed with benign prostatic hyperplasia.,He was diagnosed with an enlarged prostate (benign prostatic hyperplasia).
She has a history of peptic ulcer disease.,She has a history of stomach ulcers (peptic ulcer disease).
The patient received a transfusion due to anemia.,The patient received a blood transfusion due to low red blood cells (anemia).
He underwent a coronary artery bypass graft.,He had surgery to improve blood flow to his heart (coronary artery bypass graft).
She was found to have aortic stenosis.,She was found to have a narrowing of the heart valve (aortic stenosis).
The patient was prescribed an antipyretic.,The patient was prescribed a fever reducer (antipyretic).
He is suffering from chronic pancreatitis.,He is suffering from long-term inflammation of the pancreas (chronic pancreatitis).
She was diagnosed with rheumatoid arthritis.,She was diagnosed with a type of arthritis that affects the joints (rheumatoid arthritis).
The patient has symptoms of dysphagia.,The patient has difficulty swallowing (dysphagia).
He has a positive family history for hypertension.,He has a family history of high blood pressure (hypertension).
She was treated for bacterial meningitis.,She was treated for a bacterial infection of the brain and spinal cord (bacterial meningitis).
The patient has been experiencing tinnitus.,The patient has been experiencing ringing in the ears (tinnitus).
He was diagnosed with chronic venous insufficiency.,He was diagnosed with poor blood flow in the veins (chronic venous insufficiency).
The patient presented with syncope.,The patient had a fainting episode (syncope).
He has a history of alcohol use disorder.,He has a history of alcohol addiction (alcohol use disorder).
The patient was diagnosed with chronic hepatitis.,The patient was diagnosed with long-term liver inflammation (chronic hepatitis).
She was found to have a pulmonary embolism.,She was found to have a blood clot in her lungs (pulmonary embolism).
He was prescribed an antihypertensive medication.,He was prescribed medication for high blood pressure (antihypertensive).
The patient has symptoms of peripheral neuropathy.,The patient has symptoms of nerve damage in the limbs (peripheral neuropathy).
She underwent a hysterectomy.,She had her uterus removed (hysterectomy).
The diagnosis was confirmed with a biopsy.,The diagnosis was confirmed with a tissue sample test (biopsy).
He was diagnosed with bipolar disorder.,He was diagnosed with a mental health condition causing mood swings (bipolar disorder).
The patient is experiencing dyspepsia.,The patient is experiencing indigestion (dyspepsia).
She has been diagnosed with hypothyroidism.,She has been diagnosed with an underactive thyroid (hypothyroidism).
He was given an antipyretic for his fever.,He was given a fever reducer (antipyretic) for his fever.
The patient presented with epistaxis.,The patient had a nosebleed (epistaxis).
She was diagnosed with fibromyalgia.,She was diagnosed with a condition causing widespread pain (fibromyalgia).
He was diagnosed with nephrolithiasis.,He was diagnosed with kidney stones (nephrolithiasis).
She was treated for a urinary tract infection.,She was treated for a bladder infection (urinary tract infection).
The patient has been diagnosed with hypercholesterolemia.,The patient has high cholesterol (hypercholesterolemia).
He underwent a colonoscopy.,He had a procedure to examine his colon (colonoscopy).
She was found to have osteoarthritis.,She was found to have a type of arthritis that causes joint pain (osteoarthritis).
She presented with erythema and swelling.,She had redness (erythema) and swelling.
The patient was prescribed a bronchodilator.,The patient was prescribed a medication to open the airways (bronchodilator).
He has a history of chronic bronchitis.,He has a history of long-term inflammation of the airways (chronic bronchitis).
She was diagnosed with systemic lupus erythematosus.,She was diagnosed with a disease that affects the immune system (systemic lupus erythematosus).
He was found to have a hiatal hernia.,He was found to have a stomach hernia (hiatal hernia).
She was treated for an acute exacerbation of asthma.,She was treated for a sudden worsening of asthma symptoms (acute exacerbation).
The patient has a history of atrial fibrillation.,The patient has a history of an irregular heart rhythm (atrial fibrillation).
He underwent an endoscopy.,He had a procedure to examine his digestive tract (endoscopy).
She was diagnosed with obstructive sleep apnea.,She was diagnosed with a sleep disorder causing breathing pauses (obstructive sleep apnea).
The patient presented with abdominal distension.,The patient had a swollen abdomen (abdominal distension).
He was diagnosed with essential tremor.,He was diagnosed with a condition causing involuntary shaking (essential tremor).
She was prescribed an antiemetic for her nausea.,She was prescribed a medication to prevent vomiting (antiemetic) for her nausea.
The patient has a history of hyperparathyroidism.,The patient has a history of overactive parathyroid glands (hyperparathyroidism).
He presented with hematuria.,He had blood in his urine (hematuria).
She was diagnosed with endometriosis.,She was diagnosed with a condition where tissue similar to the lining inside the uterus grows outside it (endometriosis).
The patient has symptoms of angina pectoris.,The patient has chest pain (angina pectoris).
He was treated for community-acquired pneumonia.,He was treated for a lung infection caught outside of a hospital (community-acquired pneumonia).
She has been diagnosed with polycystic ovary syndrome.,She has been diagnosed with a hormone disorder causing enlarged ovaries with cysts (polycystic ovary syndrome).
The patient presented with paresthesia.,The patient had a tingling or 'pins and needles' sensation (paresthesia).
He was diagnosed with congestive heart failure.,He was diagnosed with a condition where the heart doesn't pump blood effectively (congestive heart failure).
She underwent a thyroidectomy.,She had her thyroid gland removed (thyroidectomy).
The patient has symptoms of sciatica.,The patient has pain that radiates along the sciatic nerve from the lower back to the legs (sciatica).
He presented with hepatomegaly.,He had an enlarged liver (hepatomegaly).
She was treated for deep vein thrombophlebitis.,She was treated for inflammation of a vein with a blood clot (deep vein thrombophlebitis).
He was diagnosed with cellulitis.,He was diagnosed with a skin infection (cellulitis).
The patient presented with ascites.,The patient had fluid buildup in the abdomen (ascites).
She was diagnosed with idiopathic pulmonary fibrosis.,She was diagnosed with a lung disease that causes scarring (idiopathic pulmonary fibrosis).
He presented with hemoptysis.,He coughed up blood (hemoptysis).
She was diagnosed with ovarian cysts.,She was diagnosed with fluid-filled sacs on the ovaries (ovarian cysts).
He underwent a lumbar puncture.,He had a spinal tap (lumbar puncture).
She was diagnosed with mitral valve prolapse.,She was diagnosed with a condition where the heart valve doesn't close properly (mitral valve prolapse).
The patient presented with xerostomia.,The patient had dry mouth (xerostomia).
He was diagnosed with celiac disease.,He was diagnosed with a condition where the body reacts to gluten (celiac disease).
The patient has a history of gout.,The patient has a history of a type of arthritis causing severe pain (gout).
She was diagnosed with chronic sinusitis.,She was diagnosed with long-term sinus infection (chronic sinusitis).
He underwent a carotid endarterectomy.,He had surgery to remove plaque from his neck arteries (carotid endarterectomy).
The patient has symptoms of peripheral arterial disease.,The patient has symptoms of poor blood flow in the legs (peripheral arterial disease).
She was diagnosed with benign positional vertigo.,She was diagnosed with dizziness caused by head movements (benign positional vertigo).
The patient presented with dysuria.,The patient had painful urination (dysuria).
He was diagnosed with ischemic cardiomyopathy.,He was diagnosed with a weakened heart due to reduced blood flow (ischemic cardiomyopathy).
She has been experiencing menorrhagia.,She has been experiencing heavy menstrual bleeding (menorrhagia).
The patient was treated for acute pyelonephritis.,The patient was treated for a sudden kidney infection (acute pyelonephritis).
He was diagnosed with aortic aneurysm.,He was diagnosed with a bulge in the aorta (aortic aneurysm).
She presented with hemoptysis and dyspnea.,She had blood in her cough (hemoptysis) and difficulty breathing (dyspnea).
The patient has a history of rheumatoid arthritis.,The patient has a history of an autoimmune disease affecting the joints (rheumatoid arthritis).
He was diagnosed with Barrett's esophagus.,He was diagnosed with a condition where the esophagus lining changes due to acid reflux (Barrett's esophagus).
She presented with pleurisy.,She had inflammation of the lining around the lungs (pleurisy).
The patient was treated for hidradenitis suppurativa.,The patient was treated for a skin condition causing painful lumps (hidradenitis suppurativa).
He presented with pharyngitis.,He had a sore throat (pharyngitis).
She was diagnosed with trigeminal neuralgia.,She was diagnosed with a condition causing facial pain (trigeminal neuralgia).
The patient has a history of systemic lupus erythematosus.,The patient has a history of an autoimmune disease affecting multiple organs (systemic lupus erythematosus).
He was diagnosed with hypertrophic cardiomyopathy.,He was diagnosed with a thickened heart muscle (hypertrophic cardiomyopathy).
She presented with hyperemesis gravidarum.,She had severe morning sickness during pregnancy (hyperemesis gravidarum).
The patient was treated for deep vein thrombosis.,The patient was treated for a blood clot in a deep vein (deep vein thrombosis).
He presented with tenosynovitis.,He had inflammation of the tendon sheath (tenosynovitis).
She was diagnosed with irritable bowel syndrome.,She was diagnosed with a disorder causing stomach pain and bowel changes (irritable bowel syndrome).
The patient has a history of cerebrovascular disease.,The patient has a history of blood flow problems in the brain (cerebrovascular disease).
The patient presented with alopecia.,The patient had hair loss (alopecia).
She was diagnosed with chronic otitis media.,She was diagnosed with long-term middle ear infection (chronic otitis media).
He presented with hyperkalemia.,He had high potassium levels (hyperkalemia).
She was diagnosed with Graves' disease.,She was diagnosed with an overactive thyroid caused by an immune system disorder (Graves' disease).
The patient has a history of sarcoidosis.,The patient has a history of a disease causing inflamed lumps in organs (sarcoidosis).
He was diagnosed with venous insufficiency.,He was diagnosed with poor blood flow in the veins (venous insufficiency).
She presented with pericarditis.,She had inflammation of the lining around the heart (pericarditis).
The patient has a history of bronchiectasis.,The patient has a history of damaged airways in the lungs (bronchiectasis).
He presented with hemarthrosis.,He had bleeding in the joint (hemarthrosis).
She was diagnosed with hypercalcemia.,She was diagnosed with high calcium levels (hypercalcemia).
The patient has a history of melanoma.,The patient has a history of skin cancer (melanoma).
He presented with tinea pedis.,He had athlete's foot (tinea pedis).
She was diagnosed with Paget's disease of bone.,She was diagnosed with a disease causing bone weakness (Paget's disease of bone).
The patient has a history of nephrotic syndrome.,The patient has a history of a kidney disorder causing protein loss in urine (nephrotic syndrome).
He presented with onychomycosis.,He had a fungal nail infection (onychomycosis).
She was diagnosed with systemic sclerosis.,She was diagnosed with a disease causing skin and organ hardening (systemic sclerosis).
The patient has a history of ischemic stroke.,The patient has a history of a stroke caused by a blocked blood vessel (ischemic stroke).
He presented with strabismus.,He had crossed eyes (strabismus).
She was diagnosed with diverticulitis.,She was diagnosed with inflamed pouches in the colon (diverticulitis).
The patient has a history of thalassemia.,The patient has a history of a blood disorder affecting hemoglobin (thalassemia).
He was diagnosed with viral conjunctivitis.,He was diagnosed with pink eye caused by a virus (viral conjunctivitis).
She presented with septicemia.,She had a severe blood infection (septicemia).
The patient has a history of osteopenia.,The patient has a history of low bone density (osteopenia).
He presented with bilateral pleural effusions.,He had fluid buildup in both sides of the chest (bilateral pleural effusions).
She was diagnosed with idiopathic thrombocytopenic purpura.,She was diagnosed with a condition causing low platelet counts and easy bruising (idiopathic thrombocytopenic purpura).
The patient has a history of coronary artery disease.,The patient has a history of heart disease due to blocked arteries (coronary artery disease).
He presented with dyspnea on exertion.,He had shortness of breath with physical activity (dyspnea on exertion).
She was diagnosed with primary biliary cirrhosis.,She was diagnosed with a liver disease causing bile duct damage (primary biliary cirrhosis).
The patient has a history of pituitary adenoma.,The patient has a history of a benign tumor in the pituitary gland (pituitary adenoma).
He presented with macular degeneration.,He had an eye condition causing vision loss (macular degeneration).
She was diagnosed with chronic lymphocytic leukemia.,She was diagnosed with a type of blood cancer affecting white blood cells (chronic lymphocytic leukemia).
The patient has a history of ankylosing spondylitis.,The patient has a history of a type of arthritis affecting the spine (ankylosing spondylitis).
He presented with rhabdomyolysis.,He had muscle breakdown (rhabdomyolysis).
She was diagnosed with chronic pelvic pain.,She was diagnosed with long-term pelvic pain (chronic pelvic pain).
The patient has a history of acromegaly.,The patient has a history of a condition causing abnormal growth due to excess growth hormone (acromegaly).
He presented with erysipelas.,"He had a skin infection causing red, swollen areas (erysipelas)."
She was diagnosed with Takayasu arteritis.,She was diagnosed with inflammation of the arteries (Takayasu arteritis).
He presented with hypoglycemia.,He had low blood sugar (hypoglycemia).
She was diagnosed with Kaposi's sarcoma.,She was diagnosed with a type of cancer causing skin lesions (Kaposi's sarcoma).
The patient has a history of Hodgkin's lymphoma.,The patient has a history of a type of lymphatic system cancer (Hodgkin's lymphoma).
He presented with Raynaud's phenomenon.,He had episodes of reduced blood flow to the fingers and toes causing color changes (Raynaud's phenomenon).
She was diagnosed with osteomyelitis.,She was diagnosed with a bone infection (osteomyelitis).
The patient has a history of systemic amyloidosis.,The patient has a history of a condition causing abnormal protein buildup in organs (systemic amyloidosis).
He presented with Peyronie's disease.,He had a condition causing curved erections due to penile scar tissue (Peyronie's disease).
She was diagnosed with temporal arteritis.,She was diagnosed with inflammation of the blood vessels in the scalp (temporal arteritis).
The patient has a history of hypertensive nephropathy.,The patient has a history of kidney damage caused by high blood pressure (hypertensive nephropathy).
He presented with coarctation of the aorta.,He had a narrowing of the main artery of the body (coarctation of the aorta).
She was diagnosed with myasthenia gravis.,She was diagnosed with a condition causing muscle weakness (myasthenia gravis).
The patient has a history of pheochromocytoma.,The patient has a history of a tumor on the adrenal gland causing high blood pressure (pheochromocytoma).
He presented with scleroderma.,He had a condition causing skin and tissue hardening (scleroderma).
She was diagnosed with primary sclerosing cholangitis.,She was diagnosed with a disease causing bile duct inflammation and scarring (primary sclerosing cholangitis).
The patient has a history of diabetic retinopathy.,The patient has a history of eye damage caused by diabetes (diabetic retinopathy).
He presented with polymyalgia rheumatica.,He had a condition causing muscle pain and stiffness (polymyalgia rheumatica).
She was diagnosed with Sjogren's syndrome.,She was diagnosed with an autoimmune disease causing dry eyes and mouth (Sjogren's syndrome).
The patient has a history of paroxysmal nocturnal hemoglobinuria.,The patient has a history of a rare blood disorder causing red blood cell breakdown (paroxysmal nocturnal hemoglobinuria).
He presented with chronic fatigue syndrome.,He had a condition causing extreme tiredness (chronic fatigue syndrome).
She was diagnosed with Waldenstrom macroglobulinemia.,She was diagnosed with a type of blood cancer causing abnormal protein buildup (Waldenstrom macroglobulinemia).
The patient has a history of Pompe disease.,The patient has a history of a genetic disorder causing muscle weakness (Pompe disease).
He presented with Henoch-Schonlein purpura.,He had a condition causing blood vessel inflammation and rash (Henoch-Schonlein purpura).
She was diagnosed with Behcet's disease.,She was diagnosed with a condition causing blood vessel inflammation and sores (Behcet's disease).
The patient has a history of Gaucher disease.,The patient has a history of a genetic disorder causing fat buildup in organs (Gaucher disease).
He presented with Stevens-Johnson syndrome.,He had a severe skin reaction causing rash and blisters (Stevens-Johnson syndrome).
She was diagnosed with Kleine-Levin syndrome.,She was diagnosed with a rare sleep disorder causing excessive sleepiness (Kleine-Levin syndrome).
The patient has a history of Williams syndrome.,The patient has a history of a genetic disorder causing developmental delays and cardiovascular problems (Williams syndrome).
He presented with Zollinger-Ellison syndrome.,He had a condition causing excessive stomach acid production (Zollinger-Ellison syndrome).
She was diagnosed with Alport syndrome.,She was diagnosed with a genetic disorder causing kidney and hearing problems (Alport syndrome).
The patient has a history of Marfan syndrome.,The patient has a history of a genetic disorder affecting connective tissue (Marfan syndrome).
He presented with Klinefelter syndrome.,He had a genetic disorder causing male infertility and other issues (Klinefelter syndrome).
She was diagnosed with Turner syndrome.,She was diagnosed with a genetic disorder affecting females causing developmental and reproductive issues (Turner syndrome).
The patient has a history of Noonan syndrome.,The patient has a history of a genetic disorder causing abnormal development of various body parts (Noonan syndrome).
He presented with Prader-Willi syndrome.,He had a genetic disorder causing intellectual disability and constant hunger (Prader-Willi syndrome).
She was diagnosed with Angelman syndrome.,She was diagnosed with a genetic disorder causing developmental disabilities and nervous system problems (Angelman syndrome).
The patient has a history of Smith-Lemli-Opitz syndrome.,The patient has a history of a genetic disorder causing developmental delays and physical abnormalities (Smith-Lemli-Opitz syndrome).
He presented with Tourette syndrome.,He had a neurological disorder causing repetitive movements or sounds (Tourette syndrome).
She was diagnosed with Canavan disease.,She was diagnosed with a genetic disorder affecting the brain (Canavan disease).
The patient has a history of Rett syndrome.,The patient has a history of a genetic disorder causing severe cognitive and physical impairment (Rett syndrome).
He presented with Waardenburg syndrome.,"He had a genetic disorder causing hearing loss and changes in hair, skin, and eye color (Waardenburg syndrome)."
She was diagnosed with Ehlers-Danlos syndrome.,She was diagnosed with a group of genetic disorders affecting connective tissues (Ehlers-Danlos syndrome).
The patient has a history of Usher syndrome.,The patient has a history of a genetic disorder causing hearing loss and vision problems (Usher syndrome).
He presented with Fragile X syndrome.,He had a genetic disorder causing intellectual disability and behavioral issues (Fragile X syndrome).
She was diagnosed with Cornelia de Lange syndrome.,She was diagnosed with a genetic disorder causing growth delays and intellectual disability (Cornelia de Lange syndrome).
The patient has a history of Bardet-Biedl syndrome.,The patient has a history of a genetic disorder affecting multiple body systems (Bardet-Biedl syndrome).
He presented with Wolfram syndrome.,He had a genetic disorder causing diabetes and vision loss (Wolfram syndrome).
She was diagnosed with Leigh syndrome.,She was diagnosed with a severe neurological disorder affecting the central nervous system (Leigh syndrome).
The patient has a history of Cri-du-chat syndrome.,The patient has a history of a genetic disorder causing intellectual disability and a distinctive cry (Cri-du-chat syndrome).
He presented with Sanfilippo syndrome.,He had a genetic disorder causing progressive brain damage (Sanfilippo syndrome).
She was diagnosed with Niemann-Pick disease.,She was diagnosed with a genetic disorder causing fat buildup in cells (Niemann-Pick disease).
The patient has a history of Fabry disease.,The patient has a history of a genetic disorder causing fat buildup in cells (Fabry disease).
He presented with Krabbe disease.,He had a genetic disorder affecting the nervous system (Krabbe disease).
She was diagnosed with Batten disease.,She was diagnosed with a genetic disorder causing progressive nervous system damage (Batten disease).
The patient has a history of Pompe disease.,The patient has a history of a genetic disorder causing muscle weakness (Pompe disease).
He presented with Hunter syndrome.,He had a genetic disorder causing progressive damage to various tissues and organs (Hunter syndrome).
She was diagnosed with Angelman syndrome.,She was diagnosed with a genetic disorder causing developmental disabilities and nervous system problems (Angelman syndrome).
The patient presented with dyspnea and cyanosis.,The patient had difficulty breathing (dyspnea) and their skin turned blue (cyanosis).
He was diagnosed with a myocardial infarction.,He had a heart attack (myocardial infarction).
The lesion was excised and sent for histopathological examination.,The abnormal tissue (lesion) was removed (excised) and sent for microscopic analysis (histopathological examination).
The child has otitis media.,The child has a middle ear infection (otitis media).
She suffers from chronic obstructive pulmonary disease.,She has a long-term lung disease that makes it hard to breathe (chronic obstructive pulmonary disease).
The patient underwent a cholecystectomy.,The patient had their gallbladder removed (cholecystectomy).
He was given an antihypertensive medication.,He was given medicine to lower his blood pressure (antihypertensive medication).
The radiograph revealed a comminuted fracture.,The X-ray showed a break in the bone where it is shattered into many pieces (comminuted fracture).
The patient has a history of hyperlipidemia.,The patient has a history of high cholesterol levels (hyperlipidemia).
She experienced an anaphylactic reaction.,She had a severe allergic reaction (anaphylactic reaction).
The biopsy showed malignant cells.,The tissue sample showed cancer cells (malignant cells).
He was prescribed a diuretic.,He was given medicine to help him lose excess water (diuretic).
The patient had a transient ischemic attack.,The patient had a brief stroke-like event (transient ischemic attack).
She has been diagnosed with rheumatoid arthritis.,She has a type of arthritis where her immune system attacks her joints (rheumatoid arthritis).
The patient is experiencing palpitations.,The patient is having rapid or irregular heartbeats (palpitations).
He was found to have a peptic ulcer.,He has a sore in the lining of his stomach or intestines (peptic ulcer).
She underwent a hysterectomy.,She had surgery to remove her uterus (hysterectomy).
The patient has a large hematoma.,The patient has a large collection of blood outside of blood vessels (hematoma).
He is being treated for atrial fibrillation.,He is being treated for an irregular and often rapid heart rate (atrial fibrillation).
The neonate was diagnosed with jaundice.,The newborn baby has yellowing of the skin and eyes (jaundice).
She is suffering from gastroesophageal reflux disease.,She has a condition where stomach acid frequently flows back into the esophagus (gastroesophageal reflux disease).
The MRI revealed a torn meniscus.,The MRI showed a tear in the knee cartilage (meniscus).
He has a severe case of bronchitis.,He has a serious inflammation of the airways in the lungs (bronchitis).
The patient has been diagnosed with diabetes mellitus.,The patient has a condition where their blood sugar levels are too high (diabetes mellitus).
She is being treated for hypothyroidism.,She is being treated for an underactive thyroid (hypothyroidism).
He has a history of epilepsy.,He has a history of having seizures (epilepsy).
The patient has congestive heart failure.,The patient has a condition where the heart doesn't pump blood as well as it should (congestive heart failure).
She has polycystic ovary syndrome.,She has a condition that affects her hormone levels and ovaries (polycystic ovary syndrome).
He experienced a cerebrovascular accident.,He had a stroke (cerebrovascular accident).
The child was diagnosed with attention deficit hyperactivity disorder.,The child has a condition that affects their attention and behavior (attention deficit hyperactivity disorder).
She underwent a mastectomy.,She had surgery to remove her breast (mastectomy).
The patient has developed deep vein thrombosis.,"The patient has a blood clot in a deep vein, usually in the legs (deep vein thrombosis)."
He is suffering from chronic kidney disease.,He has a long-term condition where the kidneys don't work as well as they should (chronic kidney disease).
The patient has been diagnosed with schizophrenia.,"The patient has a mental disorder that affects how they think, feel, and behave (schizophrenia)."
She is experiencing menopausal symptoms.,She is having symptoms related to the end of her menstrual cycles (menopausal symptoms).
The patient has a history of thromboembolism.,The patient has a history of blood clots that travel through the bloodstream (thromboembolism).
He was diagnosed with chronic hepatitis.,He has a long-term liver infection (chronic hepatitis).
She has a severe case of pneumonia.,She has a serious lung infection (pneumonia).
The patient is suffering from angina pectoris.,The patient has chest pain due to reduced blood flow to the heart (angina pectoris).
He was treated for hyperthyroidism.,He was treated for an overactive thyroid (hyperthyroidism).
The patient is being treated for hypertensive crisis.,The patient is being treated for extremely high blood pressure (hypertensive crisis).
She has been diagnosed with osteoarthritis.,She has a type of arthritis that affects the joints (osteoarthritis).
The patient has atrial septal defect.,The patient has a hole in the wall between the two upper chambers of the heart (atrial septal defect).
He underwent angioplasty.,He had a procedure to open up blocked or narrowed blood vessels (angioplasty).
The patient has been diagnosed with lupus erythematosus.,The patient has an autoimmune disease that affects various parts of the body (lupus erythematosus).
She is suffering from bipolar disorder.,She has a mental health condition with extreme mood swings (bipolar disorder).
The patient has experienced a subarachnoid hemorrhage.,The patient had bleeding in the space around the brain (subarachnoid hemorrhage).
He has developed endocarditis.,He has an infection of the inner lining of the heart (endocarditis).
She underwent an appendectomy.,She had surgery to remove her appendix (appendectomy).
The patient has been diagnosed with chronic pancreatitis.,The patient has long-term inflammation of the pancreas (chronic pancreatitis).
He is experiencing urolithiasis.,He has kidney stones (urolithiasis).
The child has been diagnosed with scoliosis.,The child has a condition where the spine curves sideways (scoliosis).
She has a history of eczema.,She has a history of a skin condition that causes itching and redness (eczema).
He has a diagnosis of gout.,He has a type of arthritis that causes severe pain and swelling in the joints (gout).
The patient has been diagnosed with multiple sclerosis.,The patient has a disease that affects the brain and spinal cord (multiple sclerosis).
She has developed diabetic retinopathy.,She has an eye condition caused by diabetes (diabetic retinopathy).
He is suffering from acute renal failure.,He has a sudden loss of kidney function (acute renal failure).
The patient is experiencing a migraine.,The patient has a severe headache (migraine).
She has been diagnosed with irritable bowel syndrome.,She has a condition that affects the large intestine causing stomach pain and changes in bowel habits (irritable bowel syndrome).
The patient has been treated for aortic stenosis.,The patient has a narrowing of the aortic valve in the heart (aortic stenosis).
He is experiencing symptoms of conjunctivitis.,He has an eye infection commonly known as pink eye (conjunctivitis).
The patient has a diagnosis of chronic bronchitis.,The patient has long-term inflammation of the airways in the lungs (chronic bronchitis).
She is suffering from chronic fatigue syndrome.,She has a condition that causes extreme tiredness (chronic fatigue syndrome).
The patient was diagnosed with celiac disease.,The patient has an autoimmune disorder where eating gluten causes damage to the small intestine (celiac disease).
He is being treated for peripheral neuropathy.,He is being treated for nerve damage that affects the feet and hands (peripheral neuropathy).
The child has been diagnosed with asthma.,The child has a condition that makes it hard to breathe (asthma).
She has a diagnosis of irritable bladder syndrome.,She has a condition that causes a frequent need to urinate (irritable bladder syndrome).
He underwent a laminectomy.,He had surgery to remove part of a vertebra in the spine (laminectomy).
The patient has a diagnosis of benign prostatic hyperplasia.,The patient has an enlarged prostate gland (benign prostatic hyperplasia).
She is being treated for diverticulitis.,She is being treated for inflammation of small pouches in the intestine (diverticulitis).
The patient has been diagnosed with ankylosing spondylitis.,The patient has a type of arthritis that affects the spine (ankylosing spondylitis).
He is experiencing hematuria.,He has blood in his urine (hematuria).
The patient has been diagnosed with amyotrophic lateral sclerosis.,The patient has a disease that affects the nerve cells in the brain and spinal cord (amyotrophic lateral sclerosis).
She has a history of endometriosis.,She has a condition where tissue similar to the lining inside the uterus grows outside of it (endometriosis).
The patient has developed Bell's palsy.,The patient has a condition that causes temporary weakness or paralysis of the muscles in the face (Bell's palsy).
He was diagnosed with Huntington's disease.,He has a genetic disorder that causes the progressive breakdown of nerve cells in the brain (Huntington's disease).
The patient has been treated for ischemic heart disease.,The patient has a condition caused by narrowed heart arteries (ischemic heart disease).
She underwent a colostomy.,She had surgery to create an opening in the large intestine (colostomy).
The patient has been diagnosed with chronic sinusitis.,The patient has long-term inflammation of the sinuses (chronic sinusitis).
He is suffering from a peptic ulcer.,He has a sore in the lining of his stomach or intestines (peptic ulcer).
The patient has been diagnosed with Lyme disease.,The patient has an illness caused by a tick bite (Lyme disease).
She is being treated for varicose veins.,"She is being treated for swollen, twisted veins that are visible under the skin (varicose veins)."
The patient has been diagnosed with chronic venous insufficiency.,The patient has a condition where the veins have problems sending blood from the legs back to the heart (chronic venous insufficiency).
He is experiencing thrombocytopenia.,He has a low number of platelets in his blood (thrombocytopenia).
The patient has been diagnosed with Hodgkin's lymphoma.,The patient has a type of cancer that affects the lymphatic system (Hodgkin's lymphoma).
She is suffering from rheumatoid arthritis.,She has a type of arthritis where her immune system attacks her joints (rheumatoid arthritis).
The patient has a history of hyperlipidemia.,The patient has a history of high cholesterol levels (hyperlipidemia).
He was found to have a comminuted fracture.,He has a break in the bone where it is shattered into many pieces (comminuted fracture).
She experienced an anaphylactic reaction.,She had a severe allergic reaction (anaphylactic reaction).
The biopsy showed malignant cells.,The tissue sample showed cancer cells (malignant cells).
The patient is experiencing palpitations.,The patient is having rapid or irregular heartbeats (palpitations).
He was found to have a peptic ulcer.,He has a sore in the lining of his stomach or intestines (peptic ulcer).
She underwent a hysterectomy.,She had surgery to remove her uterus (hysterectomy).
The patient has a large hematoma.,The patient has a large collection of blood outside of blood vessels (hematoma).
He is being treated for atrial fibrillation.,He is being treated for an irregular and often rapid heart rate (atrial fibrillation).
The neonate was diagnosed with jaundice.,The newborn baby has yellowing of the skin and eyes (jaundice).
She is suffering from gastroesophageal reflux disease.,She has a condition where stomach acid frequently flows back into the esophagus (gastroesophageal reflux disease).
The MRI revealed a torn meniscus.,The MRI showed a tear in the knee cartilage (meniscus).
He has a severe case of bronchitis.,He has a serious inflammation of the airways in the lungs (bronchitis).
The patient has been diagnosed with diabetes mellitus.,The patient has a condition where their blood sugar levels are too high (diabetes mellitus).
She is being treated for hypothyroidism.,She is being treated for an underactive thyroid (hypothyroidism).
He has a history of epilepsy.,He has a history of having seizures (epilepsy).
The patient has congestive heart failure.,The patient has a condition where the heart doesn't pump blood as well as it should (congestive heart failure).
She has polycystic ovary syndrome.,She has a condition that affects her hormone levels and ovaries (polycystic ovary syndrome).
He experienced a cerebrovascular accident.,He had a stroke (cerebrovascular accident).
The child was diagnosed with attention deficit hyperactivity disorder.,The child has a condition that affects their attention and behavior (attention deficit hyperactivity disorder).
She underwent a mastectomy.,She had surgery to remove her breast (mastectomy).
The patient has developed deep vein thrombosis.,"The patient has a blood clot in a deep vein, usually in the legs (deep vein thrombosis)."
He is suffering from chronic kidney disease.,He has a long-term condition where the kidneys don't work as well as they should (chronic kidney disease).
The patient has been diagnosed with schizophrenia.,"The patient has a mental disorder that affects how they think, feel, and behave (schizophrenia)."
She is experiencing menopausal symptoms.,She is having symptoms related to the end of her menstrual cycles (menopausal symptoms).
The patient has a history of thromboembolism.,The patient has a history of blood clots that travel through the bloodstream (thromboembolism).
He was diagnosed with chronic hepatitis.,He has a long-term liver infection (chronic hepatitis).
She has a severe case of pneumonia.,She has a serious lung infection (pneumonia).
The patient is suffering from angina pectoris.,The patient has chest pain due to reduced blood flow to the heart (angina pectoris).
He was treated for hyperthyroidism.,He was treated for an overactive thyroid (hyperthyroidism).
The patient is being treated for hypertensive crisis.,The patient is being treated for extremely high blood pressure (hypertensive crisis).
She has been diagnosed with osteoarthritis.,She has a type of arthritis that affects the joints (osteoarthritis).
The patient has atrial septal defect.,The patient has a hole in the wall between the two upper chambers of the heart (atrial septal defect).
He underwent angioplasty.,He had a procedure to open up blocked or narrowed blood vessels (angioplasty).
The patient has been diagnosed with lupus erythematosus.,The patient has an autoimmune disease that affects various parts of the body (lupus erythematosus).
She is suffering from bipolar disorder.,She has a mental health condition with extreme mood swings (bipolar disorder).
The patient has experienced a subarachnoid hemorrhage.,The patient had bleeding in the space around the brain (subarachnoid hemorrhage).
He has developed endocarditis.,He has an infection of the inner lining of the heart (endocarditis).
She underwent an appendectomy.,She had surgery to remove her appendix (appendectomy).
The patient has been diagnosed with chronic pancreatitis.,The patient has long-term inflammation of the pancreas (chronic pancreatitis).
He is experiencing urolithiasis.,He has kidney stones (urolithiasis).
The child has been diagnosed with scoliosis.,The child has a condition where the spine curves sideways (scoliosis).
She has a history of eczema.,She has a history of a skin condition that causes itching and redness (eczema).
He has a diagnosis of gout.,He has a type of arthritis that causes severe pain and swelling in the joints (gout).
The patient has been diagnosed with multiple sclerosis.,The patient has a disease that affects the brain and spinal cord (multiple sclerosis).
She has developed diabetic retinopathy.,She has an eye condition caused by diabetes (diabetic retinopathy).
He is suffering from acute renal failure.,He has a sudden loss of kidney function (acute renal failure).
The patient is experiencing a migraine.,The patient has a severe headache (migraine).
She has been diagnosed with irritable bowel syndrome.,She has a condition that affects the large intestine causing stomach pain and changes in bowel habits (irritable bowel syndrome).
The patient has been treated for aortic stenosis.,The patient has a narrowing of the aortic valve in the heart (aortic stenosis).
He is experiencing symptoms of conjunctivitis.,He has an eye infection commonly known as pink eye (conjunctivitis).
The patient has a diagnosis of chronic bronchitis.,The patient has long-term inflammation of the airways in the lungs (chronic bronchitis).
She is suffering from chronic fatigue syndrome.,She has a condition that causes extreme tiredness (chronic fatigue syndrome).
The patient was diagnosed with celiac disease.,The patient has an autoimmune disorder where eating gluten causes damage to the small intestine (celiac disease).
He is being treated for peripheral neuropathy.,He is being treated for nerve damage that affects the feet and hands (peripheral neuropathy).
The child has been diagnosed with asthma.,The child has a condition that makes it hard to breathe (asthma).
She has a diagnosis of irritable bladder syndrome.,She has a condition that causes a frequent need to urinate (irritable bladder syndrome).
He underwent a laminectomy.,He had surgery to remove part of a vertebra in the spine (laminectomy).
The patient has a diagnosis of benign prostatic hyperplasia.,The patient has an enlarged prostate gland (benign prostatic hyperplasia).
She is being treated for diverticulitis.,She is being treated for inflammation of small pouches in the intestine (diverticulitis).
The patient has been diagnosed with ankylosing spondylitis.,The patient has a type of arthritis that affects the spine (ankylosing spondylitis).
He is experiencing hematuria.,He has blood in his urine (hematuria).
The patient has been diagnosed with amyotrophic lateral sclerosis.,The patient has a disease that affects the nerve cells in the brain and spinal cord (amyotrophic lateral sclerosis).
She has a history of endometriosis.,She has a condition where tissue similar to the lining inside the uterus grows outside of it (endometriosis).
The patient has developed Bell's palsy.,The patient has a condition that causes temporary weakness or paralysis of the muscles in the face (Bell's palsy).
He was diagnosed with Huntington's disease.,He has a genetic disorder that causes the progressive breakdown of nerve cells in the brain (Huntington's disease).
The patient has been treated for ischemic heart disease.,The patient has a condition caused by narrowed heart arteries (ischemic heart disease).
She underwent a colostomy.,She had surgery to create an opening in the large intestine (colostomy).
The patient has been diagnosed with chronic sinusitis.,The patient has long-term inflammation of the sinuses (chronic sinusitis).
He is suffering from a peptic ulcer.,He has a sore in the lining of his stomach or intestines (peptic ulcer).
The patient has been diagnosed with Lyme disease.,The patient has an illness caused by a tick bite (Lyme disease).
She is being treated for varicose veins.,"She is being treated for swollen, twisted veins that are visible under the skin (varicose veins)."
The patient has been diagnosed with chronic venous insufficiency.,The patient has a condition where the veins have problems sending blood from the legs back to the heart (chronic venous insufficiency).
He is experiencing thrombocytopenia.,He has a low number of platelets in his blood (thrombocytopenia).
The patient has been diagnosed with Hodgkin's lymphoma.,The patient has a type of cancer that affects the lymphatic system (Hodgkin's lymphoma).
She is suffering from rheumatoid arthritis.,She has a type of arthritis where her immune system attacks her joints (rheumatoid arthritis).
The patient has a history of hyperlipidemia.,The patient has a history of high cholesterol levels (hyperlipidemia).
He was found to have a comminuted fracture.,He has a break in the bone where it is shattered into many pieces (comminuted fracture).
She experienced an anaphylactic reaction.,She had a severe allergic reaction (anaphylactic reaction).
The biopsy showed malignant cells.,The tissue sample showed cancer cells (malignant cells).
The patient is experiencing palpitations.,The patient is having rapid or irregular heartbeats (palpitations).
He was found to have a peptic ulcer.,He has a sore in the lining of his stomach or intestines (peptic ulcer).
She underwent a hysterectomy.,She had surgery to remove her uterus (hysterectomy).
The patient has a large hematoma.,The patient has a large collection of blood outside of blood vessels (hematoma).
He is being treated for atrial fibrillation.,He is being treated for an irregular and often rapid heart rate (atrial fibrillation).
The neonate was diagnosed with jaundice.,The newborn baby has yellowing of the skin and eyes (jaundice).
She is suffering from gastroesophageal reflux disease.,She has a condition where stomach acid frequently flows back into the esophagus (gastroesophageal reflux disease).
The MRI revealed a torn meniscus.,The MRI showed a tear in the knee cartilage (meniscus).
He has a severe case of bronchitis.,He has a serious inflammation of the airways in the lungs (bronchitis).
The patient has been diagnosed with diabetes mellitus.,The patient has a condition where their blood sugar levels are too high (diabetes mellitus).
She is being treated for hypothyroidism.,She is being treated for an underactive thyroid (hypothyroidism).
He has a history of epilepsy.,He has a history of having seizures (epilepsy).
The patient has congestive heart failure.,The patient has a condition where the heart doesn't pump blood as well as it should (congestive heart failure).
She has polycystic ovary syndrome.,She has a condition that affects her hormone levels and ovaries (polycystic ovary syndrome).
He experienced a cerebrovascular accident.,He had a stroke (cerebrovascular accident).
The child was diagnosed with attention deficit hyperactivity disorder.,The child has a condition that affects their attention and behavior (attention deficit hyperactivity disorder).
She underwent a mastectomy.,She had surgery to remove her breast (mastectomy).
The patient has developed deep vein thrombosis.,"The patient has a blood clot in a deep vein, usually in the legs (deep vein thrombosis)."
He is suffering from chronic kidney disease.,He has a long-term condition where the kidneys don't work as well as they should (chronic kidney disease).
The patient has been diagnosed with schizophrenia.,"The patient has a mental disorder that affects how they think, feel, and behave (schizophrenia)."
She is experiencing menopausal symptoms.,She is having symptoms related to the end of her menstrual cycles (menopausal symptoms).
The patient has a history of thromboembolism.,The patient has a history of blood clots that travel through the bloodstream (thromboembolism).
He was diagnosed with chronic hepatitis.,He has a long-term liver infection (chronic hepatitis).
She has a severe case of pneumonia.,She has a serious lung infection (pneumonia).
The patient is suffering from angina pectoris.,The patient has chest pain due to reduced blood flow to the heart (angina pectoris).
He was treated for hyperthyroidism.,He was treated for an overactive thyroid (hyperthyroidism).
The patient is being treated for hypertensive crisis.,The patient is being treated for extremely high blood pressure (hypertensive crisis).
She has been diagnosed with osteoarthritis.,She has a type of arthritis that affects the joints (osteoarthritis).
The patient has atrial septal defect.,The patient has a hole in the wall between the two upper chambers of the heart (atrial septal defect).
He underwent angioplasty.,He had a procedure to open up blocked or narrowed blood vessels (angioplasty).
The patient has been diagnosed with lupus erythematosus.,The patient has an autoimmune disease that affects various parts of the body (lupus erythematosus).
She is suffering from bipolar disorder.,She has a mental health condition with extreme mood swings (bipolar disorder).
The patient has experienced a subarachnoid hemorrhage.,The patient had bleeding in the space around the brain (subarachnoid hemorrhage).
He has developed endocarditis.,He has an infection of the inner lining of the heart (endocarditis).
She underwent an appendectomy.,She had surgery to remove her appendix (appendectomy).
The patient has been diagnosed with chronic pancreatitis.,The patient has long-term inflammation of the pancreas (chronic pancreatitis).
He is experiencing urolithiasis.,He has kidney stones (urolithiasis).
The child has been diagnosed with scoliosis.,The child has a condition where the spine curves sideways (scoliosis).
She has a history of eczema.,She has a history of a skin condition that causes itching and redness (eczema).
He has a diagnosis of gout.,He has a type of arthritis that causes severe pain and swelling in the joints (gout).
The patient has been diagnosed with multiple sclerosis.,The patient has a disease that affects the brain and spinal cord (multiple sclerosis).
She has developed diabetic retinopathy.,She has an eye condition caused by diabetes (diabetic retinopathy).
He is suffering from acute renal failure.,He has a sudden loss of kidney function (acute renal failure).
The patient is experiencing a migraine.,The patient has a severe headache (migraine).
She has been diagnosed with irritable bowel syndrome.,She has a condition that affects the large intestine causing stomach pain and changes in bowel habits (irritable bowel syndrome).
The patient has been treated for aortic stenosis.,The patient has a narrowing of the aortic valve in the heart (aortic stenosis).
He is experiencing symptoms of conjunctivitis.,He has an eye infection commonly known as pink eye (conjunctivitis).
The patient has a diagnosis of chronic bronchitis.,The patient has long-term inflammation of the airways in the lungs (chronic bronchitis).
She is suffering from chronic fatigue syndrome.,She has a condition that causes extreme tiredness (chronic fatigue syndrome).
The patient was diagnosed with celiac disease.,The patient has an autoimmune disorder where eating gluten causes damage to the small intestine (celiac disease).
He is being treated for peripheral neuropathy.,He is being treated for nerve damage that affects the feet and hands (peripheral neuropathy).
The child has been diagnosed with asthma.,The child has a condition that makes it hard to breathe (asthma).
She has a diagnosis of irritable bladder syndrome.,She has a condition that causes a frequent need to urinate (irritable bladder syndrome).
He underwent a laminectomy.,He had surgery to remove part of a vertebra in the spine (laminectomy).
The patient has a diagnosis of benign prostatic hyperplasia.,The patient has an enlarged prostate gland (benign prostatic hyperplasia).
She is being treated for diverticulitis.,She is being treated for inflammation of small pouches in the intestine (diverticulitis).
The patient has been diagnosed with ankylosing spondylitis.,The patient has a type of arthritis that affects the spine (ankylosing spondylitis).
He is experiencing hematuria.,He has blood in his urine (hematuria).
The patient has been diagnosed with amyotrophic lateral sclerosis.,The patient has a disease that affects the nerve cells in the brain and spinal cord (amyotrophic lateral sclerosis).
She has a history of endometriosis.,She has a condition where tissue similar to the lining inside the uterus grows outside of it (endometriosis).
The patient has developed Bell's palsy.,The patient has a condition that causes temporary weakness or paralysis of the muscles in the face (Bell's palsy).
He was diagnosed with Huntington's disease.,He has a genetic disorder that causes the progressive breakdown of nerve cells in the brain (Huntington's disease).
The patient has been treated for ischemic heart disease.,The patient has a condition caused by narrowed heart arteries (ischemic heart disease).
She underwent a colostomy.,She had surgery to create an opening in the large intestine (colostomy).
The patient has been diagnosed with chronic sinusitis.,The patient has long-term inflammation of the sinuses (chronic sinusitis).
He is suffering from a peptic ulcer.,He has a sore in the lining of his stomach or intestines (peptic ulcer).
The patient has been diagnosed with Lyme disease.,The patient has an illness caused by a tick bite (Lyme disease).
She is being treated for varicose veins.,"She is being treated for swollen, twisted veins that are visible under the skin (varicose veins)."
The patient has been diagnosed with chronic venous insufficiency.,The patient has a condition where the veins have problems sending blood from the legs back to the heart (chronic venous insufficiency).
He is experiencing thrombocytopenia.,He has a low number of platelets in his blood (thrombocytopenia).
The patient has been diagnosed with Hodgkin's lymphoma.,The patient has a type of cancer that affects the lymphatic system (Hodgkin's lymphoma).
She was prescribed antibiotics to treat her bacterial infection.,She was prescribed antibiotics (medicine to kill bacteria) to treat her bacterial infection.
The patient underwent a laparoscopic cholecystectomy.,The patient underwent a laparoscopic cholecystectomy (minimally invasive surgery to remove the gallbladder).
He has a history of hypertension and hyperlipidemia.,He has a history of hypertension (high blood pressure) and hyperlipidemia (high cholesterol).
The child presented with symptoms of otitis media.,The child presented with symptoms of otitis media (middle ear infection).
The patient was given intravenous fluids for dehydration.,The patient was given intravenous fluids (fluids through an IV) for dehydration.
He was found to have a renal calculi.,He was found to have a renal calculi (kidney stone).
The surgery was complicated by an iatrogenic injury.,The surgery was complicated by an iatrogenic injury (injury caused by the surgery itself).
The biopsy showed a malignant neoplasm.,The biopsy showed a malignant neoplasm (cancerous tumor).
The patient was admitted with acute appendicitis.,The patient was admitted with acute appendicitis (sudden inflammation of the appendix).
She was treated with an antipyretic for her fever.,She was treated with an antipyretic (fever-reducing medicine) for her fever.
He was diagnosed with chronic obstructive pulmonary disease.,He was diagnosed with chronic obstructive pulmonary disease (long-term lung disease that makes it hard to breathe).
The patient required a blood transfusion due to severe anemia.,The patient required a blood transfusion (receiving blood from a donor) due to severe anemia (lack of red blood cells).
The ECG revealed atrial fibrillation.,The ECG revealed atrial fibrillation (irregular heartbeat).
The doctor performed a thoracotomy to access the lungs.,The doctor performed a thoracotomy (surgery to open the chest) to access the lungs.
He was administered a bronchodilator for his asthma.,He was administered a bronchodilator (medicine to open airways) for his asthma.
The patient required dialysis due to renal failure.,The patient required dialysis (machine to clean blood) due to renal failure (kidney failure).
The patient was advised to follow a low sodium diet.,The patient was advised to follow a low sodium diet (diet low in salt).
She was diagnosed with type 2 diabetes mellitus.,She was diagnosed with type 2 diabetes mellitus (a condition where the body doesn't use insulin properly).
The patient was given a sedative prior to the procedure.,The patient was given a sedative (medicine to calm or make sleepy) prior to the procedure.
He has a history of chronic renal insufficiency.,He has a history of chronic renal insufficiency (long-term kidney problems).
The patient was advised to use an inhaler for his bronchitis.,The patient was advised to use an inhaler (device to deliver medicine to the lungs) for his bronchitis (inflammation of the airways).
The doctor noted hepatomegaly on examination.,The doctor noted hepatomegaly (enlarged liver) on examination.
The patient was treated for deep vein thrombosis.,The patient was treated for deep vein thrombosis (blood clot in a deep vein).
He was prescribed a diuretic for his hypertension.,He was prescribed a diuretic (water pill) for his hypertension (high blood pressure).
The patient was diagnosed with idiopathic pulmonary fibrosis.,The patient was diagnosed with idiopathic pulmonary fibrosis (lung disease with unknown cause).
She has a history of rheumatic heart disease.,She has a history of rheumatic heart disease (heart damage from rheumatic fever).
The patient was given a tetanus toxoid injection.,The patient was given a tetanus toxoid injection (vaccine to prevent tetanus).
He was treated for cellulitis with antibiotics.,He was treated for cellulitis (skin infection) with antibiotics.
The patient was diagnosed with chronic venous insufficiency.,The patient was diagnosed with chronic venous insufficiency (poor blood flow in veins).
She experienced an exacerbation of her chronic bronchitis.,She experienced an exacerbation (worsening) of her chronic bronchitis (long-term airway inflammation).
The patient was given an antihypertensive medication.,The patient was given an antihypertensive medication (medicine to lower blood pressure).
He has a history of ischemic heart disease.,He has a history of ischemic heart disease (heart problems due to blocked arteries).
The patient was treated for acute pancreatitis.,The patient was treated for acute pancreatitis (sudden inflammation of the pancreas).
She was diagnosed with systemic lupus erythematosus.,She was diagnosed with systemic lupus erythematosus (an autoimmune disease).
The doctor performed a biopsy to diagnose the lesion.,The doctor performed a biopsy (took a tissue sample) to diagnose the lesion (abnormal tissue).
He was treated with an antiemetic for his nausea.,He was treated with an antiemetic (medicine to prevent vomiting) for his nausea.
The patient was admitted with congestive heart failure.,The patient was admitted with congestive heart failure (heart is not pumping well).
She was prescribed a bronchodilator for her COPD.,She was prescribed a bronchodilator (medicine to open airways) for her COPD (chronic lung disease).
The patient was treated for pyelonephritis.,The patient was treated for pyelonephritis (kidney infection).
He has a history of atrial fibrillation.,He has a history of atrial fibrillation (irregular heartbeat).
The patient was diagnosed with diabetic neuropathy.,The patient was diagnosed with diabetic neuropathy (nerve damage due to diabetes).
She was given an antitussive for her cough.,She was given an antitussive (cough medicine) for her cough.
The patient presented with signs of meningitis.,The patient presented with signs of meningitis (infection of the membranes around the brain and spinal cord).
He was treated for acute gastritis.,He was treated for acute gastritis (sudden inflammation of the stomach lining).
The doctor noted hepatosplenomegaly on examination.,The doctor noted hepatosplenomegaly (enlarged liver and spleen) on examination.
The patient was diagnosed with osteoarthritis.,The patient was diagnosed with osteoarthritis (joint wear and tear).
She was treated for a urinary tract infection.,She was treated for a urinary tract infection (bladder infection).
The patient was advised to take antacids for his dyspepsia.,The patient was advised to take antacids (medicine to neutralize stomach acid) for his dyspepsia (indigestion).
He was diagnosed with obstructive sleep apnea.,He was diagnosed with obstructive sleep apnea (breathing stops during sleep).
The patient was treated for acute sinusitis.,The patient was treated for acute sinusitis (sudden inflammation of the sinuses).
She was diagnosed with iron deficiency anemia.,She was diagnosed with iron deficiency anemia (low iron levels in the blood).
The doctor performed a colonoscopy to check for polyps.,The doctor performed a colonoscopy (exam of the colon) to check for polyps (growths in the colon).
He has a history of peptic ulcer disease.,He has a history of peptic ulcer disease (sores in the stomach lining).
The patient was treated for chronic kidney disease.,The patient was treated for chronic kidney disease (long-term kidney problems).
She was prescribed a proton pump inhibitor for her GERD.,She was prescribed a proton pump inhibitor (medicine to reduce stomach acid) for her GERD (acid reflux).
The patient was diagnosed with hepatitis C.,The patient was diagnosed with hepatitis C (a viral liver infection).
He was treated with a corticosteroid for his asthma.,He was treated with a corticosteroid (medicine to reduce inflammation) for his asthma.
The patient was diagnosed with bacterial pneumonia.,The patient was diagnosed with bacterial pneumonia (lung infection caused by bacteria).
She was advised to use an insulin pump for her diabetes.,She was advised to use an insulin pump (device to deliver insulin) for her diabetes.
The patient was treated for deep vein thrombophlebitis.,The patient was treated for deep vein thrombophlebitis (inflammation and clot in a deep vein).
He was diagnosed with hyperthyroidism.,He was diagnosed with hyperthyroidism (overactive thyroid).
The patient was given a sedative prior to the endoscopy.,The patient was given a sedative (medicine to calm or make sleepy) prior to the endoscopy (exam of the digestive tract).
She was treated for her migraine with triptans.,She was treated for her migraine (severe headache) with triptans (migraine medicine).
The patient was diagnosed with rheumatoid arthritis.,The patient was diagnosed with rheumatoid arthritis (autoimmune joint disease).
He was advised to use a continuous positive airway pressure device for his sleep apnea.,He was advised to use a continuous positive airway pressure device (CPAP machine) for his sleep apnea (breathing stops during sleep).
The patient was treated for acute bronchitis.,The patient was treated for acute bronchitis (sudden inflammation of the airways).
She was diagnosed with systemic sclerosis.,She was diagnosed with systemic sclerosis (an autoimmune disease that hardens the skin and organs).
He was treated for his angina with nitrates.,He was treated for his angina (chest pain) with nitrates (medicine to open blood vessels).
The patient was diagnosed with basal cell carcinoma.,The patient was diagnosed with basal cell carcinoma (a type of skin cancer).
She was treated for her allergic rhinitis with antihistamines.,She was treated for her allergic rhinitis (allergies) with antihistamines (allergy medicine).
The patient was diagnosed with congestive hepatomegaly.,The patient was diagnosed with congestive hepatomegaly (enlarged liver due to heart failure).
He was treated for his eczema with topical steroids.,He was treated for his eczema (skin rash) with topical steroids (cream to reduce inflammation).
The patient was advised to take an iron supplement for her anemia.,The patient was advised to take an iron supplement (iron pills) for her anemia (low iron levels).
She was diagnosed with multiple sclerosis.,She was diagnosed with multiple sclerosis (a disease that affects the nervous system).
The patient was treated for his cellulitis with intravenous antibiotics.,The patient was treated for his cellulitis (skin infection) with intravenous antibiotics (antibiotics through an IV).
He was advised to use a glucagon injection for his hypoglycemia.,He was advised to use a glucagon injection (medicine to raise blood sugar) for his hypoglycemia (low blood sugar).
The patient was diagnosed with polymyalgia rheumatica.,The patient was diagnosed with polymyalgia rheumatica (a condition causing muscle pain and stiffness).
The patient was diagnosed with non-alcoholic fatty liver disease.,The patient was diagnosed with non-alcoholic fatty liver disease (fat buildup in the liver not caused by alcohol).
He was treated for his gastroenteritis with rehydration therapy.,He was treated for his gastroenteritis (stomach flu) with rehydration therapy (drinking fluids).
The patient was diagnosed with peripheral arterial disease.,The patient was diagnosed with peripheral arterial disease (narrowing of the arteries in the legs).
She was advised to use a spacer with her inhaler for asthma.,She was advised to use a spacer (device to help use an inhaler) with her inhaler for asthma.
The patient was diagnosed with Barrett's esophagus.,The patient was diagnosed with Barrett's esophagus (changes in the cells lining the esophagus).
He was treated for his seborrheic dermatitis with medicated shampoo.,He was treated for his seborrheic dermatitis (scaly patches on the skin) with medicated shampoo.
The patient was diagnosed with vitiligo.,The patient was diagnosed with vitiligo (loss of skin color in patches).
She was treated for her deep vein thrombosis with anticoagulants.,She was treated for her deep vein thrombosis (blood clot in a deep vein) with anticoagulants (blood thinners).
The patient was diagnosed with celiac disease.,The patient was diagnosed with celiac disease (an immune reaction to eating gluten).
He was treated for his psoriasis with topical treatments.,"He was treated for his psoriasis (skin condition causing red, scaly patches) with topical treatments (creams or ointments)."
The patient was diagnosed with Bell's palsy.,The patient was diagnosed with Bell's palsy (sudden weakness in the muscles on one side of the face).
She was treated for her hypothyroidism with levothyroxine.,She was treated for her hypothyroidism (underactive thyroid) with levothyroxine (thyroid hormone replacement).
The patient was diagnosed with endometriosis.,The patient was diagnosed with endometriosis (tissue that normally lines the uterus grows outside it).
He was treated for his gout with allopurinol.,He was treated for his gout (a type of arthritis) with allopurinol (medicine to lower uric acid).
The patient was diagnosed with hyperparathyroidism.,The patient was diagnosed with hyperparathyroidism (overactive parathyroid glands).
She was treated for her systemic lupus erythematosus with immunosuppressants.,She was treated for her systemic lupus erythematosus (an autoimmune disease) with immunosuppressants (medicine to reduce immune system activity).
The patient was diagnosed with diverticulitis.,The patient was diagnosed with diverticulitis (inflammation of pouches in the colon).
The patient was diagnosed with essential tremor.,The patient was diagnosed with essential tremor (uncontrollable shaking).
She was treated for her osteomyelitis with intravenous antibiotics.,She was treated for her osteomyelitis (bone infection) with intravenous antibiotics (antibiotics through an IV).
The patient was diagnosed with hidradenitis suppurativa.,The patient was diagnosed with hidradenitis suppurativa (painful lumps under the skin).
He was treated for his chronic rhinosinusitis with nasal corticosteroids.,He was treated for his chronic rhinosinusitis (long-term inflammation of the sinuses) with nasal corticosteroids (spray to reduce inflammation).
The patient was diagnosed with acute coronary syndrome.,"The patient was diagnosed with acute coronary syndrome (a range of conditions associated with sudden, reduced blood flow to the heart)."
She was treated for her irritable bowel syndrome with antispasmodics.,She was treated for her irritable bowel syndrome (a digestive disorder) with antispasmodics (medicine to reduce stomach cramps).
The patient was diagnosed with osteopenia.,The patient was diagnosed with osteopenia (lower than normal bone density).
He was treated for his benign prostatic hyperplasia with alpha-blockers.,He was treated for his benign prostatic hyperplasia (enlarged prostate) with alpha-blockers (medicine to relax the muscles in the prostate and bladder).
The patient was diagnosed with retinal detachment.,The patient was diagnosed with retinal detachment (the retina pulls away from the back of the eye).
She was treated for her hyperlipidemia with statins.,She was treated for her hyperlipidemia (high cholesterol) with statins (medicine to lower cholesterol).
The patient was diagnosed with glaucoma.,The patient was diagnosed with glaucoma (a condition that damages the eye's optic nerve).
He was treated for his chronic pancreatitis with enzyme supplements.,He was treated for his chronic pancreatitis (long-term inflammation of the pancreas) with enzyme supplements (medicine to help digest food).
The patient was diagnosed with cardiomyopathy.,The patient was diagnosed with cardiomyopathy (disease of the heart muscle).
She was treated for her Hashimoto's thyroiditis with thyroid hormone replacement.,She was treated for her Hashimoto's thyroiditis (an autoimmune disease affecting the thyroid) with thyroid hormone replacement.
The patient was diagnosed with thrombocytopenia.,The patient was diagnosed with thrombocytopenia (low platelet count).
He was treated for his narcolepsy with stimulant medications.,He was treated for his narcolepsy (sleep disorder causing excessive sleepiness) with stimulant medications (medicine to keep him awake).
The patient was diagnosed with bronchiectasis.,"The patient was diagnosed with bronchiectasis (a condition in which the lungs' airways become damaged, making it hard to clear mucus)."
She was treated for her trigeminal neuralgia with anticonvulsants.,She was treated for her trigeminal neuralgia (a nerve condition causing facial pain) with anticonvulsants (medicine to reduce nerve pain).
The patient was diagnosed with vestibular neuritis.,The patient was diagnosed with vestibular neuritis (inflammation of the nerve in the inner ear).
He was treated for his hyperkalemia with calcium gluconate.,He was treated for his hyperkalemia (high potassium levels) with calcium gluconate (medicine to protect the heart).
The patient was diagnosed with polymyositis.,The patient was diagnosed with polymyositis (a disease causing muscle inflammation and weakness).
She was treated for her chronic hepatitis B with antiviral medications.,She was treated for her chronic hepatitis B (long-term liver infection) with antiviral medications (medicine to fight the virus).
The patient was diagnosed with sarcoidosis.,The patient was diagnosed with sarcoidosis (a disease causing inflammation and tiny lumps of cells in different organs).
He was treated for his hereditary angioedema with C1 inhibitor concentrate.,He was treated for his hereditary angioedema (a condition causing sudden swelling) with C1 inhibitor concentrate (medicine to prevent swelling).
The patient was diagnosed with acute lymphoblastic leukemia.,The patient was diagnosed with acute lymphoblastic leukemia (a type of cancer of the blood and bone marrow).
She was treated for her pheochromocytoma with alpha-blockers.,She was treated for her pheochromocytoma (a tumor of the adrenal gland) with alpha-blockers (medicine to lower blood pressure).
The patient was diagnosed with myasthenia gravis.,The patient was diagnosed with myasthenia gravis (a disease causing muscle weakness).
He was treated for his hemophilia with factor VIII concentrate.,He was treated for his hemophilia (a bleeding disorder) with factor VIII concentrate (medicine to help blood clot).
The patient was diagnosed with idiopathic thrombocytopenic purpura.,The patient was diagnosed with idiopathic thrombocytopenic purpura (a condition causing low platelet count and easy bruising).
She was treated for her ulcerative colitis with mesalamine.,She was treated for her ulcerative colitis (a type of inflammatory bowel disease) with mesalamine (medicine to reduce inflammation).
The patient was diagnosed with autosomal dominant polycystic kidney disease.,The patient was diagnosed with autosomal dominant polycystic kidney disease (a genetic disorder causing cysts in the kidneys).
He was treated for his Addison's disease with corticosteroids.,He was treated for his Addison's disease (a disorder causing low hormone levels) with corticosteroids (medicine to replace hormones).
The patient was diagnosed with Sjogren's syndrome.,The patient was diagnosed with Sjogren's syndrome (an autoimmune disease causing dry eyes and mouth).
She was treated for her chronic venous insufficiency with compression stockings.,She was treated for her chronic venous insufficiency (poor blood flow in veins) with compression stockings (tight socks to improve blood flow).
The patient was diagnosed with scleroderma.,The patient was diagnosed with scleroderma (an autoimmune disease causing hardening of the skin).
He was treated for his pulmonary embolism with anticoagulants.,He was treated for his pulmonary embolism (blood clot in the lungs) with anticoagulants (blood thinners).
The patient was diagnosed with hypertrophic cardiomyopathy.,The patient was diagnosed with hypertrophic cardiomyopathy (a disease causing thickening of the heart muscle).
She was treated for her mitral valve prolapse with beta-blockers.,She was treated for her mitral valve prolapse (a condition where the heart valve doesn't close properly) with beta-blockers (medicine to help the heart).
He was treated for his amyotrophic lateral sclerosis with riluzole.,He was treated for his amyotrophic lateral sclerosis (ALS or Lou Gehrig's disease) with riluzole (medicine to slow the disease).
The patient was diagnosed with eosinophilic esophagitis.,The patient was diagnosed with eosinophilic esophagitis (inflammation of the esophagus caused by an allergy).
She was treated for her hereditary spherocytosis with a splenectomy.,She was treated for her hereditary spherocytosis (a genetic disorder causing anemia) with a splenectomy (surgery to remove the spleen).
The patient was diagnosed with neurofibromatosis type 1.,The patient was diagnosed with neurofibromatosis type 1 (a genetic disorder causing tumors to form on nerve tissue).
He was treated for his Marfan syndrome with beta-blockers.,He was treated for his Marfan syndrome (a genetic disorder affecting the body's connective tissue) with beta-blockers (medicine to help the heart).
The patient was diagnosed with hemolytic uremic syndrome.,The patient was diagnosed with hemolytic uremic syndrome (a condition causing kidney failure and low red blood cells).
She was treated for her myelodysplastic syndrome with blood transfusions.,She was treated for her myelodysplastic syndrome (a condition affecting the bone marrow) with blood transfusions (receiving blood from a donor).
The patient was diagnosed with hereditary hemochromatosis.,The patient was diagnosed with hereditary hemochromatosis (a genetic disorder causing the body to absorb too much iron).
He was treated for his chronic lymphocytic leukemia with chemotherapy.,He was treated for his chronic lymphocytic leukemia (a type of blood cancer) with chemotherapy (medicine to kill cancer cells).
The patient was diagnosed with alpha-1 antitrypsin deficiency.,The patient was diagnosed with alpha-1 antitrypsin deficiency (a genetic disorder affecting the lungs and liver).
She was treated for her Wilson's disease with chelation therapy.,She was treated for her Wilson's disease (a genetic disorder causing copper buildup in the body) with chelation therapy (medicine to remove copper).
The patient was diagnosed with Gaucher's disease.,The patient was diagnosed with Gaucher's disease (a genetic disorder causing fat buildup in organs).
He was treated for his Fabry disease with enzyme replacement therapy.,He was treated for his Fabry disease (a genetic disorder causing fat buildup in cells) with enzyme replacement therapy (medicine to replace missing enzymes).
The patient was diagnosed with Huntington's disease.,The patient was diagnosed with Huntington's disease (a genetic disorder affecting the brain).
She was treated for her phenylketonuria with a special diet.,She was treated for her phenylketonuria (a genetic disorder affecting how the body processes protein) with a special diet (low-protein diet).
The patient was diagnosed with Alport syndrome.,The patient was diagnosed with Alport syndrome (a genetic disorder affecting the kidneys and hearing).
He was treated for his amyloidosis with chemotherapy.,He was treated for his amyloidosis (a condition causing protein buildup in organs) with chemotherapy (medicine to kill abnormal cells).
The patient was diagnosed with Creutzfeldt-Jakob disease.,The patient was diagnosed with Creutzfeldt-Jakob disease (a rare brain disorder causing rapid mental deterioration).
She was treated for her Rett syndrome with physical therapy.,She was treated for her Rett syndrome (a genetic disorder affecting brain development) with physical therapy (exercises to improve movement).
The patient was diagnosed with Wiskott-Aldrich syndrome.,The patient was diagnosed with Wiskott-Aldrich syndrome (a genetic disorder affecting the immune system).
He was treated for his Klinefelter syndrome with testosterone replacement therapy.,He was treated for his Klinefelter syndrome (a genetic disorder affecting males) with testosterone replacement therapy (medicine to replace testosterone).
The patient was diagnosed with Prader-Willi syndrome.,The patient was diagnosed with Prader-Willi syndrome (a genetic disorder causing obesity and intellectual disability).
She was treated for her Turner syndrome with growth hormone therapy.,She was treated for her Turner syndrome (a genetic disorder affecting females) with growth hormone therapy (medicine to help grow taller).
The patient was diagnosed with fragile X syndrome.,The patient was diagnosed with fragile X syndrome (a genetic disorder causing intellectual disability).
He was treated for his Tay-Sachs disease with supportive care.,He was treated for his Tay-Sachs disease (a genetic disorder affecting the brain) with supportive care (help to manage symptoms).
The patient was diagnosed with Lesch-Nyhan syndrome.,The patient was diagnosed with Lesch-Nyhan syndrome (a genetic disorder causing neurological and behavioral problems).
She was treated for her Angelman syndrome with anticonvulsants.,She was treated for her Angelman syndrome (a genetic disorder causing developmental delays and seizures) with anticonvulsants (medicine to prevent seizures).
The patient was diagnosed with Becker muscular dystrophy.,The patient was diagnosed with Becker muscular dystrophy (a genetic disorder causing muscle weakness).
He was treated for his Duchenne muscular dystrophy with corticosteroids.,He was treated for his Duchenne muscular dystrophy (a genetic disorder causing severe muscle weakness) with corticosteroids (medicine to reduce inflammation and slow muscle damage).
The patient was diagnosed with neuroblastoma.,The patient was diagnosed with neuroblastoma (a type of cancer that starts in young nerve cells).
She was treated for her retinoblastoma with chemotherapy.,She was treated for her retinoblastoma (a type of eye cancer) with chemotherapy (medicine to kill cancer cells).
The patient was diagnosed with Wilms' tumor.,The patient was diagnosed with Wilms' tumor (a type of kidney cancer in children).
He was treated for his rhabdomyosarcoma with radiation therapy.,He was treated for his rhabdomyosarcoma (a type of cancer in muscle tissue) with radiation therapy (high-energy rays to kill cancer cells).
The patient was diagnosed with osteosarcoma.,The patient was diagnosed with osteosarcoma (a type of bone cancer).
She was treated for her Ewing sarcoma with surgery.,She was treated for her Ewing sarcoma (a type of bone cancer) with surgery (operation to remove the tumor).
The patient was diagnosed with Hodgkin lymphoma.,The patient was diagnosed with Hodgkin lymphoma (a type of cancer in the lymphatic system).
He was treated for his non-Hodgkin lymphoma with immunotherapy.,He was treated for his non-Hodgkin lymphoma (a type of cancer in the lymphatic system) with immunotherapy (medicine to boost the immune system to fight cancer).
The patient was diagnosed with acute myeloid leukemia.,The patient was diagnosed with acute myeloid leukemia (a type of blood cancer).
She was treated for her chronic myeloid leukemia with targeted therapy.,She was treated for her chronic myeloid leukemia (a type of blood cancer) with targeted therapy (medicine that targets specific cancer cells).
The patient was diagnosed with multiple myeloma.,The patient was diagnosed with multiple myeloma (a type of blood cancer affecting plasma cells).
He was treated for his Waldenstrom macroglobulinemia with plasmapheresis.,He was treated for his Waldenstrom macroglobulinemia (a type of blood cancer) with plasmapheresis (a procedure to remove certain proteins from the blood).
The patient was diagnosed with Castleman disease.,The patient was diagnosed with Castleman disease (a rare disorder involving an overgrowth of cells in the body's lymph nodes).
She was treated for her chronic eosinophilic leukemia with hydroxyurea.,She was treated for her chronic eosinophilic leukemia (a type of blood cancer) with hydroxyurea (medicine to reduce abnormal blood cells).
The patient was diagnosed with mantle cell lymphoma.,The patient was diagnosed with mantle cell lymphoma (a type of non-Hodgkin lymphoma).
He was treated for his Burkitt lymphoma with intensive chemotherapy.,He was treated for his Burkitt lymphoma (a type of non-Hodgkin lymphoma) with intensive chemotherapy (strong medicine to kill cancer cells).
The patient was diagnosed with anaplastic large cell lymphoma.,The patient was diagnosed with anaplastic large cell lymphoma (a type of non-Hodgkin lymphoma).
She was treated for her marginal zone lymphoma with rituximab.,She was treated for her marginal zone lymphoma (a type of non-Hodgkin lymphoma) with rituximab (a medicine that targets cancer cells).
The patient was diagnosed with follicular lymphoma.,The patient was diagnosed with follicular lymphoma (a type of non-Hodgkin lymphoma).
He was treated for his diffuse large B-cell lymphoma with combination chemotherapy.,He was treated for his diffuse large B-cell lymphoma (a type of non-Hodgkin lymphoma) with combination chemotherapy (multiple medicines to kill cancer cells).
The patient was diagnosed with cutaneous T-cell lymphoma.,The patient was diagnosed with cutaneous T-cell lymphoma (a type of non-Hodgkin lymphoma that affects the skin).
She was treated for her mycosis fungoides with topical steroids.,She was treated for her mycosis fungoides (a type of skin lymphoma) with topical steroids (cream to reduce inflammation).
The patient was diagnosed with Sezary syndrome.,The patient was diagnosed with Sezary syndrome (a type of skin lymphoma).
He was treated for his Kaposi sarcoma with antiretroviral therapy.,He was treated for his Kaposi sarcoma (a type of cancer linked to HIV) with antiretroviral therapy (medicine to control HIV).
The patient was diagnosed with Merkel cell carcinoma.,The patient was diagnosed with Merkel cell carcinoma (a rare type of skin cancer).
She was treated for her malignant mesothelioma with surgery.,She was treated for her malignant mesothelioma (a type of cancer affecting the lining of the lungs) with surgery (operation to remove the tumor).
The patient was diagnosed with small cell lung cancer.,The patient was diagnosed with small cell lung cancer (a type of lung cancer).
He was treated for his non-small cell lung cancer with targeted therapy.,He was treated for his non-small cell lung cancer (a type of lung cancer) with targeted therapy (medicine that targets specific cancer cells).
The patient was diagnosed with adenocarcinoma of the lung.,The patient was diagnosed with adenocarcinoma of the lung (a type of lung cancer).
She was treated for her squamous cell carcinoma of the lung with radiation therapy.,She was treated for her squamous cell carcinoma of the lung (a type of lung cancer) with radiation therapy (high-energy rays to kill cancer cells).
The patient was diagnosed with large cell carcinoma of the lung.,The patient was diagnosed with large cell carcinoma of the lung (a type of lung cancer).
He was treated for his pleural effusion with thoracentesis.,He was treated for his pleural effusion (fluid buildup around the lungs) with thoracentesis (a procedure to remove the fluid).
The patient was diagnosed with pulmonary fibrosis.,The patient was diagnosed with pulmonary fibrosis (scarring of the lung tissue).
She was treated for her interstitial lung disease with corticosteroids.,She was treated for her interstitial lung disease (a group of lung disorders) with corticosteroids (medicine to reduce inflammation).
The patient was diagnosed with cystic fibrosis.,The patient was diagnosed with cystic fibrosis (a genetic disorder affecting the lungs and digestive system).
He was treated for his bronchopulmonary dysplasia with oxygen therapy.,He was treated for his bronchopulmonary dysplasia (a lung condition in premature infants) with oxygen therapy (supplemental oxygen to help breathing).
The patient was diagnosed with acute respiratory distress syndrome.,The patient was diagnosed with acute respiratory distress syndrome (a severe lung condition).
She was treated for her acute bronchospasm with bronchodilators.,She was treated for her acute bronchospasm (sudden narrowing of the airways) with bronchodilators (medicine to open airways).
The patient was diagnosed with hypersensitivity pneumonitis.,The patient was diagnosed with hypersensitivity pneumonitis (lung inflammation due to an allergic reaction).
He was treated for his idiopathic pulmonary arterial hypertension with vasodilators.,He was treated for his idiopathic pulmonary arterial hypertension (high blood pressure in the lungs) with vasodilators (medicine to open blood vessels).
The patient was diagnosed with bronchial asthma.,The patient was diagnosed with bronchial asthma (a lung condition causing difficulty breathing).
She was treated for her exercise-induced bronchoconstriction with inhalers.,She was treated for her exercise-induced bronchoconstriction (narrowing of the airways during exercise) with inhalers (device to deliver medicine to the lungs).
The patient was diagnosed with vocal cord dysfunction.,The patient was diagnosed with vocal cord dysfunction (a condition where the vocal cords do not open correctly).
He was treated for his pertussis with antibiotics.,He was treated for his pertussis (whooping cough) with antibiotics (medicine to kill bacteria).
The patient was diagnosed with pulmonary embolism.,The patient was diagnosed with pulmonary embolism (a blood clot in the lungs).
She was treated for her chronic thromboembolic pulmonary hypertension with anticoagulants.,She was treated for her chronic thromboembolic pulmonary hypertension (high blood pressure in the lungs due to blood clots) with anticoagulants (blood thinners).
The patient was diagnosed with bronchogenic carcinoma.,The patient was diagnosed with bronchogenic carcinoma (a type of lung cancer).
He was treated for his histoplasmosis with antifungal medication.,He was treated for his histoplasmosis (a fungal infection) with antifungal medication (medicine to kill fungi).
The patient was diagnosed with pneumocystis pneumonia.,The patient was diagnosed with pneumocystis pneumonia (a type of lung infection).
She was treated for her tuberculosis with a combination of antibiotics.,She was treated for her tuberculosis (a bacterial infection of the lungs) with a combination of antibiotics (multiple medicines to kill bacteria).
The patient was diagnosed with melioidosis.,The patient was diagnosed with melioidosis (a bacterial infection affecting the lungs and other organs).
He was treated for his legionellosis with antibiotics.,"He was treated for his legionellosis (Legionnaires' disease, a type of pneumonia) with antibiotics (medicine to kill bacteria)."
The patient was diagnosed with aspergillosis.,The patient was diagnosed with aspergillosis (a fungal infection).
She was treated for her coccidioidomycosis with antifungal medication.,"She was treated for her coccidioidomycosis (Valley fever, a fungal infection) with antifungal medication (medicine to kill fungi)."
The patient was diagnosed with Blastomycosis.,The patient was diagnosed with Blastomycosis (a fungal infection).
He was treated for his Cryptococcosis with antifungal medication.,He was treated for his Cryptococcosis (a fungal infection) with antifungal medication (medicine to kill fungi).
The patient was diagnosed with Pulmonary alveolar proteinosis.,The patient was diagnosed with Pulmonary alveolar proteinosis (a condition where protein builds up in the lungs).
She was treated for her Alpha-1 antitrypsin deficiency with augmentation therapy.,She was treated for her Alpha-1 antitrypsin deficiency (a genetic disorder affecting the lungs) with augmentation therapy (medicine to replace the missing protein).
The patient was diagnosed with Acute interstitial pneumonia.,"The patient was diagnosed with Acute interstitial pneumonia (a sudden, severe lung condition)."
He was treated for his Chronic beryllium disease with corticosteroids.,He was treated for his Chronic beryllium disease (a lung disease caused by beryllium exposure) with corticosteroids (medicine to reduce inflammation).
The patient was diagnosed with Lymphangioleiomyomatosis.,The patient was diagnosed with Lymphangioleiomyomatosis (a rare lung disease).
She was treated for her Pulmonary Langerhans cell histiocytosis with corticosteroids.,She was treated for her Pulmonary Langerhans cell histiocytosis (a rare lung disease) with corticosteroids (medicine to reduce inflammation).
The patient was diagnosed with Pulmonary capillaritis.,The patient was diagnosed with Pulmonary capillaritis (inflammation of the small blood vessels in the lungs).
He was treated for his Granulomatosis with polyangiitis with immunosuppressants.,He was treated for his Granulomatosis with polyangiitis (a rare disease causing inflammation of blood vessels) with immunosuppressants (medicine to reduce immune system activity).
The patient was diagnosed with Churg-Strauss syndrome.,The patient was diagnosed with Churg-Strauss syndrome (a rare disease causing inflammation of blood vessels).
She was treated for her Goodpasture syndrome with plasmapheresis.,She was treated for her Goodpasture syndrome (a rare disease causing lung and kidney problems) with plasmapheresis (a procedure to remove harmful antibodies from the blood).
The patient was diagnosed with Bronchiolitis obliterans.,The patient was diagnosed with Bronchiolitis obliterans (a lung disease causing inflammation and blockage of the airways).
He was treated for his Diffuse panbronchiolitis with macrolide antibiotics.,He was treated for his Diffuse panbronchiolitis (a lung disease causing inflammation of the small airways) with macrolide antibiotics (a type of antibiotic).
The patient was diagnosed with Pulmonary alveolar microlithiasis.,The patient was diagnosed with Pulmonary alveolar microlithiasis (a rare lung disease causing calcium deposits in the air sacs).
She was treated for her Bronchiectasis with chest physiotherapy.,She was treated for her Bronchiectasis (a lung condition causing damaged airways) with chest physiotherapy (exercises to help clear mucus from the lungs).
The patient underwent a cholecystectomy due to cholelithiasis.,The patient had their gallbladder removed (cholecystectomy) due to gallstones (cholelithiasis).
He was diagnosed with myocardial infarction and received thrombolytic therapy.,He was diagnosed with a heart attack (myocardial infarction) and received clot-dissolving treatment (thrombolytic therapy).
The infant was born with a congenital diaphragmatic hernia.,The baby was born with a birth defect where the diaphragm has a hole (congenital diaphragmatic hernia).
She presented with dyspnea and cyanosis.,She had difficulty breathing (dyspnea) and her skin looked blue (cyanosis).
The patient exhibited signs of aphasia after the cerebrovascular accident.,The patient had trouble speaking or understanding speech (aphasia) after a stroke (cerebrovascular accident).
He has a history of deep vein thrombosis and is on anticoagulant therapy.,He has a history of blood clots in his veins (deep vein thrombosis) and takes blood thinners (anticoagulant therapy).
The biopsy revealed adenocarcinoma of the colon.,The tissue sample showed colon cancer (adenocarcinoma).
She was prescribed an SSRI for her major depressive disorder.,She was given an antidepressant (SSRI) for her severe depression (major depressive disorder).
"The patient suffers from osteoarthritis, primarily affecting the knees.",The patient has joint disease (osteoarthritis) that mainly affects the knees.
He is experiencing intermittent claudication due to peripheral artery disease.,He has leg pain when walking (intermittent claudication) because of poor blood flow to the legs (peripheral artery disease).
The infant was diagnosed with hypertrophic pyloric stenosis.,The baby has a condition where the stomach opening to the intestines is too narrow (hypertrophic pyloric stenosis).
She was treated for a urinary tract infection with ciprofloxacin.,She was treated for a bladder infection (urinary tract infection) with an antibiotic (ciprofloxacin).
He has been diagnosed with chronic obstructive pulmonary disease.,He has been diagnosed with a long-term lung disease (chronic obstructive pulmonary disease).
The patient underwent a coronary artery bypass graft.,The patient had heart surgery to improve blood flow to the heart (coronary artery bypass graft).
The echocardiogram showed left ventricular hypertrophy.,The heart ultrasound showed thickening of the heart's left chamber (left ventricular hypertrophy).
She has a positive family history of breast carcinoma.,Breast cancer (breast carcinoma) runs in her family.
He presented with hematuria and was referred for cystoscopy.,He had blood in his urine (hematuria) and was sent for a bladder examination (cystoscopy).
The patient has been experiencing gastroesophageal reflux disease symptoms.,The patient has been having heartburn and acid reflux (gastroesophageal reflux disease).
She was prescribed a beta-blocker for her hypertension.,She was given a medication (beta-blocker) to lower her high blood pressure (hypertension).
The patient underwent a laminectomy to relieve spinal stenosis.,The patient had back surgery (laminectomy) to relieve pressure on the spinal cord (spinal stenosis).
He was treated for cellulitis with intravenous antibiotics.,He was treated for a skin infection (cellulitis) with antibiotics given through a vein (intravenous antibiotics).
The patient has a history of polycystic ovary syndrome.,The patient has a condition that affects the ovaries (polycystic ovary syndrome).
She was diagnosed with endometriosis after a laparoscopy.,She was diagnosed with a condition where tissue similar to the lining inside the uterus grows outside it (endometriosis) after a small surgery (laparoscopy).
The patient was found to have aortic stenosis on echocardiography.,The patient was found to have a narrowing of the heart's main artery (aortic stenosis) on an ultrasound of the heart (echocardiography).
He has a history of gastroenteritis and is currently asymptomatic.,He has had stomach flu (gastroenteritis) in the past but currently has no symptoms (asymptomatic).
The child was given an epinephrine injection for anaphylaxis.,The child was given a shot of adrenaline (epinephrine) for a severe allergic reaction (anaphylaxis).
The patient has a peptic ulcer and was prescribed a proton pump inhibitor.,The patient has a sore in the stomach lining (peptic ulcer) and was given a medication to reduce stomach acid (proton pump inhibitor).
She underwent a hysterectomy due to uterine fibroids.,She had her uterus removed (hysterectomy) because of non-cancerous growths (uterine fibroids).
The patient suffers from chronic fatigue syndrome.,The patient suffers from a long-term condition that causes extreme tiredness (chronic fatigue syndrome).
He was diagnosed with type 2 diabetes mellitus.,He was diagnosed with a condition where the body doesn't use insulin properly (type 2 diabetes).
The patient experienced a transient ischemic attack.,The patient had a mini-stroke (transient ischemic attack).
She was treated for acute pyelonephritis with antibiotics.,She was treated for a kidney infection (acute pyelonephritis) with antibiotics.
The patient has a history of rheumatoid arthritis.,The patient has a long-term condition that causes joint inflammation (rheumatoid arthritis).
He underwent a bronchoscopy to investigate persistent cough.,He had a test where a tube with a camera was inserted into his airways (bronchoscopy) to check for the cause of his long-lasting cough.
The patient has hyperthyroidism and is on antithyroid medication.,The patient has an overactive thyroid (hyperthyroidism) and is taking medication to reduce thyroid hormone levels (antithyroid medication).
She presented with jaundice and was diagnosed with hepatitis.,She had yellowing of the skin (jaundice) and was diagnosed with liver inflammation (hepatitis).
He is being treated for chronic kidney disease.,He is being treated for long-term kidney damage (chronic kidney disease).
The patient has a history of epilepsy and is on anticonvulsant therapy.,The patient has a history of seizures (epilepsy) and is taking medication to prevent them (anticonvulsant therapy).
She was diagnosed with acute bronchitis and prescribed an inhaler.,She was diagnosed with a short-term inflammation of the airways (acute bronchitis) and given an inhaler to help her breathe.
The patient has a history of aortic aneurysm.,The patient has had a bulge in the wall of the main artery from the heart (aortic aneurysm).
He was treated for chronic sinusitis with nasal corticosteroids.,He was treated for long-term sinus infection (chronic sinusitis) with nose spray that reduces inflammation (nasal corticosteroids).
The patient has been diagnosed with obsessive-compulsive disorder.,The patient has been diagnosed with a condition where they have unwanted repetitive thoughts and behaviors (obsessive-compulsive disorder).
She was treated for bacterial vaginosis with metronidazole.,She was treated for a vaginal infection (bacterial vaginosis) with an antibiotic (metronidazole).
The patient underwent an appendectomy for acute appendicitis.,The patient had surgery to remove their appendix (appendectomy) because it was inflamed (acute appendicitis).
He was diagnosed with Bell's palsy after experiencing facial paralysis.,He was diagnosed with a condition that causes temporary weakness or paralysis of the facial muscles (Bell's palsy).
The patient has a history of diverticulitis and is on a high-fiber diet.,The patient has had inflammation of small pouches in the colon (diverticulitis) and is eating a diet high in fiber.
She was diagnosed with systemic lupus erythematosus.,She was diagnosed with an autoimmune disease that can affect many parts of the body (systemic lupus erythematosus).
He presented with hemoptysis and was referred for a chest X-ray.,He was coughing up blood (hemoptysis) and was sent for a chest X-ray.
The patient has been diagnosed with multiple sclerosis.,The patient has been diagnosed with a disease where the immune system attacks the protective covering of the nerves (multiple sclerosis).
She was treated for hypothyroidism with levothyroxine.,She was treated for an underactive thyroid (hypothyroidism) with a medication to replace thyroid hormone (levothyroxine).
The patient has a history of irritable bowel syndrome.,The patient has a condition that causes stomach pain and changes in bowel habits (irritable bowel syndrome).
He was diagnosed with deep vein thrombosis and started on anticoagulation therapy.,He was diagnosed with a blood clot in a deep vein (deep vein thrombosis) and started on blood thinners (anticoagulation therapy).
The patient underwent a nephrectomy due to renal carcinoma.,The patient had a kidney removed (nephrectomy) because of kidney cancer (renal carcinoma).
She presented with pruritus and was prescribed antihistamines.,She had itching (pruritus) and was given medication to relieve it (antihistamines).
He has been diagnosed with chronic pancreatitis.,He has been diagnosed with long-term inflammation of the pancreas (chronic pancreatitis).
The patient was diagnosed with acute lymphoblastic leukemia.,The patient was diagnosed with a type of cancer of the blood and bone marrow (acute lymphoblastic leukemia).
She was treated for a herniated disc with physical therapy.,She was treated for a slipped disc in her spine (herniated disc) with exercises and other treatments (physical therapy).
The patient has a history of asthma and uses an inhaler daily.,The patient has a history of a lung condition that makes it hard to breathe (asthma) and uses an inhaler every day.
He was diagnosed with obstructive sleep apnea and uses a CPAP machine.,He was diagnosed with a condition where breathing stops and starts during sleep (obstructive sleep apnea) and uses a machine to help him breathe (CPAP machine).
The patient has been diagnosed with bipolar disorder.,The patient has been diagnosed with a mental health condition that causes extreme mood swings (bipolar disorder).
She was treated for aortic dissection with emergency surgery.,She was treated for a tear in the main artery from the heart (aortic dissection) with emergency surgery.
He has a history of Crohn's disease and is on immunosuppressant therapy.,He has a history of a condition that causes inflammation of the digestive tract (Crohn's disease) and is taking medication to suppress the immune system (immunosuppressant therapy).
The patient was diagnosed with endocarditis and treated with intravenous antibiotics.,The patient was diagnosed with an infection of the heart's inner lining (endocarditis) and treated with antibiotics given through a vein (intravenous antibiotics).
She presented with menorrhagia and was prescribed tranexamic acid.,She had heavy menstrual bleeding (menorrhagia) and was given medication to reduce bleeding (tranexamic acid).
The patient underwent a carotid endarterectomy for carotid artery stenosis.,The patient had surgery to remove a blockage in the neck artery (carotid endarterectomy) because of narrowing (carotid artery stenosis).
He was treated for gastroesophageal reflux disease with omeprazole.,He was treated for heartburn and acid reflux (gastroesophageal reflux disease) with a medication to reduce stomach acid (omeprazole).
The patient was diagnosed with glaucoma and prescribed eye drops.,The patient was diagnosed with a condition that damages the optic nerve (glaucoma) and was given eye drops to reduce pressure in the eye.
She has a history of systemic sclerosis and is on immunosuppressant therapy.,She has a history of a condition that causes hardening and tightening of the skin and connective tissues (systemic sclerosis) and is taking medication to suppress the immune system (immunosuppressant therapy).
The patient underwent a colposcopy due to abnormal Pap smear results.,The patient had a procedure to examine the cervix (colposcopy) because of unusual results from a cervical cancer screening test (Pap smear).
He was diagnosed with deep vein thrombosis and started on anticoagulation therapy.,He was diagnosed with a blood clot in a deep vein (deep vein thrombosis) and started on blood thinners (anticoagulation therapy).
The patient has a history of hyperlipidemia and is on statin therapy.,The patient has a history of high cholesterol (hyperlipidemia) and is taking medication to lower it (statin therapy).
She was treated for a peptic ulcer with a proton pump inhibitor.,She was treated for a sore in the stomach lining (peptic ulcer) with a medication to reduce stomach acid (proton pump inhibitor).
The patient was diagnosed with atrial fibrillation and started on anticoagulation therapy.,The patient was diagnosed with an irregular heartbeat (atrial fibrillation) and started on blood thinners (anticoagulation therapy).
He was diagnosed with Barrett's esophagus after an endoscopy.,He was diagnosed with a condition where the lining of the esophagus changes (Barrett's esophagus) after a test where a tube with a camera was inserted into the esophagus (endoscopy).
The patient has a history of chronic obstructive pulmonary disease.,The patient has a history of long-term lung disease (chronic obstructive pulmonary disease).
She presented with dysmenorrhea and was prescribed NSAIDs.,She had painful periods (dysmenorrhea) and was given medication to reduce pain and inflammation (NSAIDs).
The patient was diagnosed with hypertrophic cardiomyopathy.,The patient was diagnosed with a condition where the heart muscle is abnormally thick (hypertrophic cardiomyopathy).
He was treated for diabetic neuropathy with gabapentin.,He was treated for nerve damage caused by diabetes (diabetic neuropathy) with medication for nerve pain (gabapentin).
The patient has a history of benign prostatic hyperplasia.,The patient has a history of an enlarged prostate (benign prostatic hyperplasia).
She was diagnosed with metastatic breast cancer.,She was diagnosed with breast cancer that has spread to other parts of the body (metastatic breast cancer).
The patient was treated for pneumonia with antibiotics.,The patient was treated for a lung infection (pneonia) with antibiotics.
He was diagnosed with hypothyroidism and prescribed levothyroxine.,He was diagnosed with an underactive thyroid (hypothyroidism) and was given a medication to replace thyroid hormone (levothyroxine).
The patient has a history of peptic ulcer disease.,The patient has a history of sores in the stomach lining (peptic ulcer disease).
She was treated for an ectopic pregnancy with methotrexate.,She was treated for a pregnancy outside the uterus (ectopic pregnancy) with medication to end the pregnancy (methotrexate).
The patient was diagnosed with chronic venous insufficiency.,The patient was diagnosed with a condition where the veins have trouble sending blood back to the heart (chronic venous insufficiency).
He presented with vertigo and was referred for an MRI.,He had a spinning sensation (vertigo) and was sent for a detailed scan of the brain (MRI).
The patient has a history of gout and was prescribed allopurinol.,The patient has a history of a type of arthritis caused by high levels of uric acid (gout) and was given medication to lower uric acid (allopurinol).
She was diagnosed with meniere's disease after experiencing hearing loss and tinnitus.,"She was diagnosed with a condition that causes hearing loss, ringing in the ears (tinnitus), and balance issues (meniere's disease)."
The patient underwent a mastectomy due to breast carcinoma.,The patient had surgery to remove a breast (mastectomy) because of breast cancer (carcinoma).
He was treated for a peptic ulcer with omeprazole.,He was treated for a sore in the stomach lining (peptic ulcer) with medication to reduce stomach acid (omeprazole).
The patient has a history of polycythemia vera.,The patient has a history of a blood disorder that causes the body to make too many red blood cells (polycythemia vera).
She presented with amenorrhea and was referred for hormone testing.,She had no menstrual periods (amenorrhea) and was sent for hormone testing.
The patient was diagnosed with chronic myelogenous leukemia.,The patient was diagnosed with a type of cancer of the blood and bone marrow (chronic myelogenous leukemia).
He was diagnosed with benign paroxysmal positional vertigo.,He was diagnosed with a condition that causes brief episodes of dizziness when moving the head (benign paroxysmal positional vertigo).
The patient was treated for a deep vein thrombosis with anticoagulation therapy.,The patient was treated for a blood clot in a deep vein (deep vein thrombosis) with blood thinners (anticoagulation therapy).
She presented with fatigue and was diagnosed with iron deficiency anemia.,She was feeling very tired (fatigue) and was diagnosed with a lack of red blood cells due to low iron (iron deficiency anemia).
The patient has a history of atrial fibrillation.,The patient has a history of an irregular heartbeat (atrial fibrillation).
He was diagnosed with multiple myeloma.,He was diagnosed with a type of cancer of plasma cells in the bone marrow (multiple myeloma).
The patient has a history of chronic kidney disease and is on dialysis.,The patient has long-term kidney damage (chronic kidney disease) and undergoes a treatment to clean the blood (dialysis).
She was diagnosed with postpartum depression.,She was diagnosed with depression that occurs after giving birth (postpartum depression).
The patient underwent a thyroidectomy for thyroid carcinoma.,The patient had surgery to remove the thyroid gland (thyroidectomy) because of thyroid cancer (carcinoma).
He was treated for a myocardial infarction with a stent placement.,He was treated for a heart attack (myocardial infarction) with a procedure to open the blocked artery (stent placement).
The patient was diagnosed with schizophrenia and started on antipsychotic medication.,"The patient was diagnosed with a mental health disorder that affects how a person thinks, feels, and behaves (schizophrenia) and started on medication to manage symptoms (antipsychotic medication)."
She presented with dysphagia and was referred for a barium swallow study.,She had difficulty swallowing (dysphagia) and was sent for a test to look at the swallowing process (barium swallow study).
The patient was diagnosed with chronic lymphocytic leukemia.,The patient was diagnosed with a type of cancer of the blood and bone marrow (chronic lymphocytic leukemia).
He was treated for a tension headache with acetaminophen.,He was treated for a common type of headache (tension headache) with a pain reliever (acetaminophen).
The patient has a history of chronic obstructive pulmonary disease.,The patient has a history of long-term lung disease (chronic obstructive pulmonary disease).
She was diagnosed with uterine prolapse and referred for surgery.,She was diagnosed with a condition where the uterus slips out of its normal position (uterine prolapse) and was sent for surgery.
The patient was diagnosed with ankylosing spondylitis.,The patient was diagnosed with a type of arthritis that affects the spine (ankylosing spondylitis).
He was treated for chronic sinusitis with nasal corticosteroids.,He was treated for long-term sinus infection (chronic sinusitis) with nose spray that reduces inflammation (nasal corticosteroids).
The patient has a history of gout and was prescribed allopurinol.,The patient has a history of a type of arthritis caused by high levels of uric acid (gout) and was given medication to lower uric acid (allopurinol).
She presented with hemoptysis and was referred for a chest X-ray.,She was coughing up blood (hemoptysis) and was sent for a chest X-ray.
The patient was diagnosed with hyperparathyroidism and referred for surgery.,The patient was diagnosed with a condition where the parathyroid glands produce too much hormone (hyperparathyroidism) and was sent for surgery.
He was diagnosed with deep vein thrombosis and started on anticoagulation therapy.,He was diagnosed with a blood clot in a deep vein (deep vein thrombosis) and started on blood thinners (anticoagulation therapy).
The patient has a history of atrial fibrillation and is on anticoagulation therapy.,The patient has a history of an irregular heartbeat (atrial fibrillation) and is taking blood thinners (anticoagulation therapy).
She was treated for bacterial vaginosis with metronidazole.,She was treated for a vaginal infection (bacterial vaginosis) with an antibiotic (metronidazole).
The patient underwent a nephrectomy due to renal carcinoma.,The patient had a kidney removed (nephrectomy) because of kidney cancer (renal carcinoma).
He was diagnosed with obstructive sleep apnea and uses a CPAP machine.,He was diagnosed with a condition where breathing stops and starts during sleep (obstructive sleep apnea) and uses a machine to help him breathe (CPAP machine).
The patient has a history of deep vein thrombosis and is on anticoagulant therapy.,The patient has a history of blood clots in his veins (deep vein thrombosis) and takes blood thinners (anticoagulant therapy).
She was treated for acute pyelonephritis with antibiotics.,She was treated for a kidney infection (acute pyelonephritis) with antibiotics.
The patient has a history of irritable bowel syndrome.,The patient has a condition that causes stomach pain and changes in bowel habits (irritable bowel syndrome).
He has a history of Crohn's disease and is on immunosuppressant therapy.,He has a history of a condition that causes inflammation of the digestive tract (Crohn's disease) and is taking medication to suppress the immune system (immunosuppressant therapy).
The patient has a history of hyperlipidemia and is on statin therapy.,The patient has a history of high cholesterol (hyperlipidemia) and is taking medication to lower it (statin therapy).
She was treated for hypothyroidism with levothyroxine.,She was treated for an underactive thyroid (hypothyroidism) with a medication to replace thyroid hormone (levothyroxine).
The patient has a history of systemic lupus erythematosus.,The patient has a history of an autoimmune disease that can affect many parts of the body (systemic lupus erythematosus).
He was diagnosed with multiple myeloma.,He was diagnosed with a type of cancer of plasma cells in the bone marrow (multiple myeloma).
The patient has a history of rheumatoid arthritis.,The patient has a long-term condition that causes joint inflammation (rheumatoid arthritis).
She was diagnosed with endometriosis after a laparoscopy.,She was diagnosed with a condition where tissue similar to the lining inside the uterus grows outside it (endometriosis) after a small surgery (laparoscopy).
The patient was diagnosed with acute lymphoblastic leukemia.,The patient was diagnosed with a type of cancer of the blood and bone marrow (acute lymphoblastic leukemia).
He has a history of deep vein thrombosis and is on anticoagulant therapy.,He has a history of blood clots in his veins (deep vein thrombosis) and takes blood thinners (anticoagulant therapy).
She was diagnosed with hyperthyroidism and is on antithyroid medication.,She was diagnosed with an overactive thyroid (hyperthyroidism) and is taking medication to reduce thyroid hormone levels (antithyroid medication).
The patient has a history of peptic ulcer disease.,The patient has a history of sores in the stomach lining (peptic ulcer disease).
He was diagnosed with atrial fibrillation and started on anticoagulation therapy.,He was diagnosed with an irregular heartbeat (atrial fibrillation) and started on blood thinners (anticoagulation therapy).
The patient has a history of chronic obstructive pulmonary disease.,The patient has a history of long-term lung disease (chronic obstructive pulmonary disease).
She was diagnosed with metastatic breast cancer.,She was diagnosed with breast cancer that has spread to other parts of the body (metastatic breast cancer).
The patient was diagnosed with ankylosing spondylitis.,The patient was diagnosed with a type of arthritis that affects the spine (ankylosing spondylitis).
He was treated for diabetic neuropathy with gabapentin.,He was treated for nerve damage caused by diabetes (diabetic neuropathy) with medication for nerve pain (gabapentin).
The patient has a history of chronic kidney disease and is on dialysis.,The patient has long-term kidney damage (chronic kidney disease) and undergoes a treatment to clean the blood (dialysis).
She was diagnosed with hypothyroidism and prescribed levothyroxine.,She was diagnosed with an underactive thyroid (hypothyroidism) and was given a medication to replace thyroid hormone (levothyroxine).
The patient has a history of deep vein thrombosis and is on anticoagulant therapy.,The patient has a history of blood clots in his veins (deep vein thrombosis) and takes blood thinners (anticoagulant therapy).
He was diagnosed with obstructive sleep apnea and uses a CPAP machine.,He was diagnosed with a condition where breathing stops and starts during sleep (obstructive sleep apnea) and uses a machine to help him breathe (CPAP machine).
The patient was diagnosed with acute pancreatitis and was hospitalized.,The patient was diagnosed with sudden inflammation of the pancreas (acute pancreatitis) and was admitted to the hospital.
She was diagnosed with bacterial vaginosis and prescribed metronidazole.,She was diagnosed with a vaginal infection (bacterial vaginosis) and given an antibiotic (metronidazole).
The patient has a history of atrial fibrillation and is on anticoagulant therapy.,The patient has a history of an irregular heartbeat (atrial fibrillation) and takes blood thinners (anticoagulant therapy).
He was treated for a myocardial infarction with a stent placement.,He was treated for a heart attack (myocardial infarction) with a procedure to open the blocked artery (stent placement).
The patient has a history of rheumatoid arthritis.,The patient has a long-term condition that causes joint inflammation (rheumatoid arthritis).
She was diagnosed with systemic lupus erythematosus.,She was diagnosed with an autoimmune disease that can affect many parts of the body (systemic lupus erythematosus).
He was treated for diabetic neuropathy with gabapentin.,He was treated for nerve damage caused by diabetes (diabetic neuropathy) with medication for nerve pain (gabapentin).
The patient has a history of Crohn's disease and is on immunosuppressant therapy.,The patient has a history of a condition that causes inflammation of the digestive tract (Crohn's disease) and takes medication to suppress the immune system (immunosuppressant therapy).
She presented with hemoptysis and was referred for a chest X-ray.,She was coughing up blood (hemoptysis) and was sent for a chest X-ray.
The patient was diagnosed with ankylosing spondylitis.,The patient was diagnosed with a type of arthritis that affects the spine (ankylosing spondylitis).
He was diagnosed with benign prostatic hyperplasia and prescribed tamsulosin.,He was diagnosed with an enlarged prostate (benign prostatic hyperplasia) and was given medication to help with urination (tamsulosin).
The patient underwent a nephrectomy due to renal carcinoma.,The patient had a kidney removed (nephrectomy) because of kidney cancer (renal carcinoma).
She was treated for acute pyelonephritis with antibiotics.,She was treated for a kidney infection (acute pyelonephritis) with antibiotics.
The patient has a history of chronic obstructive pulmonary disease.,The patient has a history of long-term lung disease (chronic obstructive pulmonary disease).
He was diagnosed with obstructive sleep apnea and uses a CPAP machine.,He was diagnosed with a condition where breathing stops and starts during sleep (obstructive sleep apnea) and uses a machine to help him breathe (CPAP machine).
The patient has a history of hyperlipidemia and is on statin therapy.,The patient has a history of high cholesterol (hyperlipidemia) and takes medication to lower it (statin therapy).
She was treated for hypothyroidism with levothyroxine.,She was treated for an underactive thyroid (hypothyroidism) with a medication to replace thyroid hormone (levothyroxine).
The patient has a history of atrial fibrillation and is on anticoagulation therapy.,The patient has a history of an irregular heartbeat (atrial fibrillation) and takes blood thinners (anticoagulation therapy).
He was diagnosed with multiple myeloma.,He was diagnosed with a type of cancer of plasma cells in the bone marrow (multiple myeloma).
The patient has a history of rheumatoid arthritis.,The patient has a long-term condition that causes joint inflammation (rheumatoid arthritis).
She was diagnosed with systemic lupus erythematosus.,She was diagnosed with an autoimmune disease that can affect many parts of the body (systemic lupus erythematosus).
He was treated for diabetic neuropathy with gabapentin.,He was treated for nerve damage caused by diabetes (diabetic neuropathy) with medication for nerve pain (gabapentin).
The patient has a history of Crohn's disease and is on immunosuppressant therapy.,The patient has a history of a condition that causes inflammation of the digestive tract (Crohn's disease) and takes medication to suppress the immune system (immunosuppressant therapy).
She presented with hemoptysis and was referred for a chest X-ray.,She was coughing up blood (hemoptysis) and was sent for a chest X-ray.
The patient was diagnosed with ankylosing spondylitis.,The patient was diagnosed with a type of arthritis that affects the spine (ankylosing spondylitis).
He was diagnosed with benign prostatic hyperplasia and prescribed tamsulosin.,He was diagnosed with an enlarged prostate (benign prostatic hyperplasia) and was given medication to help with urination (tamsulosin).
The patient underwent a nephrectomy due to renal carcinoma.,The patient had a kidney removed (nephrectomy) because of kidney cancer (renal carcinoma).
She was treated for acute pyelonephritis with antibiotics.,She was treated for a kidney infection (acute pyelonephritis) with antibiotics.
The patient has a history of chronic obstructive pulmonary disease.,The patient has a history of long-term lung disease (chronic obstructive pulmonary disease).
He was diagnosed with obstructive sleep apnea and uses a CPAP machine.,He was diagnosed with a condition where breathing stops and starts during sleep (obstructive sleep apnea) and uses a machine to help him breathe (CPAP machine).
The patient has a history of hyperlipidemia and is on statin therapy.,The patient has a history of high cholesterol (hyperlipidemia) and takes medication to lower it (statin therapy).
She was treated for hypothyroidism with levothyroxine.,She was treated for an underactive thyroid (hypothyroidism) with a medication to replace thyroid hormone (levothyroxine).
The patient has a history of atrial fibrillation and is on anticoagulation therapy.,The patient has a history of an irregular heartbeat (atrial fibrillation) and takes blood thinners (anticoagulation therapy).
He was diagnosed with multiple myeloma.,He was diagnosed with a type of cancer of plasma cells in the bone marrow (multiple myeloma).
The patient has a history of rheumatoid arthritis.,The patient has a long-term condition that causes joint inflammation (rheumatoid arthritis).
She was diagnosed with systemic lupus erythematosus.,She was diagnosed with an autoimmune disease that can affect many parts of the body (systemic lupus erythematosus).
He was treated for diabetic neuropathy with gabapentin.,He was treated for nerve damage caused by diabetes (diabetic neuropathy) with medication for nerve pain (gabapentin).
The patient has a history of Crohn's disease and is on immunosuppressant therapy.,The patient has a history of a condition that causes inflammation of the digestive tract (Crohn's disease) and takes medication to suppress the immune system (immunosuppressant therapy).
She presented with hemoptysis and was referred for a chest X-ray.,She was coughing up blood (hemoptysis) and was sent for a chest X-ray.
The patient was diagnosed with ankylosing spondylitis.,The patient was diagnosed with a type of arthritis that affects the spine (ankylosing spondylitis).
He was diagnosed with benign prostatic hyperplasia and prescribed tamsulosin.,He was diagnosed with an enlarged prostate (benign prostatic hyperplasia) and was given medication to help with urination (tamsulosin).
She underwent a laparoscopic cholecystectomy.,She underwent a laparoscopic cholecystectomy (a minimally invasive surgery to remove the gallbladder).
The diagnosis was bilateral pneumonia.,The diagnosis was bilateral pneumonia (infection in both lungs).
He has been diagnosed with chronic obstructive pulmonary disease.,"He has been diagnosed with chronic obstructive pulmonary disease (COPD, a long-term lung disease that makes breathing difficult)."
The patient exhibited signs of dyspnea on exertion.,The patient exhibited signs of dyspnea on exertion (shortness of breath during physical activity).
The treatment involved the administration of antihypertensive medication.,The treatment involved the administration of antihypertensive medication (drugs to lower high blood pressure).
He is experiencing acute renal failure.,He is experiencing acute renal failure (sudden loss of kidney function).
The patient was diagnosed with gastroesophageal reflux disease.,"The patient was diagnosed with gastroesophageal reflux disease (GERD, a condition where stomach acid frequently flows back into the esophagus)."
The child presented with symptoms of otitis media.,The child presented with symptoms of otitis media (an ear infection).
The patient was given a subcutaneous injection of insulin.,The patient was given a subcutaneous injection of insulin (an insulin shot under the skin).
He was diagnosed with benign prostatic hyperplasia.,"He was diagnosed with benign prostatic hyperplasia (BPH, an enlarged prostate gland)."
The treatment plan includes physical therapy for her sciatica.,The treatment plan includes physical therapy for her sciatica (pain along the sciatic nerve in the lower back and leg).
The patient has been prescribed an anticoagulant.,The patient has been prescribed an anticoagulant (a blood thinner).
He was admitted with a diagnosis of acute appendicitis.,He was admitted with a diagnosis of acute appendicitis (inflammation of the appendix).
She is suffering from diabetic neuropathy.,She is suffering from diabetic neuropathy (nerve damage caused by diabetes).
The patient is experiencing symptoms of congestive heart failure.,The patient is experiencing symptoms of congestive heart failure (a condition where the heart doesn't pump blood as well as it should).
He has a history of atrial fibrillation.,He has a history of atrial fibrillation (an irregular and often rapid heart rate).
The patient underwent a coronary artery bypass graft.,"The patient underwent a coronary artery bypass graft (CABG, surgery to improve blood flow to the heart)."
She has been diagnosed with osteoarthritis.,She has been diagnosed with osteoarthritis (a type of arthritis that occurs when flexible tissue at the ends of bones wears down).
The patient experienced a transient ischemic attack.,"The patient experienced a transient ischemic attack (TIA, a mini-stroke)."
He is being treated for deep vein thrombosis.,"He is being treated for deep vein thrombosis (DVT, a blood clot in a deep vein, usually in the legs)."
The patient has chronic hepatitis C.,The patient has chronic hepatitis C (a long-term liver infection caused by the hepatitis C virus).
She has been diagnosed with systemic lupus erythematosus.,"She has been diagnosed with systemic lupus erythematosus (SLE, an autoimmune disease where the body's immune system attacks its own tissues)."
The patient underwent an endoscopic retrograde cholangiopancreatography.,"The patient underwent an endoscopic retrograde cholangiopancreatography (ERCP, a procedure to examine the pancreatic and bile ducts)."
He is being treated for gastroenteritis.,"He is being treated for gastroenteritis (inflammation of the stomach and intestines, often causing vomiting and diarrhea)."
She presented with a severe case of cellulitis.,She presented with a severe case of cellulitis (a bacterial skin infection).
The patient has been diagnosed with multiple sclerosis.,"The patient has been diagnosed with multiple sclerosis (MS, a disease where the immune system eats away at the protective covering of nerves)."
He is suffering from hypertension.,He is suffering from hypertension (high blood pressure).
The patient underwent a splenectomy.,The patient underwent a splenectomy (surgical removal of the spleen).
She has been diagnosed with hyperthyroidism.,She has been diagnosed with hyperthyroidism (an overactive thyroid).
The patient has been prescribed a bronchodilator.,The patient has been prescribed a bronchodilator (a medication that helps open up the airways in the lungs).
He presented with acute pancreatitis.,He presented with acute pancreatitis (sudden inflammation of the pancreas).
She has a diagnosis of endometriosis.,She has a diagnosis of endometriosis (a condition where tissue similar to the lining inside the uterus grows outside of it).
The patient was treated for hypoglycemia.,The patient was treated for hypoglycemia (low blood sugar).
He underwent a percutaneous coronary intervention.,"He underwent a percutaneous coronary intervention (PCI, a non-surgical procedure used to treat narrowing of the coronary arteries)."
The patient has a history of polycystic ovary syndrome.,"The patient has a history of polycystic ovary syndrome (PCOS, a hormonal disorder causing enlarged ovaries with small cysts)."
She has been diagnosed with rheumatoid arthritis.,She has been diagnosed with rheumatoid arthritis (a chronic inflammatory disorder affecting joints).
The patient is experiencing symptoms of peripheral artery disease.,"The patient is experiencing symptoms of peripheral artery disease (PAD, a condition where narrowed arteries reduce blood flow to the limbs)."
He was treated for acute pyelonephritis.,He was treated for acute pyelonephritis (a sudden and severe kidney infection).
She has a diagnosis of Hodgkin's lymphoma.,She has a diagnosis of Hodgkin's lymphoma (a type of cancer that affects the lymphatic system).
The patient underwent an abdominal hysterectomy.,The patient underwent an abdominal hysterectomy (surgical removal of the uterus through an incision in the abdomen).
He is experiencing acute otitis externa.,"He is experiencing acute otitis externa (an infection of the outer ear canal, also known as swimmer's ear)."
She was diagnosed with irritable bowel syndrome.,"She was diagnosed with irritable bowel syndrome (IBS, a common disorder affecting the large intestine)."
The patient has been prescribed a diuretic.,"The patient has been prescribed a diuretic (a medication that helps the body get rid of excess fluid, also known as a water pill)."
He underwent an echocardiogram.,He underwent an echocardiogram (an ultrasound of the heart).
She has been diagnosed with chronic bronchitis.,She has been diagnosed with chronic bronchitis (long-term inflammation of the airways in the lungs).
The patient has a history of transient global amnesia.,"The patient has a history of transient global amnesia (a sudden, temporary episode of memory loss)."
He presented with aortic stenosis.,He presented with aortic stenosis (narrowing of the aortic valve in the heart).
She underwent a D&C procedure.,"She underwent a D&C procedure (dilation and curettage, a procedure to remove tissue from the inside of the uterus)."
The patient has a history of gastroesophageal reflux.,"The patient has a history of gastroesophageal reflux (acid reflux, where stomach acid flows back into the esophagus)."
She has been diagnosed with a meningioma.,She has been diagnosed with a meningioma (a tumor that forms on the membranes covering the brain and spinal cord).
The patient has a history of nephrolithiasis.,The patient has a history of nephrolithiasis (kidney stones).
He underwent a spinal fusion.,He underwent a spinal fusion (surgery to join two or more vertebrae in the spine).
She is experiencing symptoms of hypothyroidism.,She is experiencing symptoms of hypothyroidism (an underactive thyroid).
The patient has a diagnosis of ankylosing spondylitis.,The patient has a diagnosis of ankylosing spondylitis (a type of arthritis that affects the spine).
He was treated for a pneumothorax.,He was treated for a pneumothorax (a collapsed lung).
She has a history of gestational diabetes.,She has a history of gestational diabetes (diabetes that develops during pregnancy).
The patient underwent a tonsillectomy.,The patient underwent a tonsillectomy (surgery to remove the tonsils).
He was diagnosed with deep vein thrombosis.,"He was diagnosed with deep vein thrombosis (DVT, a blood clot in a deep vein, usually in the legs)."
She has a history of fibromyalgia.,She has a history of fibromyalgia (a condition characterized by widespread musculoskeletal pain).
The patient presented with symptoms of uveitis.,The patient presented with symptoms of uveitis (inflammation of the middle layer of the eye).
He is being treated for a peptic ulcer.,He is being treated for a peptic ulcer (a sore on the lining of the stomach or the first part of the small intestine).
She underwent a mastectomy.,She underwent a mastectomy (surgery to remove one or both breasts).
The patient has been diagnosed with hypothyroidism.,The patient has been diagnosed with hypothyroidism (an underactive thyroid).
He is experiencing symptoms of bipolar disorder.,He is experiencing symptoms of bipolar disorder (a mental health condition with extreme mood swings).
She has a diagnosis of chronic fatigue syndrome.,She has a diagnosis of chronic fatigue syndrome (a complex disorder characterized by extreme fatigue).
The patient presented with a ganglion cyst.,"The patient presented with a ganglion cyst (a noncancerous lump, often on the tendons or joints of the wrists or hands)."
He was treated for a comminuted fracture.,He was treated for a comminuted fracture (a bone that is broken into several pieces).
She has been diagnosed with celiac disease.,She has been diagnosed with celiac disease (an immune reaction to eating gluten).
The patient underwent a carotid endarterectomy.,The patient underwent a carotid endarterectomy (surgery to remove plaque from the carotid artery).
He presented with a subarachnoid hemorrhage.,He presented with a subarachnoid hemorrhage (bleeding in the space between the brain and the surrounding membrane).
She has a history of systemic lupus erythematosus.,"She has a history of systemic lupus erythematosus (SLE, an autoimmune disease where the body's immune system attacks its own tissues)."
The patient has been diagnosed with deep vein thrombosis.,"The patient has been diagnosed with deep vein thrombosis (DVT, a blood clot in a deep vein, usually in the legs)."
He was diagnosed with amyotrophic lateral sclerosis.,"He was diagnosed with amyotrophic lateral sclerosis (ALS, a progressive neurodegenerative disease)."
She underwent a percutaneous transluminal coronary angioplasty.,"She underwent a percutaneous transluminal coronary angioplasty (PTCA, a procedure to open narrowed coronary arteries)."
The patient has a diagnosis of chronic kidney disease.,The patient has a diagnosis of chronic kidney disease (long-term damage to the kidneys).
He presented with acute epididymitis.,"He presented with acute epididymitis (inflammation of the epididymis, a tube at the back of the testicles)."
She has a diagnosis of idiopathic pulmonary fibrosis.,She has a diagnosis of idiopathic pulmonary fibrosis (a chronic lung disease that causes scarring of the lungs).
The patient underwent a balloon angioplasty.,The patient underwent a balloon angioplasty (a procedure to open narrowed or blocked blood vessels using a small balloon).
He was diagnosed with Barrett's esophagus.,He was diagnosed with Barrett's esophagus (a condition where the lining of the esophagus is damaged by stomach acid).
She is being treated for chronic migraine.,She is being treated for chronic migraine (recurring severe headaches).
The patient presented with a Baker's cyst.,The patient presented with a Baker's cyst (a fluid-filled cyst behind the knee).
He was treated for Bell's palsy.,He was treated for Bell's palsy (a condition causing sudden weakness in the muscles on one side of the face).
She has a history of chronic sinusitis.,She has a history of chronic sinusitis (long-term inflammation of the sinuses).
The patient was diagnosed with Crohn's disease.,The patient was diagnosed with Crohn's disease (a type of inflammatory bowel disease).
He underwent a cystoscopy.,He underwent a cystoscopy (a procedure to examine the bladder and urethra using a scope).
She has been diagnosed with diverticulitis.,She has been diagnosed with diverticulitis (inflammation or infection of small pouches in the digestive tract).
The patient presented with dysphagia.,The patient presented with dysphagia (difficulty swallowing).
He has a history of encephalopathy.,He has a history of encephalopathy (a broad term for any brain disease that alters brain function or structure).
She is experiencing symptoms of epilepsy.,She is experiencing symptoms of epilepsy (a neurological disorder marked by sudden recurrent episodes of seizures).
The patient underwent an esophagogastroduodenoscopy.,"The patient underwent an esophagogastroduodenoscopy (EGD, a procedure to examine the lining of the esophagus, stomach, and upper part of the small intestine)."
He presented with erythema multiforme.,He presented with erythema multiforme (a skin reaction characterized by red patches or sores).
She has a history of fibrocystic breast disease.,She has a history of fibrocystic breast disease (non-cancerous changes that cause a lumpy texture in the breasts).
The patient was diagnosed with hyperlipidemia.,The patient was diagnosed with hyperlipidemia (high levels of fats in the blood).
He presented with hidradenitis suppurativa.,"He presented with hidradenitis suppurativa (a chronic skin condition causing small, painful lumps under the skin)."
She has a history of interstitial cystitis.,"She has a history of interstitial cystitis (a chronic bladder condition causing bladder pressure, bladder pain, and sometimes pelvic pain)."
The patient underwent a laminectomy.,The patient underwent a laminectomy (surgery to remove part of the vertebral bone called the lamina).
He presented with labyrinthitis.,He presented with labyrinthitis (an inner ear infection that causes vertigo).
She has been diagnosed with macular degeneration.,She has been diagnosed with macular degeneration (an eye disease that causes vision loss in the center of the field of vision).
The patient has a diagnosis of Ménière's disease.,The patient has a diagnosis of Ménière's disease (a disorder of the inner ear causing vertigo and hearing loss).
He was treated for molluscum contagiosum.,"He was treated for molluscum contagiosum (a viral skin infection causing round, firm, painless bumps)."
She is experiencing symptoms of narcolepsy.,She is experiencing symptoms of narcolepsy (a chronic sleep disorder characterized by overwhelming daytime drowsiness and sudden attacks of sleep).
The patient presented with necrotizing fasciitis.,The patient presented with necrotizing fasciitis (a severe bacterial infection that destroys tissues under the skin).
He has a history of neurofibromatosis.,He has a history of neurofibromatosis (a genetic disorder that causes tumors to form on nerve tissue).
She underwent an oophorectomy.,She underwent an oophorectomy (surgical removal of one or both ovaries).
The patient has a diagnosis of optic neuritis.,The patient has a diagnosis of optic neuritis (inflammation of the optic nerve).
He presented with osteomyelitis.,He presented with osteomyelitis (a bone infection).
She has a history of pancreatitis.,She has a history of pancreatitis (inflammation of the pancreas).
The patient underwent a paracentesis.,The patient underwent a paracentesis (a procedure to remove fluid from the abdomen).
He was treated for paronychia.,He was treated for paronychia (a skin infection around the nails).
She is experiencing symptoms of pheochromocytoma.,She is experiencing symptoms of pheochromocytoma (a rare tumor of the adrenal gland tissue).
The patient presented with pleurisy.,The patient presented with pleurisy (inflammation of the tissues that line the lungs and chest cavity).
He has a history of polymyositis.,He has a history of polymyositis (a rare inflammatory disease that causes muscle weakness).
She has been diagnosed with postherpetic neuralgia.,She has been diagnosed with postherpetic neuralgia (nerve pain that occurs after a shingles infection).
The patient underwent a prostatectomy.,The patient underwent a prostatectomy (surgical removal of all or part of the prostate gland).
He presented with pruritus.,He presented with pruritus (itching).
She has a diagnosis of Raynaud's phenomenon.,She has a diagnosis of Raynaud's phenomenon (a condition where some areas of the body feel numb and cool in response to cold temperatures or stress).
The patient underwent a rectocele repair.,The patient underwent a rectocele repair (surgery to fix a bulge of the front wall of the rectum into the back wall of the vagina).
He presented with rhabdomyolysis.,He presented with rhabdomyolysis (a serious syndrome due to direct or indirect muscle injury).
She has a history of rheumatoid arthritis.,She has a history of rheumatoid arthritis (a chronic inflammatory disorder affecting joints).
The patient has been diagnosed with rosacea.,The patient has been diagnosed with rosacea (a common skin condition that causes redness and visible blood vessels in the face).
He underwent a septoplasty.,He underwent a septoplasty (surgery to correct a deviated septum in the nose).
She has a history of Sjögren's syndrome.,She has a history of Sjögren's syndrome (an autoimmune disease that affects the body's moisture-producing glands).
The patient underwent a sigmoid colectomy.,The patient underwent a sigmoid colectomy (surgery to remove part of the sigmoid colon).
He presented with sinus tachycardia.,He presented with sinus tachycardia (a faster-than-normal heart rate).
She has been diagnosed with sleep apnea.,She has been diagnosed with sleep apnea (a sleep disorder where breathing repeatedly stops and starts).
The patient underwent a spinal tap.,The patient underwent a spinal tap (a procedure to collect and look at the fluid surrounding the brain and spinal cord).
He was diagnosed with spondylolisthesis.,He was diagnosed with spondylolisthesis (a condition where one of the vertebrae slips out of place onto the bone below it).
She has a history of systemic lupus erythematosus.,"She has a history of systemic lupus erythematosus (SLE, an autoimmune disease where the body's immune system attacks its own tissues)."
The patient presented with thrombocytopenia.,The patient presented with thrombocytopenia (a low blood platelet count).
He was diagnosed with thrombophlebitis.,He was diagnosed with thrombophlebitis (inflammation of a vein caused by a blood clot).
She underwent a thyroidectomy.,She underwent a thyroidectomy (surgical removal of all or part of the thyroid gland).
The patient presented with tinea corporis.,"The patient presented with tinea corporis (ringworm, a fungal infection of the skin)."
He was diagnosed with transient ischemic attack.,"He was diagnosed with transient ischemic attack (TIA, a mini-stroke)."
She has a diagnosis of trichomoniasis.,She has a diagnosis of trichomoniasis (a sexually transmitted infection caused by a parasite).
The patient presented with trochlear nerve palsy.,The patient presented with trochlear nerve palsy (a condition where there is weakness or paralysis of the fourth cranial nerve that controls eye movement).
He underwent a tympanoplasty.,He underwent a tympanoplasty (surgery to repair a hole in the eardrum).
She has a diagnosis of ulcerative colitis.,She has a diagnosis of ulcerative colitis (a chronic inflammatory bowel disease causing inflammation and ulcers in the digestive tract).
The patient presented with ulnar nerve entrapment.,"The patient presented with ulnar nerve entrapment (a condition where the ulnar nerve is compressed, causing numbness or pain in the arm and hand)."
He was diagnosed with urinary tract infection.,"He was diagnosed with urinary tract infection (UTI, an infection in any part of the urinary system)."
She has a history of uterine fibroids.,She has a history of uterine fibroids (noncancerous growths in the uterus).
The patient underwent a vasectomy.,The patient underwent a vasectomy (a surgical procedure for male sterilization).
He was treated for varicocele.,He was treated for varicocele (enlargement of veins within the scrotum).
She has a history of ventricular tachycardia.,She has a history of ventricular tachycardia (a fast heart rate that starts in the heart's lower chambers).
The patient presented with vestibular neuritis.,The patient presented with vestibular neuritis (inflammation of the nerve that sends balance information from the inner ear to the brain).
He was diagnosed with vitiligo.,He was diagnosed with vitiligo (a condition where the skin loses its pigment cells).
She has a diagnosis of vulvovaginitis.,She has a diagnosis of vulvovaginitis (inflammation or infection of the vulva and vagina).
The patient presented with Wegener's granulomatosis.,The patient presented with Wegener's granulomatosis (a rare disease causing inflammation of blood vessels).
He was diagnosed with Wilson's disease.,He was diagnosed with Wilson's disease (a rare genetic disorder that causes copper to build up in the body).
She has a history of Wolff-Parkinson-White syndrome.,She has a history of Wolff-Parkinson-White syndrome (a condition that causes a rapid heart rate).
He was diagnosed with Zollinger-Ellison syndrome.,"He was diagnosed with Zollinger-Ellison syndrome (a condition where one or more tumors form in the pancreas or the upper part of the small intestine, causing excessive production of stomach acid)."
She underwent a zygomatic fracture repair.,She underwent a zygomatic fracture repair (surgery to fix a broken cheekbone).
The patient experienced myocardial infarction.,The patient experienced a heart attack.
He has a history of hypertension.,He has a history of high blood pressure.
She was diagnosed with hyperlipidemia.,She was diagnosed with high cholesterol.
He suffered from cerebrovascular accident.,He suffered from a stroke.
The patient has a malignant neoplasm.,The patient has cancer.
She has a case of bronchitis.,She has an inflammation of the airways in her lungs.
He was given a dose of acetaminophen.,He was given a dose of Tylenol.
She has a bacterial infection called streptococcal pharyngitis.,She has strep throat.
The patient underwent a cholecystectomy.,The patient had their gallbladder removed.
He has a severe case of gastroenteritis.,He has severe stomach flu.
She is suffering from conjunctivitis.,She has pink eye.
The patient was given an antihypertensive medication.,The patient was given medicine to lower blood pressure.
He was diagnosed with deep vein thrombosis.,He was diagnosed with a blood clot in his leg.
She has a case of rhinorrhea.,She has a runny nose.
The patient presented with tachycardia.,The patient had a fast heart rate.
He was treated for pyrexia.,He was treated for a fever.
She is experiencing dysphagia.,She is having difficulty swallowing.
The patient has been prescribed a diuretic.,The patient has been prescribed a water pill.
She has a history of chronic obstructive pulmonary disease (COPD).,She has a history of a lung disease that makes it hard to breathe.
The patient has a benign tumor.,The patient has a non-cancerous growth.
He was treated with an antibiotic for his infection.,He was treated with medicine to kill the bacteria causing his infection.
She underwent an appendectomy.,She had her appendix removed.
The patient was diagnosed with osteoarthritis.,The patient was diagnosed with arthritis in the joints.
He is experiencing dyspnea.,He is having trouble breathing.
She was prescribed a corticosteroid.,She was prescribed medicine to reduce inflammation.
The patient has a herniated disc.,The patient has a slipped disc in the spine.
He suffers from insomnia.,He has trouble sleeping.
She is experiencing severe cephalalgia.,She is experiencing a severe headache.
The patient was given an antiemetic.,The patient was given medicine to prevent nausea and vomiting.
He has a case of gastroesophageal reflux disease (GERD).,He has acid reflux.
She was diagnosed with atrial fibrillation.,She was diagnosed with an irregular heartbeat.
The patient is being treated for hyperthyroidism.,The patient is being treated for an overactive thyroid.
He has a case of dermatitis.,He has skin inflammation.
She was administered a sedative.,She was given medicine to calm her down.
The patient is experiencing hypoglycemia.,The patient has low blood sugar.
He has been diagnosed with chronic kidney disease (CKD).,He has long-term kidney damage.
She was given a bronchodilator.,She was given medicine to open her airways.
The patient underwent a coronary artery bypass graft (CABG).,The patient had heart bypass surgery.
He has a case of cellulitis.,He has a skin infection.
She is suffering from endometriosis.,She has a condition where tissue similar to the lining inside the uterus grows outside of it.
The patient has been diagnosed with hyperkalemia.,The patient has high potassium levels.
He was given an analgesic.,He was given a pain reliever.
She is experiencing vertigo.,She feels like the room is spinning.
The patient is being treated for hypothyroidism.,The patient is being treated for an underactive thyroid.
He is suffering from cirrhosis.,He has liver damage.
She was diagnosed with multiple sclerosis (MS).,She was diagnosed with a disease that affects the brain and spinal cord.
The patient has a history of atrial flutter.,"The patient has a history of a fast, irregular heartbeat."
He was diagnosed with chronic fatigue syndrome (CFS).,He was diagnosed with a condition that causes extreme tiredness.
She has a case of polycystic ovary syndrome (PCOS).,She has a condition that affects her hormone levels.
The patient has been prescribed a statin.,The patient has been prescribed medicine to lower cholesterol.
He was diagnosed with ankylosing spondylitis.,He was diagnosed with a type of arthritis that affects the spine.
She has a case of pancreatitis.,She has inflammation of the pancreas.
The patient underwent a nephrectomy.,The patient had a kidney removed.
He is experiencing arrhythmia.,He has an irregular heartbeat.
She was treated for a peptic ulcer.,She was treated for a sore in her stomach lining.
The patient has been diagnosed with psoriasis.,"The patient has a skin condition that causes red, scaly patches."
He is suffering from menorrhagia.,He is suffering from heavy menstrual bleeding.
She was diagnosed with bipolar disorder.,She was diagnosed with a mental illness that causes extreme mood swings.
The patient has been prescribed an antihistamine.,The patient has been prescribed medicine to reduce allergy symptoms.
He has a case of allergic rhinitis.,He has hay fever.
She is experiencing hyperhidrosis.,She is experiencing excessive sweating.
He was diagnosed with Hodgkin's lymphoma.,He was diagnosed with a type of cancer that affects the lymphatic system.
She has a case of hyperemesis gravidarum.,She has severe nausea and vomiting during pregnancy.
The patient is experiencing neuropathy.,The patient has nerve damage.
He was diagnosed with osteomyelitis.,He was diagnosed with a bone infection.
She has a case of pleuritis.,She has inflammation of the lining around the lungs.
The patient is suffering from urolithiasis.,The patient has kidney stones.
He has been diagnosed with scoliosis.,He has a curved spine.
She underwent a hysterectomy.,She had her uterus removed.
The patient is experiencing dysmenorrhea.,The patient has painful menstrual cramps.
He was diagnosed with acute lymphoblastic leukemia (ALL).,He was diagnosed with a type of blood cancer.
She has a case of diverticulitis.,She has inflammation of small pouches in her colon.
The patient is experiencing tinnitus.,The patient hears ringing in the ears.
He was diagnosed with rheumatoid arthritis.,He was diagnosed with an autoimmune disease that affects the joints.
She has a case of fibromyalgia.,She has a condition that causes widespread pain and fatigue.
The patient was prescribed a proton pump inhibitor (PPI).,The patient was prescribed medicine to reduce stomach acid.
He was diagnosed with schizophrenia.,"He was diagnosed with a mental disorder that affects how a person thinks, feels, and behaves."
She has a case of irritable bowel syndrome (IBS).,She has a digestive disorder that causes stomach pain and changes in bowel habits.
He was diagnosed with chronic obstructive sleep apnea (OSA).,He has a sleep disorder that causes breathing to stop and start during sleep.
She has a case of macular degeneration.,She has an eye disease that can cause vision loss.
The patient underwent a laminectomy.,The patient had surgery to remove part of the vertebra to relieve pressure on the spinal cord.
He was diagnosed with aortic aneurysm.,"He has a bulge in the aorta, the main blood vessel that carries blood from the heart."
She has a case of systemic lupus erythematosus (SLE).,"She has an autoimmune disease that can affect the skin, joints, and organs."
The patient is experiencing hypercapnia.,The patient has high levels of carbon dioxide in the blood.
He was diagnosed with osteopenia.,He has low bone density.
She has a case of atherosclerosis.,She has hardening and narrowing of the arteries.
The patient is experiencing thrombocytopenia.,The patient has a low platelet count.
He was diagnosed with benign prostatic hyperplasia (BPH).,He has an enlarged prostate.
She has a case of Hashimoto's thyroiditis.,She has an autoimmune disease that affects the thyroid.
The patient underwent a colectomy.,The patient had part of the colon removed.
He was diagnosed with a meniscus tear.,He has a tear in the cartilage of the knee.
She has a case of idiopathic thrombocytopenic purpura (ITP).,She has a blood disorder that causes easy bruising and bleeding.
The patient is experiencing paresthesia.,The patient has a tingling or prickling sensation.
He was diagnosed with Barrett's esophagus.,"He has damage to the lining of the esophagus, usually from acid reflux."
She has a case of trichotillomania.,She has a condition where she feels a strong urge to pull out her hair.
The patient is experiencing hyperuricemia.,The patient has high levels of uric acid in the blood.
He was diagnosed with sleep apnea.,He has a sleep disorder that causes breathing to stop and start during sleep.
She has a case of temporal arteritis.,She has inflammation of the blood vessels in the temples.
The patient is experiencing bradycardia.,The patient has a slow heart rate.
He was diagnosed with plantar fasciitis.,He has inflammation of the tissue on the bottom of the foot.
She has a case of vestibular neuritis.,She has inflammation of the nerve in the inner ear that causes dizziness.
The patient is experiencing hyperparathyroidism.,The patient has an overactive parathyroid gland.
He was diagnosed with Wilson's disease.,He has a genetic disorder that causes too much copper to build up in the body.
She has a case of amyotrophic lateral sclerosis (ALS).,She has a disease that affects the nerve cells in the brain and spinal cord.
The patient is experiencing polyuria.,The patient is urinating a lot.
He was diagnosed with von Willebrand disease.,He has a bleeding disorder.
She has a case of Sjogren's syndrome.,She has an autoimmune disease that causes dry eyes and dry mouth.
The patient is experiencing hypokalemia.,The patient has low potassium levels.
He was diagnosed with Bell's palsy.,He has a condition that causes sudden weakness in the muscles on one side of the face.
She has a case of narcolepsy.,She has a sleep disorder that causes excessive daytime sleepiness.
The patient is experiencing sialorrhea.,The patient has excessive drooling.
He was diagnosed with Kawasaki disease.,He has a condition that causes inflammation in the blood vessels.
She has a case of optic neuritis.,She has inflammation of the optic nerve.
The patient is experiencing hematuria.,The patient has blood in the urine.
He was diagnosed with cholelithiasis.,He has gallstones.
She has a case of Guillain-Barre syndrome.,She has a condition where the body's immune system attacks the nerves.
The patient is experiencing pruritus.,The patient has itchy skin.
He was diagnosed with achalasia.,He has a condition that makes it hard for food and liquid to pass into the stomach.
She has a case of Raynaud's phenomenon.,She has a condition where some areas of the body feel numb and cool in response to cold temperatures or stress.
The patient is experiencing acromegaly.,"The patient has a condition that causes abnormal growth of the hands, feet, and face."
He was diagnosed with ankylosing spondylitis.,He has a type of arthritis that affects the spine.
She has a case of toxic epidermal necrolysis.,She has a severe skin reaction that causes the skin to peel off.
The patient is experiencing hyperaldosteronism.,The patient has a condition where the adrenal glands produce too much of the hormone aldosterone.
He was diagnosed with pheochromocytoma.,He has a rare tumor of the adrenal gland.
She has a case of pulmonary fibrosis.,She has a condition where the lung tissue becomes damaged and scarred.
The patient is experiencing anosmia.,The patient has lost the sense of smell.
He was diagnosed with sarcoidosis.,He has a condition that causes inflammatory cells to form lumps in the organs.
She has a case of Sjogren's syndrome.,She has an autoimmune disease that causes dry eyes and dry mouth.
The patient is experiencing galactorrhea.,The patient is producing breast milk even though they are not breastfeeding.
He was diagnosed with Addison's disease.,He has a condition where the adrenal glands do not produce enough hormones.
She has a case of hemochromatosis.,She has a condition that causes too much iron to build up in the body.
The patient is experiencing ptosis.,The patient has drooping eyelids.
He was diagnosed with Marfan syndrome.,He has a genetic disorder that affects the connective tissue.
She has a case of Cushing's syndrome.,She has a condition caused by high levels of the hormone cortisol.
The patient is experiencing hypercalcemia.,The patient has high levels of calcium in the blood.
He was diagnosed with hypoparathyroidism.,He has a condition where the parathyroid glands produce too little hormone.
She has a case of myasthenia gravis.,She has a condition that causes weakness in the muscles.
The patient is experiencing hypernatremia.,The patient has high levels of sodium in the blood.
He was diagnosed with Crohn's disease.,He has a type of inflammatory bowel disease.
She has a case of epidermolysis bullosa.,She has a group of rare skin disorders that cause the skin to blister.
The patient is experiencing neutropenia.,"The patient has a low level of neutrophils, a type of white blood cell."
He was diagnosed with Wilson's disease.,He has a genetic disorder that causes too much copper to build up in the body.
She has a case of fibromuscular dysplasia.,She has a condition that causes narrowing of the arteries.
The patient is experiencing hypophosphatemia.,The patient has low levels of phosphate in the blood.
He was diagnosed with eosinophilic esophagitis.,He has a condition where white blood cells build up in the esophagus.
She has a case of thrombophilia.,She has a condition that makes her blood more likely to clot.
The patient is experiencing hyperphosphatemia.,The patient has high levels of phosphate in the blood.
He was diagnosed with acromegaly.,"He has a condition that causes abnormal growth of the hands, feet, and face."
She has a case of hemochromatosis.,She has a condition that causes too much iron to build up in the body.
The patient is experiencing hypomagnesemia.,The patient has low levels of magnesium in the blood.
He was diagnosed with eosinophilic esophagitis.,He has a condition where white blood cells build up in the esophagus.
She has a case of polycystic kidney disease (PKD).,She has a genetic disorder that causes cysts to form in the kidneys.
The patient is experiencing hypercalcemia.,The patient has high levels of calcium in the blood.
He was diagnosed with hypoparathyroidism.,He has a condition where the parathyroid glands produce too little hormone.
She has a case of myasthenia gravis.,She has a condition that causes weakness in the muscles.
The patient is experiencing hypernatremia.,The patient has high levels of sodium in the blood.
He was diagnosed with Crohn's disease.,He has a type of inflammatory bowel disease.
She has a case of epidermolysis bullosa.,She has a group of rare skin disorders that cause the skin to blister.
The patient is experiencing neutropenia.,"The patient has a low level of neutrophils, a type of white blood cell."
He was diagnosed with Wilson's disease.,He has a genetic disorder that causes too much copper to build up in the body.
She has a case of fibromuscular dysplasia.,She has a condition that causes narrowing of the arteries.
The patient is experiencing hypophosphatemia.,The patient has low levels of phosphate in the blood.
He was diagnosed with eosinophilic esophagitis.,He has a condition where white blood cells build up in the esophagus.
She has a case of thrombophilia.,She has a condition that makes her blood more likely to clot.
The patient is experiencing hyperphosphatemia.,The patient has high levels of phosphate in the blood.
He was diagnosed with acromegaly.,"He has a condition that causes abnormal growth of the hands, feet, and face."
She has a case of hemochromatosis.,She has a condition that causes too much iron to build up in the body.
The patient is experiencing hypomagnesemia.,The patient has low levels of magnesium in the blood.
He was diagnosed with eosinophilic esophagitis.,He has a condition where white blood cells build up in the esophagus.
She has a case of polycystic kidney disease (PKD).,She has a genetic disorder that causes cysts to form in the kidneys.
The patient is experiencing hypercalcemia.,The patient has high levels of calcium in the blood.
He was diagnosed with hypoparathyroidism.,He has a condition where the parathyroid glands produce too little hormone.
She has a case of myasthenia gravis.,She has a condition that causes weakness in the muscles.
The patient is experiencing hypernatremia.,The patient has high levels of sodium in the blood.
He was diagnosed with Crohn's disease.,He has a type of inflammatory bowel disease.
She has a case of epidermolysis bullosa.,She has a group of rare skin disorders that cause the skin to blister.
The patient is experiencing neutropenia.,"The patient has a low level of neutrophils, a type of white blood cell."
He was diagnosed with Wilson's disease.,He has a genetic disorder that causes too much copper to build up in the body.
She has a case of fibromuscular dysplasia.,She has a condition that causes narrowing of the arteries.
The patient is experiencing hypophosphatemia.,The patient has low levels of phosphate in the blood.
He was diagnosed with eosinophilic esophagitis.,He has a condition where white blood cells build up in the esophagus.
She has a case of thrombophilia.,She has a condition that makes her blood more likely to clot.
The patient is experiencing hyperphosphatemia.,The patient has high levels of phosphate in the blood.
He was diagnosed with acromegaly.,"He has a condition that causes abnormal growth of the hands, feet, and face."
She has a case of hemochromatosis.,She has a condition that causes too much iron to build up in the body.
The patient is experiencing hypomagnesemia.,The patient has low levels of magnesium in the blood.
He was diagnosed with eosinophilic esophagitis.,He has a condition where white blood cells build up in the esophagus.
She has a case of polycystic kidney disease (PKD).,She has a genetic disorder that causes cysts to form in the kidneys.
The patient is experiencing hypercalcemia.,The patient has high levels of calcium in the blood.
He was diagnosed with hypoparathyroidism.,He has a condition where the parathyroid glands produce too little hormone.
She has a case of myasthenia gravis.,She has a condition that causes weakness in the muscles.
The patient is experiencing hypernatremia.,The patient has high levels of sodium in the blood.
He was diagnosed with Crohn's disease.,He has a type of inflammatory bowel disease.
She has a case of epidermolysis bullosa.,She has a group of rare skin disorders that cause the skin to blister.
The patient is experiencing neutropenia.,"The patient has a low level of neutrophils, a type of white blood cell."
He was diagnosed with Wilson's disease.,He has a genetic disorder that causes too much copper to build up in the body.
She has a case of fibromuscular dysplasia.,She has a condition that causes narrowing of the arteries.
The patient is experiencing hypophosphatemia.,The patient has low levels of phosphate in the blood.
He was diagnosed with eosinophilic esophagitis.,He has a condition where white blood cells build up in the esophagus.
She has a case of thrombophilia.,She has a condition that makes her blood more likely to clot.
The patient is experiencing hyperphosphatemia.,The patient has high levels of phosphate in the blood.
He was diagnosed with acromegaly.,"He has a condition that causes abnormal growth of the hands, feet, and face."
She has a case of hemochromatosis.,She has a condition that causes too much iron to build up in the body.
The patient is experiencing hypomagnesemia.,The patient has low levels of magnesium in the blood.
He was diagnosed with eosinophilic esophagitis.,He has a condition where white blood cells build up in the esophagus.
She has a case of polycystic kidney disease (PKD).,She has a genetic disorder that causes cysts to form in the kidneys.
The patient is experiencing hypercalcemia.,The patient has high levels of calcium in the blood.
He was diagnosed with hypoparathyroidism.,He has a condition where the parathyroid glands produce too little hormone.
She has a case of myasthenia gravis.,She has a condition that causes weakness in the muscles.
The patient is experiencing hypernatremia.,The patient has high levels of sodium in the blood.
He was diagnosed with Crohn's disease.,He has a type of inflammatory bowel disease.
She has a case of epidermolysis bullosa.,She has a group of rare skin disorders that cause the skin to blister.
The patient is experiencing neutropenia.,"The patient has a low level of neutrophils, a type of white blood cell."
He was diagnosed with Wilson's disease.,He has a genetic disorder that causes too much copper to build up in the body.
She has a case of fibromuscular dysplasia.,She has a condition that causes narrowing of the arteries.
The patient is experiencing hypophosphatemia.,The patient has low levels of phosphate in the blood.
He was diagnosed with eosinophilic esophagitis.,He has a condition where white blood cells build up in the esophagus.
She has a case of thrombophilia.,She has a condition that makes her blood more likely to clot.
The patient is experiencing hyperphosphatemia.,The patient has high levels of phosphate in the blood.
He was diagnosed with acromegaly.,"He has a condition that causes abnormal growth of the hands, feet, and face."
She has a case of hemochromatosis.,She has a condition that causes too much iron to build up in the body.
The patient is experiencing hypomagnesemia.,The patient has low levels of magnesium in the blood.
He was diagnosed with eosinophilic esophagitis.,He has a condition where white blood cells build up in the esophagus.
She has a case of polycystic kidney disease (PKD).,She has a genetic disorder that causes cysts to form in the kidneys.
The patient is experiencing hypercalcemia.,The patient has high levels of calcium in the blood.
He was diagnosed with hypoparathyroidism.,He has a condition where the parathyroid glands produce too little hormone.
She has a case of myasthenia gravis.,She has a condition that causes weakness in the muscles.
The patient is experiencing hypernatremia.,The patient has high levels of sodium in the blood.
He was diagnosed with Crohn's disease.,He has a type of inflammatory bowel disease.
She has a case of epidermolysis bullosa.,She has a group of rare skin disorders that cause the skin to blister.
The patient is experiencing neutropenia.,"The patient has a low level of neutrophils, a type of white blood cell."
He was diagnosed with Wilson's disease.,He has a genetic disorder that causes too much copper to build up in the body.
She has a case of fibromuscular dysplasia.,She has a condition that causes narrowing of the arteries.
The patient is experiencing hypophosphatemia.,The patient has low levels of phosphate in the blood.
He was diagnosed with eosinophilic esophagitis.,He has a condition where white blood cells build up in the esophagus.
She has a case of thrombophilia.,She has a condition that makes her blood more likely to clot.
The patient is experiencing hyperphosphatemia.,The patient has high levels of phosphate in the blood.
He was diagnosed with acromegaly.,"He has a condition that causes abnormal growth of the hands, feet, and face."
She has a case of hemochromatosis.,She has a condition that causes too much iron to build up in the body.
The patient is experiencing hypomagnesemia.,The patient has low levels of magnesium in the blood.
He was diagnosed with eosinophilic esophagitis.,He has a condition where white blood cells build up in the esophagus.
She has a case of polycystic kidney disease (PKD).,She has a genetic disorder that causes cysts to form in the kidneys.
The patient is experiencing hypercalcemia.,The patient has high levels of calcium in the blood.
He was diagnosed with hypoparathyroidism.,He has a condition where the parathyroid glands produce too little hormone.
She has a case of myasthenia gravis.,She has a condition that causes weakness in the muscles.
The patient is experiencing hypernatremia.,The patient has high levels of sodium in the blood.
He was diagnosed with Crohn's disease.,He has a type of inflammatory bowel disease.
She has a case of epidermolysis bullosa.,She has a group of rare skin disorders that cause the skin to blister.
The patient is experiencing neutropenia.,"The patient has a low level of neutrophils, a type of white blood cell."
He was diagnosed with Wilson's disease.,He has a genetic disorder that causes too much copper to build up in the body.
She has a case of fibromuscular dysplasia.,She has a condition that causes narrowing of the arteries.
The patient is experiencing hypophosphatemia.,The patient has low levels of phosphate in the blood.
He was diagnosed with eosinophilic esophagitis.,He has a condition where white blood cells build up in the esophagus.
She has a case of thrombophilia.,She has a condition that makes her blood more likely to clot.
The patient is experiencing hyperphosphatemia.,The patient has high levels of phosphate in the blood.
He was diagnosed with acromegaly.,"He has a condition that causes abnormal growth of the hands, feet, and face."
She has a case of hemochromatosis.,She has a condition that causes too much iron to build up in the body.
The patient is experiencing hypomagnesemia.,The patient has low levels of magnesium in the blood.
He was diagnosed with eosinophilic esophagitis.,He has a condition where white blood cells build up in the esophagus.
She has a case of polycystic kidney disease (PKD).,She has a genetic disorder that causes cysts to form in the kidneys.
The patient is experiencing hypercalcemia.,The patient has high levels of calcium in the blood.
He was diagnosed with hypoparathyroidism.,He has a condition where the parathyroid glands produce too little hormone.
She has a case of myasthenia gravis.,She has a condition that causes weakness in the muscles.
The patient is experiencing hypernatremia.,The patient has high levels of sodium in the blood.
He was diagnosed with Crohn's disease.,He has a type of inflammatory bowel disease.
She has a case of epidermolysis bullosa.,She has a group of rare skin disorders that cause the skin to blister.
The patient is experiencing neutropenia.,"The patient has a low level of neutrophils, a type of white blood cell."
He was diagnosed with Wilson's disease.,He has a genetic disorder that causes too much copper to build up in the body.
She has a case of fibromuscular dysplasia.,She has a condition that causes narrowing of the arteries.
The patient is experiencing hypophosphatemia.,The patient has low levels of phosphate in the blood.
He was diagnosed with eosinophilic esophagitis.,He has a condition where white blood cells build up in the esophagus.
She has a case of thrombophilia.,She has a condition that makes her blood more likely to clot.
The patient is experiencing hyperphosphatemia.,The patient has high levels of phosphate in the blood.
He was diagnosed with acromegaly.,"He has a condition that causes abnormal growth of the hands, feet, and face."
She has a case of hemochromatosis.,She has a condition that causes too much iron to build up in the body.
The patient is experiencing hypomagnesemia.,The patient has low levels of magnesium in the blood.
He was diagnosed with eosinophilic esophagitis.,He has a condition where white blood cells build up in the esophagus.
She has a case of polycystic kidney disease (PKD).,She has a genetic disorder that causes cysts to form in the kidneys.
The patient is experiencing hypercalcemia.,The patient has high levels of calcium in the blood.
He was diagnosed with hypoparathyroidism.,He has a condition where the parathyroid glands produce too little hormone.
She has a case of myasthenia gravis.,She has a condition that causes weakness in the muscles.
The patient is experiencing hypernatremia.,The patient has high levels of sodium in the blood.
He was diagnosed with Crohn's disease.,He has a type of inflammatory bowel disease.
She has a case of epidermolysis bullosa.,She has a group of rare skin disorders that cause the skin to blister.
The patient is experiencing neutropenia.,"The patient has a low level of neutrophils, a type of white blood cell."
He was diagnosed with Wilson's disease.,He has a genetic disorder that causes too much copper to build up in the body.
She has a case of fibromuscular dysplasia.,She has a condition that causes narrowing of the arteries.
The patient is experiencing hypophosphatemia.,The patient has low levels of phosphate in the blood.
He was diagnosed with eosinophilic esophagitis.,He has a condition where white blood cells build up in the esophagus.
She has a case of thrombophilia.,She has a condition that makes her blood more likely to clot.
The patient is experiencing hyperphosphatemia.,The patient has high levels of phosphate in the blood.
He was diagnosed with acromegaly.,"He has a condition that causes abnormal growth of the hands, feet, and face."
She has a case of hemochromatosis.,She has a condition that causes too much iron to build up in the body.
The patient is experiencing hypomagnesemia.,The patient has low levels of magnesium in the blood.
He was diagnosed with eosinophilic esophagitis.,He has a condition where white blood cells build up in the esophagus.
She has a case of polycystic kidney disease (PKD).,She has a genetic disorder that causes cysts to form in the kidneys.
The patient is experiencing hypercalcemia.,The patient has high levels of calcium in the blood.
He was diagnosed with hypoparathyroidism.,He has a condition where the parathyroid glands produce too little hormone.
She has a case of myasthenia gravis.,She has a condition that causes weakness in the muscles.
The patient is experiencing hypernatremia.,The patient has high levels of sodium in the blood.
He was diagnosed with Crohn's disease.,He has a type of inflammatory bowel disease.
She has a case of epidermolysis bullosa.,She has a group of rare skin disorders that cause the skin to blister.
The patient is experiencing neutropenia.,"The patient has a low level of neutrophils, a type of white blood cell."
He was diagnosed with Wilson's disease.,He has a genetic disorder that causes too much copper to build up in the body.
She has a case of fibromuscular dysplasia.,She has a condition that causes narrowing of the arteries.
The patient is experiencing hypophosphatemia.,The patient has low levels of phosphate in the blood.
He was diagnosed with eosinophilic esophagitis.,He has a condition where white blood cells build up in the esophagus.
She has a case of thrombophilia.,She has a condition that makes her blood more likely to clot.
The patient is experiencing hyperphosphatemia.,The patient has high levels of phosphate in the blood.
He was diagnosed with acromegaly.,"He has a condition that causes abnormal growth of the hands, feet, and face."
She has a case of hemochromatosis.,She has a condition that causes too much iron to build up in the body.
The patient is experiencing hypomagnesemia.,The patient has low levels of magnesium in the blood.
He was diagnosed with eosinophilic esophagitis.,He has a condition where white blood cells build up in the esophagus.
She has a case of polycystic kidney disease (PKD).,She has a genetic disorder that causes cysts to form in the kidneys.
The patient is experiencing hypercalcemia.,The patient has high levels of calcium in the blood.
He was diagnosed with hypoparathyroidism.,He has a condition where the parathyroid glands produce too little hormone.
She has a case of myasthenia gravis.,She has a condition that causes weakness in the muscles.
The patient is experiencing hypernatremia.,The patient has high levels of sodium in the blood.
He was diagnosed with Crohn's disease.,He has a type of inflammatory bowel disease.
She has a case of epidermolysis bullosa.,She has a group of rare skin disorders that cause the skin to blister.
The patient is experiencing neutropenia.,"The patient has a low level of neutrophils, a type of white blood cell."
He was diagnosed with Wilson's disease.,He has a genetic disorder that causes too much copper to build up in the body.
She has a case of fibromuscular dysplasia.,She has a condition that causes narrowing of the arteries.
The patient is experiencing hypophosphatemia.,The patient has low levels of phosphate in the blood.
He was diagnosed with eosinophilic esophagitis.,He has a condition where white blood cells build up in the esophagus.
She has a case of thrombophilia.,She has a condition that makes her blood more likely to clot.
The patient is experiencing hyperphosphatemia.,The patient has high levels of phosphate in the blood.
He was diagnosed with acromegaly.,"He has a condition that causes abnormal growth of the hands, feet, and face."
She has a case of hemochromatosis.,She has a condition that causes too much iron to build up in the body.
The patient is experiencing hypomagnesemia.,The patient has low levels of magnesium in the blood.
He was diagnosed with eosinophilic esophagitis.,He has a condition where white blood cells build up in the esophagus.
She has a case of polycystic kidney disease (PKD).,She has a genetic disorder that causes cysts to form in the kidneys.
The patient is experiencing hypercalcemia.,The patient has high levels of calcium in the blood.
He was diagnosed with hypoparathyroidism.,He has a condition where the parathyroid glands produce too little hormone.
She has a case of myasthenia gravis.,She has a condition that causes weakness in the muscles.
The patient is experiencing hypernatremia.,The patient has high levels of sodium in the blood.
He was diagnosed with Crohn's disease.,He has a type of inflammatory bowel disease.
She has a case of epidermolysis bullosa.,She has a group of rare skin disorders that cause the skin to blister.
The patient is experiencing neutropenia.,"The patient has a low level of neutrophils, a type of white blood cell."
He was diagnosed with Wilson's disease.,He has a genetic disorder that causes too much copper to build up in the body.
She has a case of fibromuscular dysplasia.,She has a condition that causes narrowing of the arteries.
The patient is experiencing hypophosphatemia.,The patient has low levels of phosphate in the blood.
He was diagnosed with eosinophilic esophagitis.,He has a condition where white blood cells build up in the esophagus.
She has a case of thrombophilia.,She has a condition that makes her blood more likely to clot.
The patient is experiencing hyperphosphatemia.,The patient has high levels of phosphate in the blood.
He was diagnosed with acromegaly.,"He has a condition that causes abnormal growth of the hands, feet, and face."
She has a case of hemochromatosis.,She has a condition that causes too much iron to build up in the body.
The patient is experiencing hypomagnesemia.,The patient has low levels of magnesium in the blood.
He was diagnosed with eosinophilic esophagitis.,He has a condition where white blood cells build up in the esophagus.
She has a case of polycystic kidney disease (PKD).,She has a genetic disorder that causes cysts to form in the kidneys.
The patient is experiencing hypercalcemia.,The patient has high levels of calcium in the blood.
He was diagnosed with hypoparathyroidism.,He has a condition where the parathyroid glands produce too little hormone.
She has a case of myasthenia gravis.,She has a condition that causes weakness in the muscles.
The patient is experiencing hypernatremia.,The patient has high levels of sodium in the blood.
He was diagnosed with Crohn's disease.,He has a type of inflammatory bowel disease.
She has a case of epidermolysis bullosa.,She has a group of rare skin disorders that cause the skin to blister.
The patient is experiencing neutropenia.,"The patient has a low level of neutrophils, a type of white blood cell."
He was diagnosed with Wilson's disease.,He has a genetic disorder that causes too much copper to build up in the body.
She has a case of fibromuscular dysplasia.,She has a condition that causes narrowing of the arteries.
The patient is experiencing hypophosphatemia.,The patient has low levels of phosphate in the blood.
He was diagnosed with eosinophilic esophagitis.,He has a condition where white blood cells build up in the esophagus.
She has a case of thrombophilia.,She has a condition that makes her blood more likely to clot.
The patient is experiencing hyperphosphatemia.,The patient has high levels of phosphate in the blood.
He was diagnosed with acromegaly.,"He has a condition that causes abnormal growth of the hands, feet, and face."
She has a case of hemochromatosis.,She has a condition that causes too much iron to build up in the body.
The patient is experiencing hypomagnesemia.,The patient has low levels of magnesium in the blood.
He was diagnosed with eosinophilic esophagitis.,He has a condition where white blood cells build up in the esophagus.
She has a case of polycystic kidney disease (PKD).,She has a genetic disorder that causes cysts to form in the kidneys.
The patient is experiencing hypercalcemia.,The patient has high levels of calcium in the blood.
He was diagnosed with hypoparathyroidism.,He has a condition where the parathyroid glands produce too little hormone.
She has a case of myasthenia gravis.,She has a condition that causes weakness in the muscles.
The patient is experiencing hypernatremia.,The patient has high levels of sodium in the blood.
He was diagnosed with Crohn's disease.,He has a type of inflammatory bowel disease.
She has a case of epidermolysis bullosa.,She has a group of rare skin disorders that cause the skin to blister.
The patient is experiencing neutropenia.,"The patient has a low level of neutrophils, a type of white blood cell."
He was diagnosed with Wilson's disease.,He has a genetic disorder that causes too much copper to build up in the body.
She has a case of fibromuscular dysplasia.,She has a condition that causes narrowing of the arteries.
The patient is experiencing hypophosphatemia.,The patient has low levels of phosphate in the blood.
He was diagnosed with eosinophilic esophagitis.,He has a condition where white blood cells build up in the esophagus.
She has a case of thrombophilia.,She has a condition that makes her blood more likely to clot.
The patient is experiencing hyperphosphatemia.,The patient has high levels of phosphate in the blood.
He was diagnosed with acromegaly.,"He has a condition that causes abnormal growth of the hands, feet, and face."
She has a case of hemochromatosis.,She has a condition that causes too much iron to build up in the body.
The patient is experiencing hypomagnesemia.,The patient has low levels of magnesium in the blood.
He was diagnosed with eosinophilic esophagitis.,He has a condition where white blood cells build up in the esophagus.
She has a case of polycystic kidney disease (PKD).,She has a genetic disorder that causes cysts to form in the kidneys.
The patient is experiencing hypercalcemia.,The patient has high levels of calcium in the blood.
He was diagnosed with hypoparathyroidism.,He has a condition where the parathyroid glands produce too little hormone.
She has a case of myasthenia gravis.,She has a condition that causes weakness in the muscles.
The patient is experiencing hypernatremia.,The patient has high levels of sodium in the blood.
He was diagnosed with Crohn's disease.,He has a type of inflammatory bowel disease.
She has a case of epidermolysis bullosa.,She has a group of rare skin disorders that cause the skin to blister.
The patient is experiencing neutropenia.,"The patient has a low level of neutrophils, a type of white blood cell."
The patient was diagnosed with hypertension and hyperlipidemia.,The patient was diagnosed with hypertension (high blood pressure) and hyperlipidemia (high cholesterol).
He was administered a bronchodilator for his asthma exacerbation.,He was given a bronchodilator (medicine to open airways) for his asthma flare-up.
She underwent a laparoscopic cholecystectomy.,She had a laparoscopic cholecystectomy (keyhole surgery to remove the gallbladder).
The child presented with rhinorrhea and pharyngitis.,The child had rhinorrhea (runny nose) and pharyngitis (sore throat).
An echocardiogram revealed left ventricular hypertrophy.,An echocardiogram (heart ultrasound) showed left ventricular hypertrophy (thickening of the heart's left pumping chamber).
He was prescribed an ACE inhibitor for his chronic kidney disease.,He was prescribed an ACE inhibitor (a type of blood pressure medicine) for his chronic kidney disease.
She experienced dyspnea on exertion.,She had dyspnea on exertion (shortness of breath when active).
The patient exhibited signs of diabetic ketoacidosis.,The patient showed signs of diabetic ketoacidosis (a serious diabetes complication where the body produces excess blood acids).
He was found to have atrial fibrillation on his ECG.,His ECG (heart tracing) showed atrial fibrillation (an irregular heart rhythm).
She had a myocardial infarction and required immediate PCI.,She had a myocardial infarction (heart attack) and needed immediate PCI (a procedure to open blocked heart arteries).
He was diagnosed with obstructive sleep apnea.,He was diagnosed with obstructive sleep apnea (a condition where breathing stops and starts during sleep).
The patient was advised to undergo a colonoscopy.,The patient was advised to undergo a colonoscopy (a test to look inside the colon).
She had a bilateral mastectomy due to breast cancer.,She had a bilateral mastectomy (both breasts removed) due to breast cancer.
The infant was born with a congenital diaphragmatic hernia.,The infant was born with a congenital diaphragmatic hernia (a birth defect in the diaphragm).
The patient has chronic obstructive pulmonary disease.,The patient has chronic obstructive pulmonary disease (a long-term lung disease).
She was given a beta-blocker for her tachycardia.,She was given a beta-blocker (medicine that slows the heart rate) for her tachycardia (fast heart rate).
She underwent a total hip arthroplasty.,She had a total hip arthroplasty (hip replacement surgery).
The patient presented with hemoptysis.,The patient had hemoptysis (coughing up blood).
He was found to have an acute appendicitis.,He was found to have an acute appendicitis (sudden inflammation of the appendix).
She had a history of rheumatoid arthritis.,She had a history of rheumatoid arthritis (a type of joint inflammation).
He was treated with insulin for his type 1 diabetes.,He was treated with insulin for his type 1 diabetes (a condition where the body cannot produce insulin).
The child was diagnosed with attention deficit hyperactivity disorder.,"The child was diagnosed with attention deficit hyperactivity disorder (ADHD, a condition affecting attention and behavior)."
She underwent a cystoscopy to investigate hematuria.,She had a cystoscopy (a test to look inside the bladder) to investigate hematuria (blood in urine).
The patient was given a tetanus toxoid booster.,The patient was given a tetanus toxoid booster (a vaccine for tetanus).
He experienced an anaphylactic reaction to peanuts.,He had an anaphylactic reaction (severe allergic reaction) to peanuts.
She was diagnosed with systemic lupus erythematosus.,She was diagnosed with systemic lupus erythematosus (an autoimmune disease).
The patient required mechanical ventilation for respiratory failure.,The patient needed mechanical ventilation (a machine to help breathe) for respiratory failure (lungs not working properly).
He had a biopsy of the suspicious lesion.,He had a biopsy (sample taken) of the suspicious lesion (abnormal area of skin or tissue).
The patient was diagnosed with major depressive disorder.,The patient was diagnosed with major depressive disorder (a severe form of depression).
She had a positive tuberculin skin test.,She had a positive tuberculin skin test (a test indicating exposure to tuberculosis).
The patient was given a statin for hypercholesterolemia.,The patient was given a statin (cholesterol-lowering medicine) for hypercholesterolemia (high cholesterol).
He experienced a transient ischemic attack.,He had a transient ischemic attack (a brief stroke).
She underwent a hysterectomy for uterine fibroids.,She had a hysterectomy (removal of the uterus) for uterine fibroids (non-cancerous growths in the uterus).
The patient was treated for bacterial endocarditis.,The patient was treated for bacterial endocarditis (an infection of the heart lining).
He presented with epigastric pain.,He had epigastric pain (pain in the upper stomach area).
The patient was diagnosed with chronic pancreatitis.,The patient was diagnosed with chronic pancreatitis (long-term inflammation of the pancreas).
She had a percutaneous coronary intervention.,She had a percutaneous coronary intervention (a procedure to open blocked heart arteries).
The child was diagnosed with celiac disease.,The child was diagnosed with celiac disease (a condition where gluten causes damage to the intestines).
He was treated for chronic hepatitis C.,He was treated for chronic hepatitis C (a long-term liver infection).
She experienced an exacerbation of her chronic bronchitis.,She had a flare-up of her chronic bronchitis (long-term lung inflammation).
The patient was given a diuretic for congestive heart failure.,The patient was given a diuretic (medicine to remove excess fluid) for congestive heart failure (a condition where the heart cannot pump blood effectively).
He presented with acute pyelonephritis.,He had acute pyelonephritis (a sudden kidney infection).
She had an elective cesarean section.,She had an elective cesarean section (planned C-section).
The patient was treated for deep vein thrombosis.,The patient was treated for deep vein thrombosis (a blood clot in a deep vein).
He was given a proton pump inhibitor for his GERD.,He was given a proton pump inhibitor (medicine to reduce stomach acid) for his GERD (acid reflux).
She underwent a total knee arthroplasty.,She had a total knee arthroplasty (knee replacement surgery).
The patient was diagnosed with chronic sinusitis.,The patient was diagnosed with chronic sinusitis (long-term inflammation of the sinuses).
He experienced a pulmonary embolism.,He had a pulmonary embolism (a blood clot in the lungs).
The patient was given an antipyretic for his fever.,The patient was given an antipyretic (medicine to reduce fever).
He was diagnosed with peripheral artery disease.,He was diagnosed with peripheral artery disease (narrowing of blood vessels outside the heart).
She underwent an endoscopic retrograde cholangiopancreatography.,She had an endoscopic retrograde cholangiopancreatography (a test to examine the bile ducts and pancreas).
The patient was treated for bacterial meningitis.,The patient was treated for bacterial meningitis (an infection of the membranes around the brain and spinal cord).
He was given an antihistamine for his allergic rhinitis.,He was given an antihistamine (medicine to reduce allergy symptoms) for his allergic rhinitis (hay fever).
She had a computed tomography scan of the abdomen.,She had a computed tomography (CT) scan of the abdomen (a detailed scan of the stomach area).
The patient was diagnosed with polymyalgia rheumatica.,The patient was diagnosed with polymyalgia rheumatica (a condition causing muscle pain and stiffness).
He presented with a pneumothorax.,He had a pneumothorax (collapsed lung).
She experienced an exacerbation of her multiple sclerosis.,She had a flare-up of her multiple sclerosis (a disease affecting the nerves).
The patient was given a corticosteroid for his asthma.,The patient was given a corticosteroid (medicine to reduce inflammation) for his asthma.
He underwent a lumbar puncture to diagnose meningitis.,He had a lumbar puncture (spinal tap) to diagnose meningitis (an infection of the membranes around the brain and spinal cord).
She was treated for acute pancreatitis.,She was treated for acute pancreatitis (sudden inflammation of the pancreas).
The patient presented with hematuria.,The patient had hematuria (blood in urine).
He was given a statin for hyperlipidemia.,He was given a statin (cholesterol-lowering medicine) for hyperlipidemia (high cholesterol).
She was diagnosed with endometriosis.,She was diagnosed with endometriosis (a condition where tissue similar to the lining of the uterus grows outside it).
The patient underwent a coronary artery bypass graft.,The patient had a coronary artery bypass graft (surgery to improve blood flow to the heart).
He experienced a transient ischemic attack.,He had a transient ischemic attack (a brief stroke).
She was diagnosed with chronic obstructive pulmonary disease.,She was diagnosed with chronic obstructive pulmonary disease (a long-term lung disease).
The patient was given an antipyretic for his fever.,The patient was given an antipyretic (medicine to reduce fever).
He was diagnosed with peripheral artery disease.,He was diagnosed with peripheral artery disease (narrowing of blood vessels outside the heart).
She underwent an endoscopic retrograde cholangiopancreatography.,She had an endoscopic retrograde cholangiopancreatography (a test to examine the bile ducts and pancreas).
The patient was treated for bacterial meningitis.,The patient was treated for bacterial meningitis (an infection of the membranes around the brain and spinal cord).
He was given an antihistamine for his allergic rhinitis.,He was given an antihistamine (medicine to reduce allergy symptoms) for his allergic rhinitis (hay fever).
She had a computed tomography scan of the abdomen.,She had a computed tomography (CT) scan of the abdomen (a detailed scan of the stomach area).
The patient was diagnosed with polymyalgia rheumatica.,The patient was diagnosed with polymyalgia rheumatica (a condition causing muscle pain and stiffness).
He presented with a pneumothorax.,He had a pneumothorax (collapsed lung).
She experienced an exacerbation of her multiple sclerosis.,She had a flare-up of her multiple sclerosis (a disease affecting the nerves).
The patient was given a corticosteroid for his asthma.,The patient was given a corticosteroid (medicine to reduce inflammation) for his asthma.
He underwent a lumbar puncture to diagnose meningitis.,He had a lumbar puncture (spinal tap) to diagnose meningitis (an infection of the membranes around the brain and spinal cord).
She was treated for acute pancreatitis.,She was treated for acute pancreatitis (sudden inflammation of the pancreas).
The patient presented with hematuria.,The patient had hematuria (blood in urine).
He was given a statin for hyperlipidemia.,He was given a statin (cholesterol-lowering medicine) for hyperlipidemia (high cholesterol).
She was diagnosed with endometriosis.,She was diagnosed with endometriosis (a condition where tissue similar to the lining of the uterus grows outside it).
The patient underwent a coronary artery bypass graft.,The patient had a coronary artery bypass graft (surgery to improve blood flow to the heart).
He experienced a transient ischemic attack.,He had a transient ischemic attack (a brief stroke).
She was diagnosed with chronic obstructive pulmonary disease.,She was diagnosed with chronic obstructive pulmonary disease (a long-term lung disease).
The patient was given an antipyretic for his fever.,The patient was given an antipyretic (medicine to reduce fever).
He was diagnosed with peripheral artery disease.,He was diagnosed with peripheral artery disease (narrowing of blood vessels outside the heart).
She underwent an endoscopic retrograde cholangiopancreatography.,She had an endoscopic retrograde cholangiopancreatography (a test to examine the bile ducts and pancreas).
The patient was treated for bacterial meningitis.,The patient was treated for bacterial meningitis (an infection of the membranes around the brain and spinal cord).
He was given an antihistamine for his allergic rhinitis.,He was given an antihistamine (medicine to reduce allergy symptoms) for his allergic rhinitis (hay fever).
She had a computed tomography scan of the abdomen.,She had a computed tomography (CT) scan of the abdomen (a detailed scan of the stomach area).
The patient was diagnosed with polymyalgia rheumatica.,The patient was diagnosed with polymyalgia rheumatica (a condition causing muscle pain and stiffness).
He presented with a pneumothorax.,He had a pneumothorax (collapsed lung).
She experienced an exacerbation of her multiple sclerosis.,She had a flare-up of her multiple sclerosis (a disease affecting the nerves).
The patient was given a corticosteroid for his asthma.,The patient was given a corticosteroid (medicine to reduce inflammation) for his asthma.
He underwent a lumbar puncture to diagnose meningitis.,He had a lumbar puncture (spinal tap) to diagnose meningitis (an infection of the membranes around the brain and spinal cord).
She was treated for acute pancreatitis.,She was treated for acute pancreatitis (sudden inflammation of the pancreas).
The patient presented with hematuria.,The patient had hematuria (blood in urine).
He was given a statin for hyperlipidemia.,He was given a statin (cholesterol-lowering medicine) for hyperlipidemia (high cholesterol).
She was diagnosed with endometriosis.,She was diagnosed with endometriosis (a condition where tissue similar to the lining of the uterus grows outside it).
The patient underwent a coronary artery bypass graft.,The patient had a coronary artery bypass graft (surgery to improve blood flow to the heart).
He experienced a transient ischemic attack.,He had a transient ischemic attack (a brief stroke).
She was diagnosed with chronic obstructive pulmonary disease.,She was diagnosed with chronic obstructive pulmonary disease (a long-term lung disease).
The patient was given an antipyretic for his fever.,The patient was given an antipyretic (medicine to reduce fever).
He was diagnosed with peripheral artery disease.,He was diagnosed with peripheral artery disease (narrowing of blood vessels outside the heart).
She underwent an endoscopic retrograde cholangiopancreatography.,She had an endoscopic retrograde cholangiopancreatography (a test to examine the bile ducts and pancreas).
The patient was treated for bacterial meningitis.,The patient was treated for bacterial meningitis (an infection of the membranes around the brain and spinal cord).
He was given an antihistamine for his allergic rhinitis.,He was given an antihistamine (medicine to reduce allergy symptoms) for his allergic rhinitis (hay fever).
She had a computed tomography scan of the abdomen.,She had a computed tomography (CT) scan of the abdomen (a detailed scan of the stomach area).
The patient was diagnosed with polymyalgia rheumatica.,The patient was diagnosed with polymyalgia rheumatica (a condition causing muscle pain and stiffness).
He presented with a pneumothorax.,He had a pneumothorax (collapsed lung).
She experienced an exacerbation of her multiple sclerosis.,She had a flare-up of her multiple sclerosis (a disease affecting the nerves).
The patient was given a corticosteroid for his asthma.,The patient was given a corticosteroid (medicine to reduce inflammation) for his asthma.
He underwent a lumbar puncture to diagnose meningitis.,He had a lumbar puncture (spinal tap) to diagnose meningitis (an infection of the membranes around the brain and spinal cord).
She was treated for acute pancreatitis.,She was treated for acute pancreatitis (sudden inflammation of the pancreas).
The patient presented with hematuria.,The patient had hematuria (blood in urine).
He was given a statin for hyperlipidemia.,He was given a statin (cholesterol-lowering medicine) for hyperlipidemia (high cholesterol).
She was diagnosed with endometriosis.,She was diagnosed with endometriosis (a condition where tissue similar to the lining of the uterus grows outside it).
The patient underwent a coronary artery bypass graft.,The patient had a coronary artery bypass graft (surgery to improve blood flow to the heart).
He experienced a transient ischemic attack.,He had a transient ischemic attack (a brief stroke).
She was diagnosed with chronic obstructive pulmonary disease.,She was diagnosed with chronic obstructive pulmonary disease (a long-term lung disease).
The patient was given an antipyretic for his fever.,The patient was given an antipyretic (medicine to reduce fever).
He was diagnosed with peripheral artery disease.,He was diagnosed with peripheral artery disease (narrowing of blood vessels outside the heart).
She underwent an endoscopic retrograde cholangiopancreatography.,She had an endoscopic retrograde cholangiopancreatography (a test to examine the bile ducts and pancreas).
The patient was treated for bacterial meningitis.,The patient was treated for bacterial meningitis (an infection of the membranes around the brain and spinal cord).
He was given an antihistamine for his allergic rhinitis.,He was given an antihistamine (medicine to reduce allergy symptoms) for his allergic rhinitis (hay fever).
She had a computed tomography scan of the abdomen.,She had a computed tomography (CT) scan of the abdomen (a detailed scan of the stomach area).
The patient was diagnosed with polymyalgia rheumatica.,The patient was diagnosed with polymyalgia rheumatica (a condition causing muscle pain and stiffness).
He presented with a pneumothorax.,He had a pneumothorax (collapsed lung).
She experienced an exacerbation of her multiple sclerosis.,She had a flare-up of her multiple sclerosis (a disease affecting the nerves).
The patient was given a corticosteroid for his asthma.,The patient was given a corticosteroid (medicine to reduce inflammation) for his asthma.
He underwent a lumbar puncture to diagnose meningitis.,He had a lumbar puncture (spinal tap) to diagnose meningitis (an infection of the membranes around the brain and spinal cord).
She was treated for acute pancreatitis.,She was treated for acute pancreatitis (sudden inflammation of the pancreas).
The patient presented with hematuria.,The patient had hematuria (blood in urine).
He was given a statin for hyperlipidemia.,He was given a statin (cholesterol-lowering medicine) for hyperlipidemia (high cholesterol).
She was diagnosed with endometriosis.,She was diagnosed with endometriosis (a condition where tissue similar to the lining of the uterus grows outside it).
The patient underwent a coronary artery bypass graft.,The patient had a coronary artery bypass graft (surgery to improve blood flow to the heart).
He experienced a transient ischemic attack.,He had a transient ischemic attack (a brief stroke).
She was diagnosed with chronic obstructive pulmonary disease.,She was diagnosed with chronic obstructive pulmonary disease (a long-term lung disease).
The patient was given an antipyretic for his fever.,The patient was given an antipyretic (medicine to reduce fever).
He was diagnosed with peripheral artery disease.,He was diagnosed with peripheral artery disease (narrowing of blood vessels outside the heart).
She underwent an endoscopic retrograde cholangiopancreatography.,She had an endoscopic retrograde cholangiopancreatography (a test to examine the bile ducts and pancreas).
The patient was treated for bacterial meningitis.,The patient was treated for bacterial meningitis (an infection of the membranes around the brain and spinal cord).
He was given an antihistamine for his allergic rhinitis.,He was given an antihistamine (medicine to reduce allergy symptoms) for his allergic rhinitis (hay fever).
She had a computed tomography scan of the abdomen.,She had a computed tomography (CT) scan of the abdomen (a detailed scan of the stomach area).
The patient was diagnosed with polymyalgia rheumatica.,The patient was diagnosed with polymyalgia rheumatica (a condition causing muscle pain and stiffness).
He presented with a pneumothorax.,He had a pneumothorax (collapsed lung).
She experienced an exacerbation of her multiple sclerosis.,She had a flare-up of her multiple sclerosis (a disease affecting the nerves).
The patient was given a corticosteroid for his asthma.,The patient was given a corticosteroid (medicine to reduce inflammation) for his asthma.
He underwent a lumbar puncture to diagnose meningitis.,He had a lumbar puncture (spinal tap) to diagnose meningitis (an infection of the membranes around the brain and spinal cord).
She was treated for acute pancreatitis.,She was treated for acute pancreatitis (sudden inflammation of the pancreas).
The patient presented with hematuria.,The patient had hematuria (blood in urine).
He was given a statin for hyperlipidemia.,He was given a statin (cholesterol-lowering medicine) for hyperlipidemia (high cholesterol).
She was diagnosed with endometriosis.,She was diagnosed with endometriosis (a condition where tissue similar to the lining of the uterus grows outside it).
The patient underwent a coronary artery bypass graft.,The patient had a coronary artery bypass graft (surgery to improve blood flow to the heart).
He experienced a transient ischemic attack.,He had a transient ischemic attack (a brief stroke).
She was diagnosed with chronic obstructive pulmonary disease.,She was diagnosed with chronic obstructive pulmonary disease (a long-term lung disease).
The patient was given an antipyretic for his fever.,The patient was given an antipyretic (medicine to reduce fever).
He was diagnosed with peripheral artery disease.,He was diagnosed with peripheral artery disease (narrowing of blood vessels outside the heart).
She underwent an endoscopic retrograde cholangiopancreatography.,She had an endoscopic retrograde cholangiopancreatography (a test to examine the bile ducts and pancreas).
The patient was treated for bacterial meningitis.,The patient was treated for bacterial meningitis (an infection of the membranes around the brain and spinal cord).
He was given an antihistamine for his allergic rhinitis.,He was given an antihistamine (medicine to reduce allergy symptoms) for his allergic rhinitis (hay fever).
She had a computed tomography scan of the abdomen.,She had a computed tomography (CT) scan of the abdomen (a detailed scan of the stomach area).
The patient was diagnosed with polymyalgia rheumatica.,The patient was diagnosed with polymyalgia rheumatica (a condition causing muscle pain and stiffness).
He presented with a pneumothorax.,He had a pneumothorax (collapsed lung).
She experienced an exacerbation of her multiple sclerosis.,She had a flare-up of her multiple sclerosis (a disease affecting the nerves).
The patient was given a corticosteroid for his asthma.,The patient was given a corticosteroid (medicine to reduce inflammation) for his asthma.
He underwent a lumbar puncture to diagnose meningitis.,He had a lumbar puncture (spinal tap) to diagnose meningitis (an infection of the membranes around the brain and spinal cord).
She was treated for acute pancreatitis.,She was treated for acute pancreatitis (sudden inflammation of the pancreas).
The patient presented with hematuria.,The patient had hematuria (blood in urine).
He was given a statin for hyperlipidemia.,He was given a statin (cholesterol-lowering medicine) for hyperlipidemia (high cholesterol).
She was diagnosed with endometriosis.,She was diagnosed with endometriosis (a condition where tissue similar to the lining of the uterus grows outside it).
The patient underwent a coronary artery bypass graft.,The patient had a coronary artery bypass graft (surgery to improve blood flow to the heart).
He experienced a transient ischemic attack.,He had a transient ischemic attack (a brief stroke).
She was diagnosed with chronic obstructive pulmonary disease.,She was diagnosed with chronic obstructive pulmonary disease (a long-term lung disease).
The patient was given an antipyretic for his fever.,The patient was given an antipyretic (medicine to reduce fever).
He was diagnosed with peripheral artery disease.,He was diagnosed with peripheral artery disease (narrowing of blood vessels outside the heart).
She underwent an endoscopic retrograde cholangiopancreatography.,She had an endoscopic retrograde cholangiopancreatography (a test to examine the bile ducts and pancreas).
The patient was treated for bacterial meningitis.,The patient was treated for bacterial meningitis (an infection of the membranes around the brain and spinal cord).
He was given an antihistamine for his allergic rhinitis.,He was given an antihistamine (medicine to reduce allergy symptoms) for his allergic rhinitis (hay fever).
She had a computed tomography scan of the abdomen.,She had a computed tomography (CT) scan of the abdomen (a detailed scan of the stomach area).
The patient was diagnosed with polymyalgia rheumatica.,The patient was diagnosed with polymyalgia rheumatica (a condition causing muscle pain and stiffness).
He presented with a pneumothorax.,He had a pneumothorax (collapsed lung).
She experienced an exacerbation of her multiple sclerosis.,She had a flare-up of her multiple sclerosis (a disease affecting the nerves).
The patient was given a corticosteroid for his asthma.,The patient was given a corticosteroid (medicine to reduce inflammation) for his asthma.
He underwent a lumbar puncture to diagnose meningitis.,He had a lumbar puncture (spinal tap) to diagnose meningitis (an infection of the membranes around the brain and spinal cord).
She was treated for acute pancreatitis.,She was treated for acute pancreatitis (sudden inflammation of the pancreas).
The patient presented with hematuria.,The patient had hematuria (blood in urine).
He was given a statin for hyperlipidemia.,He was given a statin (cholesterol-lowering medicine) for hyperlipidemia (high cholesterol).
She was diagnosed with endometriosis.,She was diagnosed with endometriosis (a condition where tissue similar to the lining of the uterus grows outside it).
The patient underwent a coronary artery bypass graft.,The patient had a coronary artery bypass graft (surgery to improve blood flow to the heart).
He experienced a transient ischemic attack.,He had a transient ischemic attack (a brief stroke).
She was diagnosed with chronic obstructive pulmonary disease.,She was diagnosed with chronic obstructive pulmonary disease (a long-term lung disease).
The patient was given an antipyretic for his fever.,The patient was given an antipyretic (medicine to reduce fever).
He was diagnosed with peripheral artery disease.,He was diagnosed with peripheral artery disease (narrowing of blood vessels outside the heart).
She underwent an endoscopic retrograde cholangiopancreatography.,She had an endoscopic retrograde cholangiopancreatography (a test to examine the bile ducts and pancreas).
The patient was treated for bacterial meningitis.,The patient was treated for bacterial meningitis (an infection of the membranes around the brain and spinal cord).
He was given an antihistamine for his allergic rhinitis.,He was given an antihistamine (medicine to reduce allergy symptoms) for his allergic rhinitis (hay fever).
She had a computed tomography scan of the abdomen.,She had a computed tomography (CT) scan of the abdomen (a detailed scan of the stomach area).
The patient was diagnosed with polymyalgia rheumatica.,The patient was diagnosed with polymyalgia rheumatica (a condition causing muscle pain and stiffness).
He presented with a pneumothorax.,He had a pneumothorax (collapsed lung).
She experienced an exacerbation of her multiple sclerosis.,She had a flare-up of her multiple sclerosis (a disease affecting the nerves).
The patient was given a corticosteroid for his asthma.,The patient was given a corticosteroid (medicine to reduce inflammation) for his asthma.
He underwent a lumbar puncture to diagnose meningitis.,He had a lumbar puncture (spinal tap) to diagnose meningitis (an infection of the membranes around the brain and spinal cord).
She was treated for acute pancreatitis.,She was treated for acute pancreatitis (sudden inflammation of the pancreas).
The patient presented with hematuria.,The patient had hematuria (blood in urine).
He was given a statin for hyperlipidemia.,He was given a statin (cholesterol-lowering medicine) for hyperlipidemia (high cholesterol).
She was diagnosed with endometriosis.,She was diagnosed with endometriosis (a condition where tissue similar to the lining of the uterus grows outside it).
The patient underwent a coronary artery bypass graft.,The patient had a coronary artery bypass graft (surgery to improve blood flow to the heart).
He experienced a transient ischemic attack.,He had a transient ischemic attack (a brief stroke).
She was diagnosed with chronic obstructive pulmonary disease.,She was diagnosed with chronic obstructive pulmonary disease (a long-term lung disease).
The patient was given an antipyretic for his fever.,The patient was given an antipyretic (medicine to reduce fever).
He was diagnosed with peripheral artery disease.,He was diagnosed with peripheral artery disease (narrowing of blood vessels outside the heart).
She underwent an endoscopic retrograde cholangiopancreatography.,She had an endoscopic retrograde cholangiopancreatography (a test to examine the bile ducts and pancreas).
The patient was treated for bacterial meningitis.,The patient was treated for bacterial meningitis (an infection of the membranes around the brain and spinal cord).
He was given an antihistamine for his allergic rhinitis.,He was given an antihistamine (medicine to reduce allergy symptoms) for his allergic rhinitis (hay fever).
She had a computed tomography scan of the abdomen.,She had a computed tomography (CT) scan of the abdomen (a detailed scan of the stomach area).
The patient was diagnosed with polymyalgia rheumatica.,The patient was diagnosed with polymyalgia rheumatica (a condition causing muscle pain and stiffness).
He presented with a pneumothorax.,He had a pneumothorax (collapsed lung).
She experienced an exacerbation of her multiple sclerosis.,She had a flare-up of her multiple sclerosis (a disease affecting the nerves).
The patient was given a corticosteroid for his asthma.,The patient was given a corticosteroid (medicine to reduce inflammation) for his asthma.
He underwent a lumbar puncture to diagnose meningitis.,He had a lumbar puncture (spinal tap) to diagnose meningitis (an infection of the membranes around the brain and spinal cord).
She was treated for acute pancreatitis.,She was treated for acute pancreatitis (sudden inflammation of the pancreas).
The patient presented with hematuria.,The patient had hematuria (blood in urine).
He was given a statin for hyperlipidemia.,He was given a statin (cholesterol-lowering medicine) for hyperlipidemia (high cholesterol).
She was diagnosed with endometriosis.,She was diagnosed with endometriosis (a condition where tissue similar to the lining of the uterus grows outside it).
The patient underwent a coronary artery bypass graft.,The patient had a coronary artery bypass graft (surgery to improve blood flow to the heart).
He experienced a transient ischemic attack.,He had a transient ischemic attack (a brief stroke).
She was diagnosed with chronic obstructive pulmonary disease.,She was diagnosed with chronic obstructive pulmonary disease (a long-term lung disease).
The patient was given an antipyretic for his fever.,The patient was given an antipyretic (medicine to reduce fever).
He was diagnosed with peripheral artery disease.,He was diagnosed with peripheral artery disease (narrowing of blood vessels outside the heart).
She underwent an endoscopic retrograde cholangiopancreatography.,She had an endoscopic retrograde cholangiopancreatography (a test to examine the bile ducts and pancreas).
The patient was treated for bacterial meningitis.,The patient was treated for bacterial meningitis (an infection of the membranes around the brain and spinal cord).
He was given an antihistamine for his allergic rhinitis.,He was given an antihistamine (medicine to reduce allergy symptoms) for his allergic rhinitis (hay fever).
She had a computed tomography scan of the abdomen.,She had a computed tomography (CT) scan of the abdomen (a detailed scan of the stomach area).
The patient was diagnosed with polymyalgia rheumatica.,The patient was diagnosed with polymyalgia rheumatica (a condition causing muscle pain and stiffness).
He presented with a pneumothorax.,He had a pneumothorax (collapsed lung).
She experienced an exacerbation of her multiple sclerosis.,She had a flare-up of her multiple sclerosis (a disease affecting the nerves).
The patient was given a corticosteroid for his asthma.,The patient was given a corticosteroid (medicine to reduce inflammation) for his asthma.
He underwent a lumbar puncture to diagnose meningitis.,He had a lumbar puncture (spinal tap) to diagnose meningitis (an infection of the membranes around the brain and spinal cord).
She was treated for acute pancreatitis.,She was treated for acute pancreatitis (sudden inflammation of the pancreas).
The patient presented with hematuria.,The patient had hematuria (blood in urine).
He was given a statin for hyperlipidemia.,He was given a statin (cholesterol-lowering medicine) for hyperlipidemia (high cholesterol).
She was diagnosed with endometriosis.,She was diagnosed with endometriosis (a condition where tissue similar to the lining of the uterus grows outside it).
The patient underwent a coronary artery bypass graft.,The patient had a coronary artery bypass graft (surgery to improve blood flow to the heart).
He experienced a transient ischemic attack.,He had a transient ischemic attack (a brief stroke).
She was diagnosed with chronic obstructive pulmonary disease.,She was diagnosed with chronic obstructive pulmonary disease (a long-term lung disease).
The patient was given an antipyretic for his fever.,The patient was given an antipyretic (medicine to reduce fever).
He was diagnosed with peripheral artery disease.,He was diagnosed with peripheral artery disease (narrowing of blood vessels outside the heart).
She underwent an endoscopic retrograde cholangiopancreatography.,She had an endoscopic retrograde cholangiopancreatography (a test to examine the bile ducts and pancreas).
The patient was treated for bacterial meningitis.,The patient was treated for bacterial meningitis (an infection of the membranes around the brain and spinal cord).
He was given an antihistamine for his allergic rhinitis.,He was given an antihistamine (medicine to reduce allergy symptoms) for his allergic rhinitis (hay fever).
She had a computed tomography scan of the abdomen.,She had a computed tomography (CT) scan of the abdomen (a detailed scan of the stomach area).
The patient was diagnosed with polymyalgia rheumatica.,The patient was diagnosed with polymyalgia rheumatica (a condition causing muscle pain and stiffness).
He presented with a pneumothorax.,He had a pneumothorax (collapsed lung).
She experienced an exacerbation of her multiple sclerosis.,She had a flare-up of her multiple sclerosis (a disease affecting the nerves).
The patient was given a corticosteroid for his asthma.,The patient was given a corticosteroid (medicine to reduce inflammation) for his asthma.
He underwent a lumbar puncture to diagnose meningitis.,He had a lumbar puncture (spinal tap) to diagnose meningitis (an infection of the membranes around the brain and spinal cord).
She was treated for acute pancreatitis.,She was treated for acute pancreatitis (sudden inflammation of the pancreas).
The patient presented with hematuria.,The patient had hematuria (blood in urine).
He was given a statin for hyperlipidemia.,He was given a statin (cholesterol-lowering medicine) for hyperlipidemia (high cholesterol).
She was diagnosed with endometriosis.,She was diagnosed with endometriosis (a condition where tissue similar to the lining of the uterus grows outside it).
The patient underwent a coronary artery bypass graft.,The patient had a coronary artery bypass graft (surgery to improve blood flow to the heart).
He experienced a transient ischemic attack.,He had a transient ischemic attack (a brief stroke).
She was diagnosed with chronic obstructive pulmonary disease.,She was diagnosed with chronic obstructive pulmonary disease (a long-term lung disease).
The patient was given an antipyretic for his fever.,The patient was given an antipyretic (medicine to reduce fever).
He was diagnosed with peripheral artery disease.,He was diagnosed with peripheral artery disease (narrowing of blood vessels outside the heart).
She underwent an endoscopic retrograde cholangiopancreatography.,She had an endoscopic retrograde cholangiopancreatography (a test to examine the bile ducts and pancreas).
The patient was treated for bacterial meningitis.,The patient was treated for bacterial meningitis (an infection of the membranes around the brain and spinal cord).
He was given an antihistamine for his allergic rhinitis.,He was given an antihistamine (medicine to reduce allergy symptoms) for his allergic rhinitis (hay fever).
She had a computed tomography scan of the abdomen.,She had a computed tomography (CT) scan of the abdomen (a detailed scan of the stomach area).
The patient was diagnosed with polymyalgia rheumatica.,The patient was diagnosed with polymyalgia rheumatica (a condition causing muscle pain and stiffness).
He presented with a pneumothorax.,He had a pneumothorax (collapsed lung).
She experienced an exacerbation of her multiple sclerosis.,She had a flare-up of her multiple sclerosis (a disease affecting the nerves).
The patient was given a corticosteroid for his asthma.,The patient was given a corticosteroid (medicine to reduce inflammation) for his asthma.
He underwent a lumbar puncture to diagnose meningitis.,He had a lumbar puncture (spinal tap) to diagnose meningitis (an infection of the membranes around the brain and spinal cord).
She was treated for acute pancreatitis.,She was treated for acute pancreatitis (sudden inflammation of the pancreas).
The patient presented with hematuria.,The patient had hematuria (blood in urine).
He was given a statin for hyperlipidemia.,He was given a statin (cholesterol-lowering medicine) for hyperlipidemia (high cholesterol).
She was diagnosed with endometriosis.,She was diagnosed with endometriosis (a condition where tissue similar to the lining of the uterus grows outside it).
The patient underwent a coronary artery bypass graft.,The patient had a coronary artery bypass graft (surgery to improve blood flow to the heart).
He experienced a transient ischemic attack.,He had a transient ischemic attack (a brief stroke).
She was diagnosed with chronic obstructive pulmonary disease.,She was diagnosed with chronic obstructive pulmonary disease (a long-term lung disease).
The patient was given an antipyretic for his fever.,The patient was given an antipyretic (medicine to reduce fever).
He was diagnosed with peripheral artery disease.,He was diagnosed with peripheral artery disease (narrowing of blood vessels outside the heart).
She underwent an endoscopic retrograde cholangiopancreatography.,She had an endoscopic retrograde cholangiopancreatography (a test to examine the bile ducts and pancreas).
The patient was treated for bacterial meningitis.,The patient was treated for bacterial meningitis (an infection of the membranes around the brain and spinal cord).
He was given an antihistamine for his allergic rhinitis.,He was given an antihistamine (medicine to reduce allergy symptoms) for his allergic rhinitis (hay fever).
She had a computed tomography scan of the abdomen.,She had a computed tomography (CT) scan of the abdomen (a detailed scan of the stomach area).
The patient was diagnosed with polymyalgia rheumatica.,The patient was diagnosed with polymyalgia rheumatica (a condition causing muscle pain and stiffness).
He presented with a pneumothorax.,He had a pneumothorax (collapsed lung).
She experienced an exacerbation of her multiple sclerosis.,She had a flare-up of her multiple sclerosis (a disease affecting the nerves).
The patient was given a corticosteroid for his asthma.,The patient was given a corticosteroid (medicine to reduce inflammation) for his asthma.
He underwent a lumbar puncture to diagnose meningitis.,He had a lumbar puncture (spinal tap) to diagnose meningitis (an infection of the membranes around the brain and spinal cord).
She was treated for acute pancreatitis.,She was treated for acute pancreatitis (sudden inflammation of the pancreas).
The patient presented with hematuria.,The patient had hematuria (blood in urine).
He was given a statin for hyperlipidemia.,He was given a statin (cholesterol-lowering medicine) for hyperlipidemia (high cholesterol).
She was diagnosed with endometriosis.,She was diagnosed with endometriosis (a condition where tissue similar to the lining of the uterus grows outside it).
The patient underwent a coronary artery bypass graft.,The patient had a coronary artery bypass graft (surgery to improve blood flow to the heart).
He experienced a transient ischemic attack.,He had a transient ischemic attack (a brief stroke).
She was diagnosed with chronic obstructive pulmonary disease.,She was diagnosed with chronic obstructive pulmonary disease (a long-term lung disease).
The patient was given an antipyretic for his fever.,The patient was given an antipyretic (medicine to reduce fever).
He was diagnosed with peripheral artery disease.,He was diagnosed with peripheral artery disease (narrowing of blood vessels outside the heart).
She underwent an endoscopic retrograde cholangiopancreatography.,She had an endoscopic retrograde cholangiopancreatography (a test to examine the bile ducts and pancreas).
The patient was treated for bacterial meningitis.,The patient was treated for bacterial meningitis (an infection of the membranes around the brain and spinal cord).
He was given an antihistamine for his allergic rhinitis.,He was given an antihistamine (medicine to reduce allergy symptoms) for his allergic rhinitis (hay fever).
She had a computed tomography scan of the abdomen.,She had a computed tomography (CT) scan of the abdomen (a detailed scan of the stomach area).
The patient was diagnosed with polymyalgia rheumatica.,The patient was diagnosed with polymyalgia rheumatica (a condition causing muscle pain and stiffness).
He presented with a pneumothorax.,He had a pneumothorax (collapsed lung).
She experienced an exacerbation of her multiple sclerosis.,She had a flare-up of her multiple sclerosis (a disease affecting the nerves).
The patient was given a corticosteroid for his asthma.,The patient was given a corticosteroid (medicine to reduce inflammation) for his asthma.
He underwent a lumbar puncture to diagnose meningitis.,He had a lumbar puncture (spinal tap) to diagnose meningitis (an infection of the membranes around the brain and spinal cord).
She was treated for acute pancreatitis.,She was treated for acute pancreatitis (sudden inflammation of the pancreas).
The patient presented with hematuria.,The patient had hematuria (blood in urine).
He was given a statin for hyperlipidemia.,He was given a statin (cholesterol-lowering medicine) for hyperlipidemia (high cholesterol).
She was diagnosed with endometriosis.,She was diagnosed with endometriosis (a condition where tissue similar to the lining of the uterus grows outside it).
The patient underwent a coronary artery bypass graft.,The patient had a coronary artery bypass graft (surgery to improve blood flow to the heart).
He experienced a transient ischemic attack.,He had a transient ischemic attack (a brief stroke).
She was diagnosed with chronic obstructive pulmonary disease.,She was diagnosed with chronic obstructive pulmonary disease (a long-term lung disease).
The patient was given an antipyretic for his fever.,The patient was given an antipyretic (medicine to reduce fever).
He was diagnosed with peripheral artery disease.,He was diagnosed with peripheral artery disease (narrowing of blood vessels outside the heart).
She underwent an endoscopic retrograde cholangiopancreatography.,She had an endoscopic retrograde cholangiopancreatography (a test to examine the bile ducts and pancreas).
The patient was treated for bacterial meningitis.,The patient was treated for bacterial meningitis (an infection of the membranes around the brain and spinal cord).
He was given an antihistamine for his allergic rhinitis.,He was given an antihistamine (medicine to reduce allergy symptoms) for his allergic rhinitis (hay fever).
She had a computed tomography scan of the abdomen.,She had a computed tomography (CT) scan of the abdomen (a detailed scan of the stomach area).
The patient was diagnosed with polymyalgia rheumatica.,The patient was diagnosed with polymyalgia rheumatica (a condition causing muscle pain and stiffness).
He presented with a pneumothorax.,He had a pneumothorax (collapsed lung).
She experienced an exacerbation of her multiple sclerosis.,She had a flare-up of her multiple sclerosis (a disease affecting the nerves).
The patient was given a corticosteroid for his asthma.,The patient was given a corticosteroid (medicine to reduce inflammation) for his asthma.
He underwent a lumbar puncture to diagnose meningitis.,He had a lumbar puncture (spinal tap) to diagnose meningitis (an infection of the membranes around the brain and spinal cord).
She was treated for acute pancreatitis.,She was treated for acute pancreatitis (sudden inflammation of the pancreas).
The patient presented with hematuria.,The patient had hematuria (blood in urine).
He was given a statin for hyperlipidemia.,He was given a statin (cholesterol-lowering medicine) for hyperlipidemia (high cholesterol).
She was diagnosed with endometriosis.,She was diagnosed with endometriosis (a condition where tissue similar to the lining of the uterus grows outside it).
The patient underwent a coronary artery bypass graft.,The patient had a coronary artery bypass graft (surgery to improve blood flow to the heart).
He experienced a transient ischemic attack.,He had a transient ischemic attack (a brief stroke).
She was diagnosed with chronic obstructive pulmonary disease.,She was diagnosed with chronic obstructive pulmonary disease (a long-term lung disease).
The patient was given an antipyretic for his fever.,The patient was given an antipyretic (medicine to reduce fever).
He was diagnosed with peripheral artery disease.,He was diagnosed with peripheral artery disease (narrowing of blood vessels outside the heart).
She underwent an endoscopic retrograde cholangiopancreatography.,She had an endoscopic retrograde cholangiopancreatography (a test to examine the bile ducts and pancreas).
The patient was treated for bacterial meningitis.,The patient was treated for bacterial meningitis (an infection of the membranes around the brain and spinal cord).
He was given an antihistamine for his allergic rhinitis.,He was given an antihistamine (medicine to reduce allergy symptoms) for his allergic rhinitis (hay fever).
She had a computed tomography scan of the abdomen.,She had a computed tomography (CT) scan of the abdomen (a detailed scan of the stomach area).
The patient was diagnosed with polymyalgia rheumatica.,The patient was diagnosed with polymyalgia rheumatica (a condition causing muscle pain and stiffness).
He presented with a pneumothorax.,He had a pneumothorax (collapsed lung).
She experienced an exacerbation of her multiple sclerosis.,She had a flare-up of her multiple sclerosis (a disease affecting the nerves).
The patient was given a corticosteroid for his asthma.,The patient was given a corticosteroid (medicine to reduce inflammation) for his asthma.
He underwent a lumbar puncture to diagnose meningitis.,He had a lumbar puncture (spinal tap) to diagnose meningitis (an infection of the membranes around the brain and spinal cord).
She was treated for acute pancreatitis.,She was treated for acute pancreatitis (sudden inflammation of the pancreas).
The patient presented with hematuria.,The patient had hematuria (blood in urine).
He was given a statin for hyperlipidemia.,He was given a statin (cholesterol-lowering medicine) for hyperlipidemia (high cholesterol).
She was diagnosed with endometriosis.,She was diagnosed with endometriosis (a condition where tissue similar to the lining of the uterus grows outside it).
The patient underwent a coronary artery bypass graft.,The patient had a coronary artery bypass graft (surgery to improve blood flow to the heart).
He experienced a transient ischemic attack.,He had a transient ischemic attack (a brief stroke).
She was diagnosed with chronic obstructive pulmonary disease.,She was diagnosed with chronic obstructive pulmonary disease (a long-term lung disease).
The patient was given an antipyretic for his fever.,The patient was given an antipyretic (medicine to reduce fever).
He was diagnosed with peripheral artery disease.,He was diagnosed with peripheral artery disease (narrowing of blood vessels outside the heart).
She underwent an endoscopic retrograde cholangiopancreatography.,She had an endoscopic retrograde cholangiopancreatography (a test to examine the bile ducts and pancreas).
The patient was treated for bacterial meningitis.,The patient was treated for bacterial meningitis (an infection of the membranes around the brain and spinal cord).
He was given an antihistamine for his allergic rhinitis.,He was given an antihistamine (medicine to reduce allergy symptoms) for his allergic rhinitis (hay fever).
She had a computed tomography scan of the abdomen.,She had a computed tomography (CT) scan of the abdomen (a detailed scan of the stomach area).
The patient was diagnosed with polymyalgia rheumatica.,The patient was diagnosed with polymyalgia rheumatica (a condition causing muscle pain and stiffness).
He presented with a pneumothorax.,He had a pneumothorax (collapsed lung).
She experienced an exacerbation of her multiple sclerosis.,She had a flare-up of her multiple sclerosis (a disease affecting the nerves).
The patient was given a corticosteroid for his asthma.,The patient was given a corticosteroid (medicine to reduce inflammation) for his asthma.
He underwent a lumbar puncture to diagnose meningitis.,He had a lumbar puncture (spinal tap) to diagnose meningitis (an infection of the membranes around the brain and spinal cord).
She was treated for acute pancreatitis.,She was treated for acute pancreatitis (sudden inflammation of the pancreas).
The patient presented with hematuria.,The patient had hematuria (blood in urine).
He was given a statin for hyperlipidemia.,He was given a statin (cholesterol-lowering medicine) for hyperlipidemia (high cholesterol).
She was diagnosed with endometriosis.,She was diagnosed with endometriosis (a condition where tissue similar to the lining of the uterus grows outside it).
The patient underwent a coronary artery bypass graft.,The patient had a coronary artery bypass graft (surgery to improve blood flow to the heart).
He experienced a transient ischemic attack.,He had a transient ischemic attack (a brief stroke).
She was diagnosed with chronic obstructive pulmonary disease.,She was diagnosed with chronic obstructive pulmonary disease (a long-term lung disease).
The patient was given an antipyretic for his fever.,The patient was given an antipyretic (medicine to reduce fever).
He was diagnosed with peripheral artery disease.,He was diagnosed with peripheral artery disease (narrowing of blood vessels outside the heart).
She underwent an endoscopic retrograde cholangiopancreatography.,She had an endoscopic retrograde cholangiopancreatography (a test to examine the bile ducts and pancreas).
The patient was treated for bacterial meningitis.,The patient was treated for bacterial meningitis (an infection of the membranes around the brain and spinal cord).
He was given an antihistamine for his allergic rhinitis.,He was given an antihistamine (medicine to reduce allergy symptoms) for his allergic rhinitis (hay fever).
She had a computed tomography scan of the abdomen.,She had a computed tomography (CT) scan of the abdomen (a detailed scan of the stomach area).
The patient was diagnosed with polymyalgia rheumatica.,The patient was diagnosed with polymyalgia rheumatica (a condition causing muscle pain and stiffness).
He presented with a pneumothorax.,He had a pneumothorax (collapsed lung).
She experienced an exacerbation of her multiple sclerosis.,She had a flare-up of her multiple sclerosis (a disease affecting the nerves).
The patient was given a corticosteroid for his asthma.,The patient was given a corticosteroid (medicine to reduce inflammation) for his asthma.
He underwent a lumbar puncture to diagnose meningitis.,He had a lumbar puncture (spinal tap) to diagnose meningitis (an infection of the membranes around the brain and spinal cord).
She was treated for acute pancreatitis.,She was treated for acute pancreatitis (sudden inflammation of the pancreas).
The patient presented with hematuria.,The patient had hematuria (blood in urine).
He was given a statin for hyperlipidemia.,He was given a statin (cholesterol-lowering medicine) for hyperlipidemia (high cholesterol).
She was diagnosed with endometriosis.,She was diagnosed with endometriosis (a condition where tissue similar to the lining of the uterus grows outside it).
The patient underwent a coronary artery bypass graft.,The patient had a coronary artery bypass graft (surgery to improve blood flow to the heart).
He experienced a transient ischemic attack.,He had a transient ischemic attack (a brief stroke).
She was diagnosed with chronic obstructive pulmonary disease.,She was diagnosed with chronic obstructive pulmonary disease (a long-term lung disease).
The patient was given an antipyretic for his fever.,The patient was given an antipyretic (medicine to reduce fever).
He was diagnosed with peripheral artery disease.,He was diagnosed with peripheral artery disease (narrowing of blood vessels outside the heart).
She underwent an endoscopic retrograde cholangiopancreatography.,She had an endoscopic retrograde cholangiopancreatography (a test to examine the bile ducts and pancreas).
The patient was treated for bacterial meningitis.,The patient was treated for bacterial meningitis (an infection of the membranes around the brain and spinal cord).
He was given an antihistamine for his allergic rhinitis.,He was given an antihistamine (medicine to reduce allergy symptoms) for his allergic rhinitis (hay fever).
She had a computed tomography scan of the abdomen.,She had a computed tomography (CT) scan of the abdomen (a detailed scan of the stomach area).
The patient was diagnosed with polymyalgia rheumatica.,The patient was diagnosed with polymyalgia rheumatica (a condition causing muscle pain and stiffness).
He presented with a pneumothorax.,He had a pneumothorax (collapsed lung).
She experienced an exacerbation of her multiple sclerosis.,She had a flare-up of her multiple sclerosis (a disease affecting the nerves).
The patient was given a corticosteroid for his asthma.,The patient was given a corticosteroid (medicine to reduce inflammation) for his asthma.
He underwent a lumbar puncture to diagnose meningitis.,He had a lumbar puncture (spinal tap) to diagnose meningitis (an infection of the membranes around the brain and spinal cord).
She was treated for acute pancreatitis.,She was treated for acute pancreatitis (sudden inflammation of the pancreas).
The patient presented with hematuria.,The patient had hematuria (blood in urine).
He was given a statin for hyperlipidemia.,He was given a statin (cholesterol-lowering medicine) for hyperlipidemia (high cholesterol).
She was diagnosed with endometriosis.,She was diagnosed with endometriosis (a condition where tissue similar to the lining of the uterus grows outside it).
The patient underwent a coronary artery bypass graft.,The patient had a coronary artery bypass graft (surgery to improve blood flow to the heart).
He experienced a transient ischemic attack.,He had a transient ischemic attack (a brief stroke).
She was diagnosed with chronic obstructive pulmonary disease.,She was diagnosed with chronic obstructive pulmonary disease (a long-term lung disease).
The patient was given an antipyretic for his fever.,The patient was given an antipyretic (medicine to reduce fever).
He was diagnosed with peripheral artery disease.,He was diagnosed with peripheral artery disease (narrowing of blood vessels outside the heart).
She underwent an endoscopic retrograde cholangiopancreatography.,She had an endoscopic retrograde cholangiopancreatography (a test to examine the bile ducts and pancreas).
The patient was treated for bacterial meningitis.,The patient was treated for bacterial meningitis (an infection of the membranes around the brain and spinal cord).
He was given an antihistamine for his allergic rhinitis.,He was given an antihistamine (medicine to reduce allergy symptoms) for his allergic rhinitis (hay fever).
She had a computed tomography scan of the abdomen.,She had a computed tomography (CT) scan of the abdomen (a detailed scan of the stomach area).
The patient was diagnosed with polymyalgia rheumatica.,The patient was diagnosed with polymyalgia rheumatica (a condition causing muscle pain and stiffness).
He presented with a pneumothorax.,He had a pneumothorax (collapsed lung).
She experienced an exacerbation of her multiple sclerosis.,She had a flare-up of her multiple sclerosis (a disease affecting the nerves).
The patient was given a corticosteroid for his asthma.,The patient was given a corticosteroid (medicine to reduce inflammation) for his asthma.
He underwent a lumbar puncture to diagnose meningitis.,He had a lumbar puncture (spinal tap) to diagnose meningitis (an infection of the membranes around the brain and spinal cord).
She was treated for acute pancreatitis.,She was treated for acute pancreatitis (sudden inflammation of the pancreas).
The patient presented with hematuria.,The patient had hematuria (blood in urine).
He was given a statin for hyperlipidemia.,He was given a statin (cholesterol-lowering medicine) for hyperlipidemia (high cholesterol).
She was diagnosed with endometriosis.,She was diagnosed with endometriosis (a condition where tissue similar to the lining of the uterus grows outside it).
The patient underwent a coronary artery bypass graft.,The patient had a coronary artery bypass graft (surgery to improve blood flow to the heart).
He experienced a transient ischemic attack.,He had a transient ischemic attack (a brief stroke).
She was diagnosed with chronic obstructive pulmonary disease.,She was diagnosed with chronic obstructive pulmonary disease (a long-term lung disease).
The patient was given an antipyretic for his fever.,The patient was given an antipyretic (medicine to reduce fever).
He was diagnosed with peripheral artery disease.,He was diagnosed with peripheral artery disease (narrowing of blood vessels outside the heart).
She underwent an endoscopic retrograde cholangiopancreatography.,She had an endoscopic retrograde cholangiopancreatography (a test to examine the bile ducts and pancreas).
The patient was treated for bacterial meningitis.,The patient was treated for bacterial meningitis (an infection of the membranes around the brain and spinal cord).
He was given an antihistamine for his allergic rhinitis.,He was given an antihistamine (medicine to reduce allergy symptoms) for his allergic rhinitis (hay fever).
She had a computed tomography scan of the abdomen.,She had a computed tomography (CT) scan of the abdomen (a detailed scan of the stomach area).
The patient was diagnosed with polymyalgia rheumatica.,The patient was diagnosed with polymyalgia rheumatica (a condition causing muscle pain and stiffness).
He presented with a pneumothorax.,He had a pneumothorax (collapsed lung).
She experienced an exacerbation of her multiple sclerosis.,She had a flare-up of her multiple sclerosis (a disease affecting the nerves).
The patient was given a corticosteroid for his asthma.,The patient was given a corticosteroid (medicine to reduce inflammation) for his asthma.
He underwent a lumbar puncture to diagnose meningitis.,He had a lumbar puncture (spinal tap) to diagnose meningitis (an infection of the membranes around the brain and spinal cord).
She was treated for acute pancreatitis.,She was treated for acute pancreatitis (sudden inflammation of the pancreas).
The patient presented with hematuria.,The patient had hematuria (blood in urine).
He was given a statin for hyperlipidemia.,He was given a statin (cholesterol-lowering medicine) for hyperlipidemia (high cholesterol).
She was diagnosed with endometriosis.,She was diagnosed with endometriosis (a condition where tissue similar to the lining of the uterus grows outside it).
The patient underwent a coronary artery bypass graft.,The patient had a coronary artery bypass graft (surgery to improve blood flow to the heart).
He experienced a transient ischemic attack.,He had a transient ischemic attack (a brief stroke).
She was diagnosed with chronic obstructive pulmonary disease.,She was diagnosed with chronic obstructive pulmonary disease (a long-term lung disease).
The patient was given an antipyretic for his fever.,The patient was given an antipyretic (medicine to reduce fever).
He was diagnosed with peripheral artery disease.,He was diagnosed with peripheral artery disease (narrowing of blood vessels outside the heart).
She underwent an endoscopic retrograde cholangiopancreatography.,She had an endoscopic retrograde cholangiopancreatography (a test to examine the bile ducts and pancreas).
The patient was treated for bacterial meningitis.,The patient was treated for bacterial meningitis (an infection of the membranes around the brain and spinal cord).
He was given an antihistamine for his allergic rhinitis.,He was given an antihistamine (medicine to reduce allergy symptoms) for his allergic rhinitis (hay fever).
She had a computed tomography scan of the abdomen.,She had a computed tomography (CT) scan of the abdomen (a detailed scan of the stomach area).
The patient was diagnosed with polymyalgia rheumatica.,The patient was diagnosed with polymyalgia rheumatica (a condition causing muscle pain and stiffness).
He presented with a pneumothorax.,He had a pneumothorax (collapsed lung).
She experienced an exacerbation of her multiple sclerosis.,She had a flare-up of her multiple sclerosis (a disease affecting the nerves).
The patient was given a corticosteroid for his asthma.,The patient was given a corticosteroid (medicine to reduce inflammation) for his asthma.
He underwent a lumbar puncture to diagnose meningitis.,He had a lumbar puncture (spinal tap) to diagnose meningitis (an infection of the membranes around the brain and spinal cord).
She was treated for acute pancreatitis.,She was treated for acute pancreatitis (sudden inflammation of the pancreas).
The patient presented with hematuria.,The patient had hematuria (blood in urine).
He was given a statin for hyperlipidemia.,He was given a statin (cholesterol-lowering medicine) for hyperlipidemia (high cholesterol).
She was diagnosed with endometriosis.,She was diagnosed with endometriosis (a condition where tissue similar to the lining of the uterus grows outside it).
The patient underwent a coronary artery bypass graft.,The patient had a coronary artery bypass graft (surgery to improve blood flow to the heart).
He experienced a transient ischemic attack.,He had a transient ischemic attack (a brief stroke).
She was diagnosed with chronic obstructive pulmonary disease.,She was diagnosed with chronic obstructive pulmonary disease (a long-term lung disease).
The patient was given an antipyretic for his fever.,The patient was given an antipyretic (medicine to reduce fever).
He was diagnosed with peripheral artery disease.,He was diagnosed with peripheral artery disease (narrowing of blood vessels outside the heart).
She underwent an endoscopic retrograde cholangiopancreatography.,She had an endoscopic retrograde cholangiopancreatography (a test to examine the bile ducts and pancreas).
The patient was treated for bacterial meningitis.,The patient was treated for bacterial meningitis (an infection of the membranes around the brain and spinal cord).
He was given an antihistamine for his allergic rhinitis.,He was given an antihistamine (medicine to reduce allergy symptoms) for his allergic rhinitis (hay fever).
She had a computed tomography scan of the abdomen.,She had a computed tomography (CT) scan of the abdomen (a detailed scan of the stomach area).
The patient was diagnosed with polymyalgia rheumatica.,The patient was diagnosed with polymyalgia rheumatica (a condition causing muscle pain and stiffness).
He presented with a pneumothorax.,He had a pneumothorax (collapsed lung).
She experienced an exacerbation of her multiple sclerosis.,She had a flare-up of her multiple sclerosis (a disease affecting the nerves).
The patient was given a corticosteroid for his asthma.,The patient was given a corticosteroid (medicine to reduce inflammation) for his asthma.
He underwent a lumbar puncture to diagnose meningitis.,He had a lumbar puncture (spinal tap) to diagnose meningitis (an infection of the membranes around the brain and spinal cord).
She was treated for acute pancreatitis.,She was treated for acute pancreatitis (sudden inflammation of the pancreas).
The patient presented with hematuria.,The patient had hematuria (blood in urine).
He was given a statin for hyperlipidemia.,He was given a statin (cholesterol-lowering medicine) for hyperlipidemia (high cholesterol).
She was diagnosed with endometriosis.,She was diagnosed with endometriosis (a condition where tissue similar to the lining of the uterus grows outside it).
The patient underwent a coronary artery bypass graft.,The patient had a coronary artery bypass graft (surgery to improve blood flow to the heart).
He experienced a transient ischemic attack.,He had a transient ischemic attack (a brief stroke).
She was diagnosed with chronic obstructive pulmonary disease.,She was diagnosed with chronic obstructive pulmonary disease (a long-term lung disease).
The patient was given an antipyretic for his fever.,The patient was given an antipyretic (medicine to reduce fever).
He was diagnosed with peripheral artery disease.,He was diagnosed with peripheral artery disease (narrowing of blood vessels outside the heart).
She underwent an endoscopic retrograde cholangiopancreatography.,She had an endoscopic retrograde cholangiopancreatography (a test to examine the bile ducts and pancreas).
The patient was treated for bacterial meningitis.,The patient was treated for bacterial meningitis (an infection of the membranes around the brain and spinal cord).
He was given an antihistamine for his allergic rhinitis.,He was given an antihistamine (medicine to reduce allergy symptoms) for his allergic rhinitis (hay fever).
She had a computed tomography scan of the abdomen.,She had a computed tomography (CT) scan of the abdomen (a detailed scan of the stomach area).
The patient was diagnosed with polymyalgia rheumatica.,The patient was diagnosed with polymyalgia rheumatica (a condition causing muscle pain and stiffness).
He presented with a pneumothorax.,He had a pneumothorax (collapsed lung).
She experienced an exacerbation of her multiple sclerosis.,She had a flare-up of her multiple sclerosis (a disease affecting the nerves).
The patient was given a corticosteroid for his asthma.,The patient was given a corticosteroid (medicine to reduce inflammation) for his asthma.
He underwent a lumbar puncture to diagnose meningitis.,He had a lumbar puncture (spinal tap) to diagnose meningitis (an infection of the membranes around the brain and spinal cord).
She was treated for acute pancreatitis.,She was treated for acute pancreatitis (sudden inflammation of the pancreas).
The patient presented with hematuria.,The patient had hematuria (blood in urine).
He was given a statin for hyperlipidemia.,He was given a statin (cholesterol-lowering medicine) for hyperlipidemia (high cholesterol).
She was diagnosed with endometriosis.,She was diagnosed with endometriosis (a condition where tissue similar to the lining of the uterus grows outside it).
The patient underwent a coronary artery bypass graft.,The patient had a coronary artery bypass graft (surgery to improve blood flow to the heart).
He experienced a transient ischemic attack.,He had a transient ischemic attack (a brief stroke).
She was diagnosed with chronic obstructive pulmonary disease.,She was diagnosed with chronic obstructive pulmonary disease (a long-term lung disease).
The patient was given an antipyretic for his fever.,The patient was given an antipyretic (medicine to reduce fever).
He was diagnosed with peripheral artery disease.,He was diagnosed with peripheral artery disease (narrowing of blood vessels outside the heart).
She underwent an endoscopic retrograde cholangiopancreatography.,She had an endoscopic retrograde cholangiopancreatography (a test to examine the bile ducts and pancreas).
The patient was treated for bacterial meningitis.,The patient was treated for bacterial meningitis (an infection of the membranes around the brain and spinal cord).
He was given an antihistamine for his allergic rhinitis.,He was given an antihistamine (medicine to reduce allergy symptoms) for his allergic rhinitis (hay fever).
She had a computed tomography scan of the abdomen.,She had a computed tomography (CT) scan of the abdomen (a detailed scan of the stomach area).
The patient was diagnosed with polymyalgia rheumatica.,The patient was diagnosed with polymyalgia rheumatica (a condition causing muscle pain and stiffness).
He presented with a pneumothorax.,He had a pneumothorax (collapsed lung).
She experienced an exacerbation of her multiple sclerosis.,She had a flare-up of her multiple sclerosis (a disease affecting the nerves).
The patient was given a corticosteroid for his asthma.,The patient was given a corticosteroid (medicine to reduce inflammation) for his asthma.
He underwent a lumbar puncture to diagnose meningitis.,He had a lumbar puncture (spinal tap) to diagnose meningitis (an infection of the membranes around the brain and spinal cord).
She was treated for acute pancreatitis.,She was treated for acute pancreatitis (sudden inflammation of the pancreas).
The patient presented with hematuria.,The patient had hematuria (blood in urine).
He was given a statin for hyperlipidemia.,He was given a statin (cholesterol-lowering medicine) for hyperlipidemia (high cholesterol).
She was diagnosed with endometriosis.,She was diagnosed with endometriosis (a condition where tissue similar to the lining of the uterus grows outside it).
The patient underwent a coronary artery bypass graft.,The patient had a coronary artery bypass graft (surgery to improve blood flow to the heart).
He experienced a transient ischemic attack.,He had a transient ischemic attack (a brief stroke).
She was diagnosed with chronic obstructive pulmonary disease.,She was diagnosed with chronic obstructive pulmonary disease (a long-term lung disease).
The patient was given an antipyretic for his fever.,The patient was given an antipyretic (medicine to reduce fever).
He was diagnosed with peripheral artery disease.,He was diagnosed with peripheral artery disease (narrowing of blood vessels outside the heart).
She underwent an endoscopic retrograde cholangiopancreatography.,She had an endoscopic retrograde cholangiopancreatography (a test to examine the bile ducts and pancreas).
The patient was treated for bacterial meningitis.,The patient was treated for bacterial meningitis (an infection of the membranes around the brain and spinal cord).
He was given an antihistamine for his allergic rhinitis.,He was given an antihistamine (medicine to reduce allergy symptoms) for his allergic rhinitis (hay fever).
She had a computed tomography scan of the abdomen.,She had a computed tomography (CT) scan of the abdomen (a detailed scan of the stomach area).
The patient was diagnosed with polymyalgia rheumatica.,The patient was diagnosed with polymyalgia rheumatica (a condition causing muscle pain and stiffness).
He presented with a pneumothorax.,He had a pneumothorax (collapsed lung).
She experienced an exacerbation of her multiple sclerosis.,She had a flare-up of her multiple sclerosis (a disease affecting the nerves).
The patient was given a corticosteroid for his asthma.,The patient was given a corticosteroid (medicine to reduce inflammation) for his asthma.
He underwent a lumbar puncture to diagnose meningitis.,He had a lumbar puncture (spinal tap) to diagnose meningitis (an infection of the membranes around the brain and spinal cord).
She was treated for acute pancreatitis.,She was treated for acute pancreatitis (sudden inflammation of the pancreas).
The patient presented with hematuria.,The patient had hematuria (blood in urine).
He was given a statin for hyperlipidemia.,He was given a statin (cholesterol-lowering medicine) for hyperlipidemia (high cholesterol).
She was diagnosed with endometriosis.,She was diagnosed with endometriosis (a condition where tissue similar to the lining of the uterus grows outside it).
The patient underwent a coronary artery bypass graft.,The patient had a coronary artery bypass graft (surgery to improve blood flow to the heart).
He experienced a transient ischemic attack.,He had a transient ischemic attack (a brief stroke).
She was diagnosed with chronic obstructive pulmonary disease.,She was diagnosed with chronic obstructive pulmonary disease (a long-term lung disease).
The patient was given an antipyretic for his fever.,The patient was given an antipyretic (medicine to reduce fever).
He was diagnosed with peripheral artery disease.,He was diagnosed with peripheral artery disease (narrowing of blood vessels outside the heart).
She underwent an endoscopic retrograde cholangiopancreatography.,She had an endoscopic retrograde cholangiopancreatography (a test to examine the bile ducts and pancreas).
The patient was treated for bacterial meningitis.,The patient was treated for bacterial meningitis (an infection of the membranes around the brain and spinal cord).
He was given an antihistamine for his allergic rhinitis.,He was given an antihistamine (medicine to reduce allergy symptoms) for his allergic rhinitis (hay fever).
She had a computed tomography scan of the abdomen.,She had a computed tomography (CT) scan of the abdomen (a detailed scan of the stomach area).
The patient was diagnosed with polymyalgia rheumatica.,The patient was diagnosed with polymyalgia rheumatica (a condition causing muscle pain and stiffness).
He presented with a pneumothorax.,He had a pneumothorax (collapsed lung).
She experienced an exacerbation of her multiple sclerosis.,She had a flare-up of her multiple sclerosis (a disease affecting the nerves).
The patient was given a corticosteroid for his asthma.,The patient was given a corticosteroid (medicine to reduce inflammation) for his asthma.
He underwent a lumbar puncture to diagnose meningitis.,He had a lumbar puncture (spinal tap) to diagnose meningitis (an infection of the membranes around the brain and spinal cord).
She was treated for acute pancreatitis.,She was treated for acute pancreatitis (sudden inflammation of the pancreas).
The patient presented with hematuria.,The patient had hematuria (blood in urine).
He was given a statin for hyperlipidemia.,He was given a statin (cholesterol-lowering medicine) for hyperlipidemia (high cholesterol).
She was diagnosed with endometriosis.,She was diagnosed with endometriosis (a condition where tissue similar to the lining of the uterus grows outside it).
The patient underwent a coronary artery bypass graft.,The patient had a coronary artery bypass graft (surgery to improve blood flow to the heart).
He experienced a transient ischemic attack.,He had a transient ischemic attack (a brief stroke).
She was diagnosed with chronic obstructive pulmonary disease.,She was diagnosed with chronic obstructive pulmonary disease (a long-term lung disease).
The patient was given an antipyretic for his fever.,The patient was given an antipyretic (medicine to reduce fever).
He was diagnosed with peripheral artery disease.,He was diagnosed with peripheral artery disease (narrowing of blood vessels outside the heart).
She underwent an endoscopic retrograde cholangiopancreatography.,She had an endoscopic retrograde cholangiopancreatography (a test to examine the bile ducts and pancreas).
The patient was treated for bacterial meningitis.,The patient was treated for bacterial meningitis (an infection of the membranes around the brain and spinal cord).
She was intubated and was resuscitated after 10 - 22 minutes of pea arrest.,She was intubated (had a breathing tube inserted) and was resuscitated (brought back to life) after 10-22 minutes of pea arrest (a type of cardiac arrest).
The patient is experiencing orthopnea and paroxysmal nocturnal dyspnea.,The patient is experiencing orthopnea (difficulty breathing when lying flat) and paroxysmal nocturnal dyspnea (sudden difficulty breathing at night).
"Diagnosis confirmed bilateral interstitial infiltrates, likely indicative of pulmonary edema.","The diagnosis confirmed bilateral interstitial infiltrates (fluid and cells filling the lung spaces on both sides), likely indicative of pulmonary edema (fluid accumulation in the lungs)."
He was treated for a myocardial infarction with percutaneous coronary intervention.,He was treated for a myocardial infarction (heart attack) with percutaneous coronary intervention (a non-surgical procedure to improve blood flow to the heart).
The patient's hyperkalemia was managed with intravenous insulin and dextrose.,The patient's hyperkalemia (high potassium levels in the blood) was managed with intravenous insulin and dextrose (sugar solution).
Administered subcutaneous heparin for thromboprophylaxis.,Administered subcutaneous heparin (injection under the skin) for thromboprophylaxis (prevention of blood clots).
The patient presents with aphasia post-cerebrovascular accident.,The patient presents with aphasia (loss of ability to understand or express speech) after a cerebrovascular accident (stroke).
Underwent laparoscopic cholecystectomy due to acute cholecystitis.,Underwent laparoscopic cholecystectomy (minimally invasive surgery to remove the gallbladder) due to acute cholecystitis (inflammation of the gallbladder).
Treated for diabetic ketoacidosis with IV fluids and insulin therapy.,Treated for diabetic ketoacidosis (a serious diabetes complication where the body produces excess blood acids) with IV fluids and insulin therapy.
Patient experiencing exacerbation of chronic obstructive pulmonary disease.,Patient experiencing exacerbation (worsening) of chronic obstructive pulmonary disease (a lung condition that makes it hard to breathe).
Prescribed oral anticoagulants for atrial fibrillation management.,Prescribed oral anticoagulants (blood thinners taken by mouth) for atrial fibrillation management (to control irregular and often rapid heart rate).
The electroencephalogram showed generalized spike-wave discharges consistent with epilepsy.,The electroencephalogram (a test that detects electrical activity in the brain) showed generalized spike-wave discharges consistent with epilepsy (a neurological disorder that can cause seizures).
Treated for hypovolemic shock with aggressive fluid resuscitation.,Treated for hypovolemic shock (a condition caused by severe blood and fluid loss) with aggressive fluid resuscitation (rapid fluid replacement).
Suffered a comminuted fracture of the femur and underwent open reduction and internal fixation.,Suffered a comminuted fracture of the femur (bone is broken into several pieces) and underwent open reduction and internal fixation (surgical repair to reassemble and secure the bone).
Diagnosed with metastatic carcinoma and started on systemic chemotherapy.,Diagnosed with metastatic carcinoma (cancer that has spread from its original site) and started on systemic chemotherapy (drug treatment that travels throughout the body).
Patient presents with hemiparesis and dysphasia following an ischemic stroke.,Patient presents with hemiparesis (weakness on one side of the body) and dysphasia (difficulty with speech) following an ischemic stroke (a stroke caused by a blockage in a blood vessel).
Underwent endoscopic retrograde cholangiopancreatography for choledocholithiasis.,Underwent endoscopic retrograde cholangiopancreatography (a procedure using a camera and tools to examine the bile and pancreatic ducts) for choledocholithiasis (stones in the bile duct).
Diagnosed with ventricular tachycardia and treated with cardioversion.,Diagnosed with ventricular tachycardia (a fast heart rate originating from the lower chambers of the heart) and treated with cardioversion (a procedure to restore normal heart rhythm).
The biopsy confirmed adenocarcinoma of the colon.,The biopsy (a sample of tissue taken for testing) confirmed adenocarcinoma of the colon (a type of cancer originating from the lining of the bowel).
Patient undergoing hemodialysis for end-stage renal disease.,Patient undergoing hemodialysis (a treatment to filter wastes and water from the blood) for end-stage renal disease (the last stage of chronic kidney disease).
Prescribed levothyroxine for hypothyroidism management.,Prescribed levothyroxine (a synthetic thyroid hormone) for hypothyroidism management (to treat an underactive thyroid).
Detected atrial septal defect during echocardiography.,Detected atrial septal defect (a hole in the wall between the heart's upper chambers) during echocardiography (an ultrasound of the heart).
Treated for peritonitis with intraperitoneal antibiotics.,Treated for peritonitis (inflammation of the membrane lining the abdominal wall) with intraperitoneal antibiotics (antibiotics administered into the abdominal cavity).
Patient shows signs of urosepsis; initiated empiric antibiotic therapy.,Patient shows signs of urosepsis (a severe infection that has spread from the urinary tract into the blood) and initiated empiric antibiotic therapy (treatment with antibiotics based on experience before exact cause is known).
Administered intramuscular epinephrine for anaphylactic shock.,"Administered intramuscular epinephrine (an emergency medication injected into the muscle) for anaphylactic shock (a severe, potentially life-threatening allergic reaction)."
Assessed for cerebellar ataxia and dysmetria.,Assessed for cerebellar ataxia (uncoordinated movements due to a brain condition) and dysmetria (difficulty in judging distances in movements).
Conducted spirometry to evaluate restrictive lung disease.,Conducted spirometry (a test to measure breathing) to evaluate restrictive lung disease (a condition where the lungs cannot fully expand).
Patient treated for pyelonephritis with intravenous antibiotics.,Patient treated for pyelonephritis (a type of kidney infection) with intravenous antibiotics (medication given through a vein).
Underwent mastectomy and sentinel lymph node biopsy.,Underwent mastectomy (surgery to remove a breast) and sentinel lymph node biopsy (testing the first few lymph nodes near a tumor).
Diagnosed with benign prostatic hyperplasia and started on alpha blockers.,Diagnosed with benign prostatic hyperplasia (enlargement of the prostate gland) and started on alpha blockers (medication to relax bladder and prostate muscles).
Patient has cystic fibrosis and is on chronic enzyme replacement therapy.,Patient has cystic fibrosis (a genetic disorder affecting the lungs and digestive system) and is on chronic enzyme replacement therapy (treatment to help digestion).
Exhibiting symptoms of Bell's palsy; prescribed corticosteroids.,Exhibiting symptoms of Bell's palsy (sudden weakness in facial muscles) and prescribed corticosteroids (medication to reduce inflammation).
Diagnosed with retinopathy; recommended for laser photocoagulation therapy.,Diagnosed with retinopathy (disease of the retina that can result in vision impairment) and recommended for laser photocoagulation therapy (a laser treatment to seal or destroy leaking blood vessels in the retina).
Patient exhibits xerostomia and dysgeusia due to medication side effects.,Patient exhibits xerostomia (dry mouth) and dysgeusia (distorted sense of taste) due to medication side effects.
Underwent coronary artery bypass grafting for multivessel coronary artery disease.,Underwent coronary artery bypass grafting (surgery to improve blood flow to the heart) for multivessel coronary artery disease (blockage of several arteries that supply blood to the heart).
Patient with nephrolithiasis undergoing extracorporeal shock wave lithotripsy.,Patient with nephrolithiasis (kidney stones) undergoing extracorporeal shock wave lithotripsy (a treatment that uses shock waves to break stones into small pieces).
Evaluated for transient ischemic attack using carotid ultrasonography.,Evaluated for transient ischemic attack (temporary stroke-like symptoms) using carotid ultrasonography (an ultrasound to view the carotid arteries in the neck).
Treatment for acute pancreatitis involves fluid resuscitation and pain management.,Treatment for acute pancreatitis (sudden inflammation of the pancreas) involves fluid resuscitation (administration of fluids) and pain management.
Diagnosed with osteopenia; recommended calcium and vitamin D supplementation.,Diagnosed with osteopenia (lower than normal bone density) and recommended calcium and vitamin D supplementation (to help strengthen bones).
Suffered a basal ganglia hemorrhage; requires neurosurgical evaluation.,Suffered a basal ganglia hemorrhage (bleeding in a deep part of the brain) and requires neurosurgical evaluation (assessment by a brain surgeon).
Prescribed methotrexate for rheumatoid arthritis.,Prescribed methotrexate (a medication) for rheumatoid arthritis (a chronic inflammatory disorder affecting joints).
Patient with ascites undergoing paracentesis.,Patient with ascites (accumulation of fluid in the abdomen) undergoing paracentesis (a procedure to remove fluid from the abdomen).
Treated for otitis media with amoxicillin.,Treated for otitis media (middle ear infection) with amoxicillin (an antibiotic).
Conducting polysomnography for suspected sleep apnea.,Conducting polysomnography (a sleep study) for suspected sleep apnea (a disorder where breathing repeatedly stops and starts during sleep).
Diagnosed with uveitis; treatment includes topical corticosteroids and mydriatics.,Diagnosed with uveitis (inflammation of the middle layer of the eye) and treatment includes topical corticosteroids (medication to reduce inflammation) and mydriatics (medication to dilate the pupils).
Patient with deep vein thrombosis receiving anticoagulation therapy.,"Patient with deep vein thrombosis (blood clot in a deep vein, usually in the legs) receiving anticoagulation therapy (medication that helps prevent blood clots)."
Underwent fundoplication surgery for gastroesophageal reflux disease.,Underwent fundoplication surgery (a procedure to wrap the upper part of the stomach around the lower esophagus) for gastroesophageal reflux disease (a condition where stomach acid frequently flows back into the tube connecting your mouth and stomach).
Diagnosed with glaucoma; initiated topical prostaglandin analogs.,Diagnosed with glaucoma (a group of eye conditions that damage the optic nerve) and initiated topical prostaglandin analogs (eye drops to lower pressure in the eye).
Treated for cellulitis with intravenous clindamycin.,Treated for cellulitis (a bacterial skin infection) with intravenous clindamycin (an antibiotic given through a vein).
Conducted lumbar puncture to diagnose meningitis.,"Conducted lumbar puncture (a procedure to collect spinal fluid) to diagnose meningitis (inflammation of the brain and spinal cord membranes, usually caused by an infection)."
Patient presents with psoriasis characterized by plaque formation.,"Patient presents with psoriasis (a skin disease that causes red, itchy scaly patches) characterized by plaque formation (thick, scaly skin)."
Underwent arthroscopic meniscectomy for torn meniscus.,"Underwent arthroscopic meniscectomy (a minimally invasive surgery to remove a torn part of the meniscus, a piece of cartilage in the knee joint)."
Diagnosed with pericarditis; treated with nonsteroidal anti-inflammatory drugs.,Diagnosed with pericarditis (inflammation of the sac-like tissue that surrounds the heart) and treated with nonsteroidal anti-inflammatory drugs (medications that reduce inflammation and pain).
"Patient has symptomatic bradycardia, requiring pacemaker implantation.","Patient has symptomatic bradycardia (abnormally slow heart rate), requiring pacemaker implantation (a device that is placed in the chest to help control the heartbeat)."
Administered intrathecal methotrexate for central nervous system lymphoma.,Administered intrathecal methotrexate (chemotherapy drug injected into the spinal canal) for central nervous system lymphoma (a type of cancer that occurs in the lymphatic system of the brain or spinal cord).
Patient with hyperlipidemia advised to start statin therapy.,Patient with hyperlipidemia (high levels of fats in the blood) advised to start statin therapy (medications that can lower cholesterol).
Suffered from pneumothorax; underwent chest tube insertion.,"Suffered from pneumothorax (collapsed lung) and underwent chest tube insertion (a procedure to remove air, fluid, or pus from the chest cavity)."
Treated for acute cystitis with oral antibiotics.,Treated for acute cystitis (a bladder infection) with oral antibiotics (medications taken by mouth to fight infections).
Patient exhibits signs of hyperthyroidism; commenced on antithyroid drugs.,Patient exhibits signs of hyperthyroidism (overactive thyroid gland) and commenced on antithyroid drugs (medications that reduce thyroid hormone production).
Diagnosed with idiopathic thrombocytopenic purpura; receiving corticosteroid treatment.,Diagnosed with idiopathic thrombocytopenic purpura (a disorder that can lead to easy or excessive bruising and bleeding due to low levels of platelets) and receiving corticosteroid treatment (medications that reduce inflammation and the immune system's activity).
Underwent total hip arthroplasty due to osteoarthritis.,Underwent total hip arthroplasty (hip replacement surgery) due to osteoarthritis (a type of arthritis that occurs when flexible tissue at the ends of bones wears down).
Treated for otitis externa with topical antibiotics.,Treated for otitis externa (infection of the outer ear canal) with topical antibiotics (medications applied directly to the ear).
Patient with chronic venous insufficiency undergoing compression therapy.,Patient with chronic venous insufficiency (a condition where the veins have problems sending blood from the legs back to the heart) undergoing compression therapy (using special stockings to improve blood flow).
Administered epoetin alfa for anemia management in chronic kidney disease.,Administered epoetin alfa (a medication that helps the body make more red blood cells) for anemia management in chronic kidney disease.
Evaluated for gastroesophageal reflux disease using 24-hour pH monitoring.,Evaluated for gastroesophageal reflux disease (a digestive disorder where stomach acid irritates the food pipe) using 24-hour pH monitoring (a test to measure acid levels in the esophagus over a day).
Pt was restarted on diuresis to help mobilize fluid.,The patient was put back on diuresis (medication to increase urine production) to help remove excess fluid from the body.
The large lower pole of the OM1 was totally occluded by thrombus.,The large lower part of the OM1 (a branch of a coronary artery) was completely blocked by a thrombus (blood clot).
She was intubated and was resuscitated after 10 - 22 minutes of pea arrest.,She was intubated (had a breathing tube inserted) and was resuscitated (brought back to life) after 10-22 minutes of pea arrest (a type of cardiac arrest where the heart's electrical activity is disorganized).
"He was closely followed by ID, pulmonary, and EP.","He was closely monitored by infectious diseases (ID), lung (pulmonary), and heart rhythm specialists (EP or electrophysiology)."
The patient was monitored on continuous telemetry throughout his stay without any clearly contributable cardiac arrhythmias.,"The patient was continuously monitored with telemetry (heart monitoring) throughout his stay, and no definite heart rhythm abnormalities were detected."
On 7 - 13 he was noted with increasing LFTs and lipase; MRCP was performed which showed worsening pancreatic necrosis and edema as well as worsening hemorrhagic collections around the pancreas (at this time he was coagulopathic with an INR of ~ 6).,"On July 13, he had rising liver function tests (LFTs) and lipase levels; Magnetic Resonance Cholangiopancreatography (MRCP) was performed, which showed worsening death of pancreatic tissue and swelling, as well as increasing blood-filled areas around the pancreas (he also had a clotting disorder with an INR of about 6, indicating blood thinning)."
No vitamin K was given secondary to the patient's anticoagulation needs.,No vitamin K was given due to the patient's need for ongoing blood thinning treatment.
CT chest showed likely multifocal pneumonia which was possible due to aspiration.,"CT scan of the chest suggested likely multifocal pneumonia (lung infection in multiple locations), which could have been caused by inhaling foreign material into the lungs (aspiration)."
"# AML: The patient was diagnosed with AML on BMB, and has tolerated 7 + 3 therapy without complaint.","The patient was diagnosed with Acute Myeloid Leukemia (AML) on bone marrow biopsy (BMB), and has tolerated the 7+3 chemotherapy regimen (7 days of one drug and 3 days of another) without any complaints."
"In ED, found to be in 1st degree heart block with LBBB.","In the Emergency Department, it was found that the patient had a 1st degree heart block (a type of delay in the heart's electrical system) and left bundle branch block (LBBB), which affects how the heart's electrical impulse travels through the left side of the heart."
"OB/GYN had also been consulted, and performed a bedside ultrasound.",The obstetrics and gynecology (OB/GYN) team was consulted and they performed an ultrasound at the patient's bedside to examine internal organs.
He was extubated within 2 hours of arrival to CVICU with pain control an issue post operatively.,"He had his breathing tube removed within 2 hours of arriving at the Cardiovascular Intensive Care Unit (CVICU), but managing his pain after the surgery was challenging."
"On 9-28 the patient again began to complain of abdominal pain, diffuse in nature, constant and sharp in nature, rated 9-8.","On September 28, the patient again reported widespread, constant, and sharp abdominal pain, which he rated between 8 and 9 out of 10 in severity."
HTN thought to be secondary to chronic volume overload and significant vessel non-compliance.,"The high blood pressure (hypertension, HTN) is thought to be due to chronic volume overload (too much fluid in the body) and significant non-compliance of blood vessels (loss of elasticity in the vessels)."
Her acute cardiac issues had resolved and she was called out to the medicine service.,"Her immediate heart problems were resolved, and she was referred to the general medical service for further care."
She underwent cardiac catheterization and an angioplasty with stent placement of the circumflex artery on 2168-12-30.,"She underwent cardiac catheterization (a procedure to examine how well the heart is functioning) and an angioplasty (a procedure to open narrowed or blocked blood vessels of the heart) with stent placement in the circumflex artery (an artery that supplies blood to the heart muscle), which was done on December 30, 2168."
She states her mother's mental status has been progressively declining since her discharge from the hospital on 1-22.,She reports that her mother's mental condition has been gradually worsening since she was discharged from the hospital on January 22.
"Per patient, he took Pepto-Bismol 3 times earlier in the weeks for 3 days.","According to the patient, he took Pepto-Bismol three times a day for three days earlier in the week."
"Lights, noise, and head movement exacerbate the discomfort, as does exertion (e.g., coughing and sneezing).","Lights, noise, and moving his head make the discomfort worse, as does physical effort like coughing and sneezing."
GI was called who stated that they would perform EGD in AM.,"The gastroenterology (GI) team was consulted and they stated they would perform an esophagogastroduodenoscopy (EGD, a procedure to examine the lining of the esophagus, stomach, and upper duodenum) in the morning."
"Overnight on 1-11, patient reported severe headache that was relieved with IV dilaudid.","On the night of January 11, the patient reported a severe headache that was relieved with intravenous Dilaudid (a strong pain medication)."
He felt lightheaded and had a burning sensation in his chest prior to the shock.,"Before experiencing shock, he felt lightheaded and had a burning feeling in his chest."
"This was thought to be iatrogenic 1-15 stenting and possible jailing of the diagonal, so he was started on heparin drip and treated for STEMI.","The complications were thought to be caused by the stent placement (iatrogenic) and possibly blocking a branch of the coronary artery (jailing of the diagonal), so he was given a heparin drip (a blood thinner) and treated for STEMI (a type of severe heart attack)."
"As ACS and PE were ruled out, BB, statin, heparin were discontinued.","After ruling out acute coronary syndrome (ACS) and pulmonary embolism (PE), medications like beta-blockers (BB), statins, and heparin were stopped."
"Patient and his family have expressed an interest in getting his follow-up care in NH, closer to home.","The patient and his family would like to have his follow-up medical care in New Hampshire, which is closer to their home."
Pt is refusing intubation but according to her HCP she is a full code.,"The patient is refusing to be intubated (use of a tube to assist breathing), but according to her healthcare provider, she is a full code (all life-saving measures should be taken in case of a heart or breathing stoppage)."
"A large volume of bloody fluid was removed from the abdomen, but active bleeding was not seen.","A large amount of bloody fluid was drained from the abdomen, but no ongoing bleeding was observed."
"After a one day stay in the CCU where she was diuresed and weaned off BiPAP to a 70% facemask, she was transferred back to the floor on 10-30.","After a day in the Critical Care Unit (CCU) where she received diuretics to remove fluid and was transitioned from a BiPAP machine (a breathing aid) to a 70% oxygen facemask, she was moved back to her hospital room on October 30."
"He had similar palpitations 6 months after his MI/cath in 2146, that resolved spontaneously.","He experienced similar heart palpitations six months after his heart attack and catheterization in 2146, but these resolved on their own."
A rectal tube was placed resulting in a large bowel movement and a decrease in his abdominal distention.,A rectal tube was inserted which resulted in a large bowel movement and reduced swelling in his abdomen.
Responded well to esmolol drip in the ICU with improvement in rate control to 80s.,"The patient responded well to an esmolol drip (a medication to control heart rate) in the Intensive Care Unit, with an improvement in heart rate to the 80s (beats per minute)."
He was continued on ASA and started on a statin.,He continued to take ASA (aspirin) and began taking a statin (a medication to lower cholesterol).
"Pt had flat JVP and warm extremities, no evidence of tamponade.","The patient had a flat Jugular Venous Pressure (JVP, indicating the pressure inside the veins of the neck) and warm limbs, with no signs of tamponade (pressure on the heart caused by fluid accumulation)."
"This GI process would explain the elevated lactate and subsequent hypotension from septic shock, though the pattern is strange and does not coincide with an ischemic pattern or any particular disease process.","This gastrointestinal condition could explain the high lactate levels and low blood pressure from septic shock (a severe infection that affects blood flow), although the symptoms are unusual and do not match those typically seen in blood flow issues (ischemia) or any specific disease."
Her steroids were managed as outlined above in sections 1 and 2.,Her steroid treatment was managed according to the guidelines provided in sections 1 and 2 of the document.
Patients white count and fevers decreased and he was afebrile at discharge.,"The patient's white blood cell count and fever decreased, and he did not have a fever when he was discharged."
"# Likely aspiration pneumonia vs pneumonitis: patient had a history of dysphagia and aspiration pneumonia presenting with mildly elevated WBC, low grade temperature and hypoxia.","The patient likely had aspiration pneumonia (lung infection caused by inhaling food or liquid) versus pneumonitis (inflammation of lung tissue), indicated by a history of dysphagia (difficulty swallowing), slightly high white blood cell count, mild fever, and low oxygen levels."
Her SpO2 responded to 6L FM and her breathing became more comfortable.,"Her oxygen saturation (SpO2) improved with 6 liters per minute of oxygen through a face mask, and her breathing became easier."
"Foley D/C'd, diet well tolerated and pain well controlled.","The Foley catheter was removed, the diet was well tolerated, and the pain was well managed."
"According to EMS, during entire transport, she was nonverbal and nonresponsive.","According to Emergency Medical Services (EMS), she did not speak or respond throughout the transport."
She was intubated and was resuscitated after 10 - 22 minutes of pea arrest.,She was intubated (had a breathing tube inserted) and was resuscitated (brought back to life) after 10-22 minutes of pea arrest (a type of cardiac arrest).
The patient is experiencing orthopnea and paroxysmal nocturnal dyspnea.,The patient is experiencing orthopnea (difficulty breathing when lying flat) and paroxysmal nocturnal dyspnea (sudden difficulty breathing at night).
"Diagnosis confirmed bilateral interstitial infiltrates, likely indicative of pulmonary edema.","The diagnosis confirmed bilateral interstitial infiltrates (fluid and cells filling the lung spaces on both sides), likely indicative of pulmonary edema (fluid accumulation in the lungs)."
He was treated for a myocardial infarction with percutaneous coronary intervention.,He was treated for a myocardial infarction (heart attack) with percutaneous coronary intervention (a non-surgical procedure to improve blood flow to the heart).
The patient's hyperkalemia was managed with intravenous insulin and dextrose.,The patient's hyperkalemia (high potassium levels in the blood) was managed with intravenous insulin and dextrose (sugar solution).
Administered subcutaneous heparin for thromboprophylaxis.,Administered subcutaneous heparin (injection under the skin) for thromboprophylaxis (prevention of blood clots).
The patient presents with aphasia post-cerebrovascular accident.,The patient presents with aphasia (loss of ability to understand or express speech) after a cerebrovascular accident (stroke).
Underwent laparoscopic cholecystectomy due to acute cholecystitis.,Underwent laparoscopic cholecystectomy (minimally invasive surgery to remove the gallbladder) due to acute cholecystitis (inflammation of the gallbladder).
Treated for diabetic ketoacidosis with IV fluids and insulin therapy.,Treated for diabetic ketoacidosis (a serious diabetes complication where the body produces excess blood acids) with IV fluids and insulin therapy.
Patient experiencing exacerbation of chronic obstructive pulmonary disease.,Patient experiencing exacerbation (worsening) of chronic obstructive pulmonary disease (a lung condition that makes it hard to breathe).
Prescribed oral anticoagulants for atrial fibrillation management.,Prescribed oral anticoagulants (blood thinners taken by mouth) for atrial fibrillation management (to control irregular and often rapid heart rate).
The electroencephalogram showed generalized spike-wave discharges consistent with epilepsy.,The electroencephalogram (a test that detects electrical activity in the brain) showed generalized spike-wave discharges consistent with epilepsy (a neurological disorder that can cause seizures).
Treated for hypovolemic shock with aggressive fluid resuscitation.,Treated for hypovolemic shock (a condition caused by severe blood and fluid loss) with aggressive fluid resuscitation (rapid fluid replacement).
Suffered a comminuted fracture of the femur and underwent open reduction and internal fixation.,Suffered a comminuted fracture of the femur (bone is broken into several pieces) and underwent open reduction and internal fixation (surgical repair to reassemble and secure the bone).
Diagnosed with metastatic carcinoma and started on systemic chemotherapy.,Diagnosed with metastatic carcinoma (cancer that has spread from its original site) and started on systemic chemotherapy (drug treatment that travels throughout the body).
Patient presents with hemiparesis and dysphasia following an ischemic stroke.,Patient presents with hemiparesis (weakness on one side of the body) and dysphasia (difficulty with speech) following an ischemic stroke (a stroke caused by a blockage in a blood vessel).
Underwent endoscopic retrograde cholangiopancreatography for choledocholithiasis.,Underwent endoscopic retrograde cholangiopancreatography (a procedure using a camera and tools to examine the bile and pancreatic ducts) for choledocholithiasis (stones in the bile duct).
Diagnosed with ventricular tachycardia and treated with cardioversion.,Diagnosed with ventricular tachycardia (a fast heart rate originating from the lower chambers of the heart) and treated with cardioversion (a procedure to restore normal heart rhythm).
The biopsy confirmed adenocarcinoma of the colon.,The biopsy (a sample of tissue taken for testing) confirmed adenocarcinoma of the colon (a type of cancer originating from the lining of the bowel).
Patient undergoing hemodialysis for end-stage renal disease.,Patient undergoing hemodialysis (a treatment to filter wastes and water from the blood) for end-stage renal disease (the last stage of chronic kidney disease).
Prescribed levothyroxine for hypothyroidism management.,Prescribed levothyroxine (a synthetic thyroid hormone) for hypothyroidism management (to treat an underactive thyroid).
Detected atrial septal defect during echocardiography.,Detected atrial septal defect (a hole in the wall between the heart's upper chambers) during echocardiography (an ultrasound of the heart).
Treated for peritonitis with intraperitoneal antibiotics.,Treated for peritonitis (inflammation of the membrane lining the abdominal wall) with intraperitoneal antibiotics (antibiotics administered into the abdominal cavity).
Patient shows signs of urosepsis; initiated empiric antibiotic therapy.,Patient shows signs of urosepsis (a severe infection that has spread from the urinary tract into the blood) and initiated empiric antibiotic therapy (treatment with antibiotics based on experience before exact cause is known).
Administered intramuscular epinephrine for anaphylactic shock.,"Administered intramuscular epinephrine (an emergency medication injected into the muscle) for anaphylactic shock (a severe, potentially life-threatening allergic reaction)."
Assessed for cerebellar ataxia and dysmetria.,Assessed for cerebellar ataxia (uncoordinated movements due to a brain condition) and dysmetria (difficulty in judging distances in movements).
Conducted spirometry to evaluate restrictive lung disease.,Conducted spirometry (a test to measure breathing) to evaluate restrictive lung disease (a condition where the lungs cannot fully expand).
Patient treated for pyelonephritis with intravenous antibiotics.,Patient treated for pyelonephritis (a type of kidney infection) with intravenous antibiotics (medication given through a vein).
Underwent mastectomy and sentinel lymph node biopsy.,Underwent mastectomy (surgery to remove a breast) and sentinel lymph node biopsy (testing the first few lymph nodes near a tumor).
Diagnosed with benign prostatic hyperplasia and started on alpha blockers.,Diagnosed with benign prostatic hyperplasia (enlargement of the prostate gland) and started on alpha blockers (medication to relax bladder and prostate muscles).
Patient has cystic fibrosis and is on chronic enzyme replacement therapy.,Patient has cystic fibrosis (a genetic disorder affecting the lungs and digestive system) and is on chronic enzyme replacement therapy (treatment to help digestion).
Exhibiting symptoms of Bell's palsy; prescribed corticosteroids.,Exhibiting symptoms of Bell's palsy (sudden weakness in facial muscles) and prescribed corticosteroids (medication to reduce inflammation).
Diagnosed with retinopathy; recommended for laser photocoagulation therapy.,Diagnosed with retinopathy (disease of the retina that can result in vision impairment) and recommended for laser photocoagulation therapy (a laser treatment to seal or destroy leaking blood vessels in the retina).
Patient exhibits xerostomia and dysgeusia due to medication side effects.,Patient exhibits xerostomia (dry mouth) and dysgeusia (distorted sense of taste) due to medication side effects.
Underwent coronary artery bypass grafting for multivessel coronary artery disease.,Underwent coronary artery bypass grafting (surgery to improve blood flow to the heart) for multivessel coronary artery disease (blockage of several arteries that supply blood to the heart).
Patient with nephrolithiasis undergoing extracorporeal shock wave lithotripsy.,Patient with nephrolithiasis (kidney stones) undergoing extracorporeal shock wave lithotripsy (a treatment that uses shock waves to break stones into small pieces).
Evaluated for transient ischemic attack using carotid ultrasonography.,Evaluated for transient ischemic attack (temporary stroke-like symptoms) using carotid ultrasonography (an ultrasound to view the carotid arteries in the neck).
Treatment for acute pancreatitis involves fluid resuscitation and pain management.,Treatment for acute pancreatitis (sudden inflammation of the pancreas) involves fluid resuscitation (administration of fluids) and pain management.
Diagnosed with osteopenia; recommended calcium and vitamin D supplementation.,Diagnosed with osteopenia (lower than normal bone density) and recommended calcium and vitamin D supplementation (to help strengthen bones).
Suffered a basal ganglia hemorrhage; requires neurosurgical evaluation.,Suffered a basal ganglia hemorrhage (bleeding in a deep part of the brain) and requires neurosurgical evaluation (assessment by a brain surgeon).
Prescribed methotrexate for rheumatoid arthritis.,Prescribed methotrexate (a medication) for rheumatoid arthritis (a chronic inflammatory disorder affecting joints).
Patient with ascites undergoing paracentesis.,Patient with ascites (accumulation of fluid in the abdomen) undergoing paracentesis (a procedure to remove fluid from the abdomen).
Treated for otitis media with amoxicillin.,Treated for otitis media (middle ear infection) with amoxicillin (an antibiotic).
Conducting polysomnography for suspected sleep apnea.,Conducting polysomnography (a sleep study) for suspected sleep apnea (a disorder where breathing repeatedly stops and starts during sleep).
Diagnosed with uveitis; treatment includes topical corticosteroids and mydriatics.,Diagnosed with uveitis (inflammation of the middle layer of the eye) and treatment includes topical corticosteroids (medication to reduce inflammation) and mydriatics (medication to dilate the pupils).
Patient with deep vein thrombosis receiving anticoagulation therapy.,"Patient with deep vein thrombosis (blood clot in a deep vein, usually in the legs) receiving anticoagulation therapy (medication that helps prevent blood clots)."
Underwent fundoplication surgery for gastroesophageal reflux disease.,Underwent fundoplication surgery (a procedure to wrap the upper part of the stomach around the lower esophagus) for gastroesophageal reflux disease (a condition where stomach acid frequently flows back into the tube connecting your mouth and stomach).
Diagnosed with glaucoma; initiated topical prostaglandin analogs.,Diagnosed with glaucoma (a group of eye conditions that damage the optic nerve) and initiated topical prostaglandin analogs (eye drops to lower pressure in the eye).
Treated for cellulitis with intravenous clindamycin.,Treated for cellulitis (a bacterial skin infection) with intravenous clindamycin (an antibiotic given through a vein).
Conducted lumbar puncture to diagnose meningitis.,"Conducted lumbar puncture (a procedure to collect spinal fluid) to diagnose meningitis (inflammation of the brain and spinal cord membranes, usually caused by an infection)."
Patient presents with psoriasis characterized by plaque formation.,"Patient presents with psoriasis (a skin disease that causes red, itchy scaly patches) characterized by plaque formation (thick, scaly skin)."
Underwent arthroscopic meniscectomy for torn meniscus.,"Underwent arthroscopic meniscectomy (a minimally invasive surgery to remove a torn part of the meniscus, a piece of cartilage in the knee joint)."
Diagnosed with pericarditis; treated with nonsteroidal anti-inflammatory drugs.,Diagnosed with pericarditis (inflammation of the sac-like tissue that surrounds the heart) and treated with nonsteroidal anti-inflammatory drugs (medications that reduce inflammation and pain).
"Patient has symptomatic bradycardia, requiring pacemaker implantation.","Patient has symptomatic bradycardia (abnormally slow heart rate), requiring pacemaker implantation (a device that is placed in the chest to help control the heartbeat)."
Administered intrathecal methotrexate for central nervous system lymphoma.,Administered intrathecal methotrexate (chemotherapy drug injected into the spinal canal) for central nervous system lymphoma (a type of cancer that occurs in the lymphatic system of the brain or spinal cord).
Patient with hyperlipidemia advised to start statin therapy.,Patient with hyperlipidemia (high levels of fats in the blood) advised to start statin therapy (medications that can lower cholesterol).
Suffered from pneumothorax; underwent chest tube insertion.,"Suffered from pneumothorax (collapsed lung) and underwent chest tube insertion (a procedure to remove air, fluid, or pus from the chest cavity)."
Treated for acute cystitis with oral antibiotics.,Treated for acute cystitis (a bladder infection) with oral antibiotics (medications taken by mouth to fight infections).
Patient exhibits signs of hyperthyroidism; commenced on antithyroid drugs.,Patient exhibits signs of hyperthyroidism (overactive thyroid gland) and commenced on antithyroid drugs (medications that reduce thyroid hormone production).
Diagnosed with idiopathic thrombocytopenic purpura; receiving corticosteroid treatment.,Diagnosed with idiopathic thrombocytopenic purpura (a disorder that can lead to easy or excessive bruising and bleeding due to low levels of platelets) and receiving corticosteroid treatment (medications that reduce inflammation and the immune system's activity).
Underwent total hip arthroplasty due to osteoarthritis.,Underwent total hip arthroplasty (hip replacement surgery) due to osteoarthritis (a type of arthritis that occurs when flexible tissue at the ends of bones wears down).
Treated for otitis externa with topical antibiotics.,Treated for otitis externa (infection of the outer ear canal) with topical antibiotics (medications applied directly to the ear).
Patient with chronic venous insufficiency undergoing compression therapy.,Patient with chronic venous insufficiency (a condition where the veins have problems sending blood from the legs back to the heart) undergoing compression therapy (using special stockings to improve blood flow).
Administered epoetin alfa for anemia management in chronic kidney disease.,Administered epoetin alfa (a medication that helps the body make more red blood cells) for anemia management in chronic kidney disease.
Evaluated for gastroesophageal reflux disease using 24-hour pH monitoring.,Evaluated for gastroesophageal reflux disease (a digestive disorder where stomach acid irritates the food pipe) using 24-hour pH monitoring (a test to measure acid levels in the esophagus over a day).
Pt was restarted on diuresis to help mobilize fluid.,The patient was put back on diuresis (medication to increase urine production) to help remove excess fluid from the body.
The large lower pole of the OM1 was totally occluded by thrombus.,The large lower part of the OM1 (a branch of a coronary artery) was completely blocked by a thrombus (blood clot).
She was intubated and was resuscitated after 10 - 22 minutes of pea arrest.,She was intubated (had a breathing tube inserted) and was resuscitated (brought back to life) after 10-22 minutes of pea arrest (a type of cardiac arrest where the heart's electrical activity is disorganized).
"He was closely followed by ID, pulmonary, and EP.","He was closely monitored by infectious diseases (ID), lung (pulmonary), and heart rhythm specialists (EP or electrophysiology)."
The patient was monitored on continuous telemetry throughout his stay without any clearly contributable cardiac arrhythmias.,"The patient was continuously monitored with telemetry (heart monitoring) throughout his stay, and no definite heart rhythm abnormalities were detected."
On 7 - 13 he was noted with increasing LFTs and lipase; MRCP was performed which showed worsening pancreatic necrosis and edema as well as worsening hemorrhagic collections around the pancreas (at this time he was coagulopathic with an INR of ~ 6).,"On July 13, he had rising liver function tests (LFTs) and lipase levels; Magnetic Resonance Cholangiopancreatography (MRCP) was performed, which showed worsening death of pancreatic tissue and swelling, as well as increasing blood-filled areas around the pancreas (he also had a clotting disorder with an INR of about 6, indicating blood thinning)."
No vitamin K was given secondary to the patient's anticoagulation needs.,No vitamin K was given due to the patient's need for ongoing blood thinning treatment.
CT chest showed likely multifocal pneumonia which was possible due to aspiration.,"CT scan of the chest suggested likely multifocal pneumonia (lung infection in multiple locations), which could have been caused by inhaling foreign material into the lungs (aspiration)."
"# AML: The patient was diagnosed with AML on BMB, and has tolerated 7 + 3 therapy without complaint.","The patient was diagnosed with Acute Myeloid Leukemia (AML) on bone marrow biopsy (BMB), and has tolerated the 7+3 chemotherapy regimen (7 days of one drug and 3 days of another) without any complaints."
"In ED, found to be in 1st degree heart block with LBBB.","In the Emergency Department, it was found that the patient had a 1st degree heart block (a type of delay in the heart's electrical system) and left bundle branch block (LBBB), which affects how the heart's electrical impulse travels through the left side of the heart."
"OB/GYN had also been consulted, and performed a bedside ultrasound.",The obstetrics and gynecology (OB/GYN) team was consulted and they performed an ultrasound at the patient's bedside to examine internal organs.
He was extubated within 2 hours of arrival to CVICU with pain control an issue post operatively.,"He had his breathing tube removed within 2 hours of arriving at the Cardiovascular Intensive Care Unit (CVICU), but managing his pain after the surgery was challenging."
"On 9-28 the patient again began to complain of abdominal pain, diffuse in nature, constant and sharp in nature, rated 9-8.","On September 28, the patient again reported widespread, constant, and sharp abdominal pain, which he rated between 8 and 9 out of 10 in severity."
HTN thought to be secondary to chronic volume overload and significant vessel non-compliance.,"The high blood pressure (hypertension, HTN) is thought to be due to chronic volume overload (too much fluid in the body) and significant non-compliance of blood vessels (loss of elasticity in the vessels)."
Her acute cardiac issues had resolved and she was called out to the medicine service.,"Her immediate heart problems were resolved, and she was referred to the general medical service for further care."
She underwent cardiac catheterization and an angioplasty with stent placement of the circumflex artery on 2168-12-30.,"She underwent cardiac catheterization (a procedure to examine how well the heart is functioning) and an angioplasty (a procedure to open narrowed or blocked blood vessels of the heart) with stent placement in the circumflex artery (an artery that supplies blood to the heart muscle), which was done on December 30, 2168."
She states her mother's mental status has been progressively declining since her discharge from the hospital on 1-22.,She reports that her mother's mental condition has been gradually worsening since she was discharged from the hospital on January 22.
"Per patient, he took Pepto-Bismol 3 times earlier in the weeks for 3 days.","According to the patient, he took Pepto-Bismol three times a day for three days earlier in the week."
"Lights, noise, and head movement exacerbate the discomfort, as does exertion (e.g., coughing and sneezing).","Lights, noise, and moving his head make the discomfort worse, as does physical effort like coughing and sneezing."
GI was called who stated that they would perform EGD in AM.,"The gastroenterology (GI) team was consulted and they stated they would perform an esophagogastroduodenoscopy (EGD, a procedure to examine the lining of the esophagus, stomach, and upper duodenum) in the morning."
"Overnight on 1-11, patient reported severe headache that was relieved with IV dilaudid.","On the night of January 11, the patient reported a severe headache that was relieved with intravenous Dilaudid (a strong pain medication)."
He felt lightheaded and had a burning sensation in his chest prior to the shock.,"Before experiencing shock, he felt lightheaded and had a burning feeling in his chest."
"This was thought to be iatrogenic 1-15 stenting and possible jailing of the diagonal, so he was started on heparin drip and treated for STEMI.","The complications were thought to be caused by the stent placement (iatrogenic) and possibly blocking a branch of the coronary artery (jailing of the diagonal), so he was given a heparin drip (a blood thinner) and treated for STEMI (a type of severe heart attack)."
"As ACS and PE were ruled out, BB, statin, heparin were discontinued.","After ruling out acute coronary syndrome (ACS) and pulmonary embolism (PE), medications like beta-blockers (BB), statins, and heparin were stopped."
"Patient and his family have expressed an interest in getting his follow-up care in NH, closer to home.","The patient and his family would like to have his follow-up medical care in New Hampshire, which is closer to their home."
Pt is refusing intubation but according to her HCP she is a full code.,"The patient is refusing to be intubated (use of a tube to assist breathing), but according to her healthcare provider, she is a full code (all life-saving measures should be taken in case of a heart or breathing stoppage)."
"A large volume of bloody fluid was removed from the abdomen, but active bleeding was not seen.","A large amount of bloody fluid was drained from the abdomen, but no ongoing bleeding was observed."
"After a one day stay in the CCU where she was diuresed and weaned off BiPAP to a 70% facemask, she was transferred back to the floor on 10-30.","After a day in the Critical Care Unit (CCU) where she received diuretics to remove fluid and was transitioned from a BiPAP machine (a breathing aid) to a 70% oxygen facemask, she was moved back to her hospital room on October 30."
"He had similar palpitations 6 months after his MI/cath in 2146, that resolved spontaneously.","He experienced similar heart palpitations six months after his heart attack and catheterization in 2146, but these resolved on their own."
A rectal tube was placed resulting in a large bowel movement and a decrease in his abdominal distention.,A rectal tube was inserted which resulted in a large bowel movement and reduced swelling in his abdomen.
Responded well to esmolol drip in the ICU with improvement in rate control to 80s.,"The patient responded well to an esmolol drip (a medication to control heart rate) in the Intensive Care Unit, with an improvement in heart rate to the 80s (beats per minute)."
He was continued on ASA and started on a statin.,He continued to take ASA (aspirin) and began taking a statin (a medication to lower cholesterol).
"Pt had flat JVP and warm extremities, no evidence of tamponade.","The patient had a flat Jugular Venous Pressure (JVP, indicating the pressure inside the veins of the neck) and warm limbs, with no signs of tamponade (pressure on the heart caused by fluid accumulation)."
"This GI process would explain the elevated lactate and subsequent hypotension from septic shock, though the pattern is strange and does not coincide with an ischemic pattern or any particular disease process.","This gastrointestinal condition could explain the high lactate levels and low blood pressure from septic shock (a severe infection that affects blood flow), although the symptoms are unusual and do not match those typically seen in blood flow issues (ischemia) or any specific disease."
Her steroids were managed as outlined above in sections 1 and 2.,Her steroid treatment was managed according to the guidelines provided in sections 1 and 2 of the document.
Patients white count and fevers decreased and he was afebrile at discharge.,"The patient's white blood cell count and fever decreased, and he did not have a fever when he was discharged."
"# Likely aspiration pneumonia vs pneumonitis: patient had a history of dysphagia and aspiration pneumonia presenting with mildly elevated WBC, low grade temperature and hypoxia.","The patient likely had aspiration pneumonia (lung infection caused by inhaling food or liquid) versus pneumonitis (inflammation of lung tissue), indicated by a history of dysphagia (difficulty swallowing), slightly high white blood cell count, mild fever, and low oxygen levels."
Her SpO2 responded to 6L FM and her breathing became more comfortable.,"Her oxygen saturation (SpO2) improved with 6 liters per minute of oxygen through a face mask, and her breathing became easier."
"Foley D/C'd, diet well tolerated and pain well controlled.","The Foley catheter was removed, the diet was well tolerated, and the pain was well managed."
"According to EMS, during entire transport, she was nonverbal and nonresponsive.","According to Emergency Medical Services (EMS), she did not speak or respond throughout the transport."
Azithromycin was stopped and levofloxacin was started on 1-28 and should be continued for 10 days.,"The antibiotic azithromycin was discontinued, and another antibiotic, levofloxacin, was started on January 28, to be taken for 10 days."
"Known lastname 28272 is a 63-year-old man with PAF, PVD, HLD, HTN and OSA with complaint of several months of exertional chest pain and dyspnea.","A 63-year-old man known as patient 28272, with paroxysmal atrial fibrillation (PAF), peripheral vascular disease (PVD), hyperlipidemia (HLD), hypertension (HTN), and obstructive sleep apnea (OSA), has been experiencing chest pain and shortness of breath during exertion for several months."
He is scheduled for close follow-up for RFA for his recently diagnosed HCC.,"He has frequent check-ups scheduled for radiofrequency ablation (RFA), a treatment for his recently diagnosed hepatocellular carcinoma (HCC), a type of liver cancer."
"Right hallux -- during the admission, after his acute issues had resolved, Mr.","After his urgent medical issues were resolved during his hospital stay, attention was turned to a condition affecting his right big toe (hallux)."
An echo performed revealed MVP with severe MR. At the request of the family the pt is transferred to hospital3.,"An echocardiogram revealed mitral valve prolapse (MVP) with severe mitral regurgitation (MR), a heart valve problem. On the family's request, the patient was transferred to another hospital."
She is s/p ICD placement with episodes of ICD firing.,"She had an implantable cardioverter-defibrillator (ICD) placed, which has since activated several times to correct heart rhythm issues."
LP performed 1-1 showed no evidence of infection.,A lumbar puncture (LP) performed on January 1 showed no signs of infection in the spinal fluid.
"His trach was replaced in the ED, and he was subsequently discharged.","His tracheostomy tube was replaced in the Emergency Department, and he was then discharged from the hospital."
EKG showed aflutter with ventricular rate in the 60s.,An electrocardiogram (EKG) showed atrial flutter (a type of abnormal heart rhythm) with a ventricular rate in the 60s (beats per minute).
Patient was 92% on RA when seen by EMS and started on 2L NC.,"When seen by Emergency Medical Services, the patient's oxygen saturation was 92% while breathing room air, so he was started on 2 liters per minute of oxygen via nasal cannula."
Azithromycin was stopped and levofloxacin was started on 1-28 and should be continued for 10 days.,"The antibiotic azithromycin was discontinued, and another antibiotic, levofloxacin, was started on January 28, to be taken for 10 days."
"Known lastname 28272 is a 63-year-old man with PAF, PVD, HLD, HTN and OSA with complaint of several months of exertional chest pain and dyspnea.","A 63-year-old man, known as patient 28272, with heart rhythm issues, blood vessel problems, high cholesterol, high blood pressure, and sleep-related breathing disorder, has been having chest pain and difficulty breathing when active for several months."
He is scheduled for close follow-up for RFA for his recently diagnosed HCC.,He will have frequent check-ups for a treatment that uses heat to destroy cancer cells in his liver.
"Right hallux -- during the admission, after his acute issues had resolved, Mr.","After his urgent health problems were addressed during his hospital stay, attention was turned to a condition affecting his right big toe."
An echo performed revealed MVP with severe MR. At the request of the family the pt is transferred to hospital3.,"A heart scan showed a problem with one of his heart valves not closing properly, causing blood to leak backward. At his family's request, he was moved to another hospital."
She is s/p ICD placement with episodes of ICD firing.,"She had a device placed in her chest to correct dangerous heart rhythms, which has activated several times to manage her heartbeats."
LP performed 1-1 showed no evidence of infection.,A test where a needle is used to collect fluid from the lower back on January 1 showed no signs of infection.
"His trach was replaced in the ED, and he was subsequently discharged.","His breathing tube in his neck was replaced in the emergency room, and he was then sent home."
EKG showed aflutter with ventricular rate in the 60s.,A heart test showed an abnormal rhythm with a heart rate in the 60s (beats per minute).
Patient was 92% on RA when seen by EMS and started on 2L NC.,"When emergency services checked him, his oxygen level was 92% while breathing normal air, so they started him on a low flow of oxygen through a nose tube."
Azithromycin was stopped and levofloxacin was started on 1-28 and should be continued for 10 days.,"The antibiotic azithromycin was stopped, and another antibiotic, levofloxacin, was started on January 28 and should be taken for 10 days."
"Known lastname 28272 is a 63-year-old man with PAF, PVD, HLD, HTN and OSA with complaint of several months of exertional chest pain and dyspnea.","A 63-year-old man, known as patient 28272, with paroxysmal atrial fibrillation (PAF, a heart rhythm problem), peripheral vascular disease (PVD, blood vessel issues), hyperlipidemia (HLD, high cholesterol), hypertension (HTN, high blood pressure), and obstructive sleep apnea (OSA, a sleep breathing condition), has been having chest pain and difficulty breathing when active for several months."
He is scheduled for close follow-up for RFA for his recently diagnosed HCC.,"He will have frequent check-ups for radiofrequency ablation (RFA, a treatment that uses heat to destroy cancer cells) for his recently diagnosed hepatocellular carcinoma (HCC, a type of liver cancer)."
"Right hallux -- during the admission, after his acute issues had resolved, Mr.","After his urgent health problems were addressed during his hospital stay, attention was turned to a condition affecting his right big toe (hallux)."
An echo performed revealed MVP with severe MR. At the request of the family the pt is transferred to hospital3.,"A heart scan (echocardiogram) showed mitral valve prolapse (MVP, a heart valve issue) with severe mitral regurgitation (MR, a condition where the heart valve doesn't close properly, causing blood to flow backward). At his family's request, he was moved to another hospital."
She is s/p ICD placement with episodes of ICD firing.,"She had an implantable cardioverter-defibrillator (ICD, a device placed in the chest to manage heart rhythms) installed, which has activated several times to correct her heartbeats."
LP performed 1-1 showed no evidence of infection.,"A lumbar puncture (LP, a needle test to collect spinal fluid) performed on January 1 showed no signs of infection."
"His trach was replaced in the ED, and he was subsequently discharged.","His tracheostomy tube (trach, a tube inserted in the neck to help with breathing) was replaced in the emergency department (ED), and he was then sent home."
EKG showed aflutter with ventricular rate in the 60s.,"An electrocardiogram (EKG, a test that records the electrical activity of the heart) showed atrial flutter (a heart rhythm disorder) with a ventricular rate in the 60s (heartbeats per minute)."
Patient was 92% on RA when seen by EMS and started on 2L NC.,"When emergency medical services (EMS) checked him, his oxygen saturation was 92% while breathing room air (RA), so they started him on 2 liters per minute of oxygen through a nasal cannula (NC, a tube for delivering oxygen)."
Came to ED today because granddaughter called his cardiologist who recommended evaluation.,"He came to the emergency department (ED) today because his granddaughter contacted his heart doctor, who suggested he get checked."
"VS prior to transfer 97.7, pulse: 87, RR: 16,","Before being transferred, his vital signs were: body temperature 97.7°F, heart rate 87 beats per minute, and respiratory rate 16 breaths per minute."
58 yo f otherwise healthy p/w black tarry stools one day prior to admission.,"A 58-year-old healthy woman reported having black, sticky stools a day before being admitted to the hospital."
Was given 2mg IV ativan and intubated for airway protection.,She was given 2mg of Ativan through an IV and had a tube placed in her airway to keep it open and protect it.
"Cardiology had been consulted and pt started on slow amiodarone load and uptitration of nodal agents; he persisted through this and was getting more hypotense to low 100's, so was transferred to cardiology service where he was more aggressively loaded with amiodarone 400 tid for a total","The heart specialists were called, and they started him on a gradual increase of amiodarone, a heart medication, and other drugs to manage his heart rate. His blood pressure dropped to the low 100s, so he was moved to the cardiology department for a more aggressive treatment with amiodarone."
Liver was consulted and performed emergent endoscopy for concern for variceal bleed.,"Liver specialists performed an urgent endoscopy, a camera examination of the digestive tract, due to concerns about bleeding from enlarged veins in the stomach or esophagus."
"In the ED, he was aggressively treated with calcium gluconate, insulin, sodium bicarbonate, and kayexelate.","In the emergency department, he received intensive treatment with calcium gluconate, insulin, sodium bicarbonate, and kayexelate to manage his blood chemistry levels."
"Because of intermittent bradycardia, this was changed to a nicardipine drip while PO captopril was started.","Due to occasional slow heart rate, his treatment was switched to a nicardipine drip, a blood pressure medication, while starting captopril, another blood pressure medicine taken by mouth."
Known lastname 59201 was admitted to the hospital1 18 on 2118-9-13 for surgical management of his aortic valve disease.,"Patient 59201 was admitted to the hospital on September 13, 2118, for surgery related to his aortic valve disease, a condition affecting the valve that controls blood flow from the heart to the body."
Neurologically he has been doing well working with PT/OT and speech therapy at hospital3.,"He has been making good progress in physical therapy (PT), occupational therapy (OT), and speech therapy at hospital3."
Bystanders found him to be unresponsive/pulseless and initiated CPR for 10 minutes.,People nearby found him unresponsive and without a pulse and performed CPR (cardiopulmonary resuscitation) on him for 10 minutes.
"Pt admitted from ED with type B aortic dissection, uncontrolled hypertension and pain.","The patient was admitted from the emergency department with a type B aortic dissection, a serious condition where there is a tear in one of the layers of the main artery leaving the heart, along with uncontrolled high blood pressure and pain."
PO meds were held except midodrine which he was tolerating by end of ICU stay.,"All oral medications were stopped except for midodrine, which he was able to tolerate by the end of his stay in the intensive care unit (ICU)."
Thoracentesis fluid CX was negative and effusions improved clinically with normal sats on RA on discharge.,"Fluid collected from his chest through a procedure called thoracentesis tested negative for infection, and the fluid accumulation improved. His oxygen levels were normal when breathing room air at the time of discharge."
He was given a 2nd mg of atropine because his HR was still in the 50s; and started on fentanyl gtt and versed for sedation.,"He received a second dose of atropine because his heart rate was still in the 50s, and he was given fentanyl and versed, medications to help with pain and sedation."
"He was also started on gabapentin, titrated to 300mg tid.","He was also started on gabapentin, a medication for nerve pain, adjusted to a dose of 300mg taken three times a day."
"After recovering in the PACU, she was transferred to the SICU and the OB team followed in her care.","After recovering in the post-anesthesia care unit (PACU), she was moved to the surgical intensive care unit (SICU) and the obstetrics (OB) team continued to care for her."
"Overnight, she c/o some mild L sided chest pain with no other symptoms.","Overnight, she complained of some mild pain on the left side of her chest but had no other symptoms."
Cardiology was consulted and determined that cath was not indicated at this time given recent GI bleed.,Heart specialists were consulted and decided that a heart catheterization was not needed at this time due to a recent gastrointestinal bleed.
"She went to her PCP's office today who noted an inability to tolerate sips of water, a BP of 92/50, HR of 105, so she was sent to the ED for evaluation for possible DKA.","She visited her primary care provider (PCP) who noted she could not tolerate even small sips of water, had low blood pressure (92/50), and a high heart rate (105), so she was sent to the emergency department for evaluation of possible diabetic ketoacidosis (DKA, a serious diabetes complication)."
Her complaints of R arm pain had improved as did the strength in her R arm.,"Her complaints about right arm pain got better, as did the strength in her right arm."
"HTN - restarted lisinopril, Bblocker once BP was stable.","For her high blood pressure, medications like lisinopril and a beta-blocker were restarted once her blood pressure stabilized."
"During the time in the ED, it was noted that her right neck appeared hospital1 2824.","While in the emergency department, there was a noticeable issue with her right neck, marked as hospital1 2824."
Patient admitted to hospital1 18 and underwent a cardiac cath which revealed LMCA and 2 vessel disease.,The patient was admitted to the hospital and had a heart procedure (cardiac catheterization) that showed disease in the left main coronary artery and two other vessels.
"Evaluated by vascular surgery in ED, who felt that his RLE was non-threatened and no surgical intervention was required.","Vascular surgery specialists in the emergency department evaluated him and determined that his right lower extremity was not at risk, and no surgery was needed."
Fentanyl patch and morphine was restarted when his MS improved.,"Fentanyl and morphine, both pain medications, were restarted once his mental status improved."
"Before he got a chance to take his high-dose prednisone, he decided to come to the ED.","Before he could take his high-dose prednisone, a medication for inflammation, he decided to go to the emergency department."
This was complicated by R mainstem intubation revealed on CXR which was then pulled back into trachea.,"The situation was complicated by the right mainstem intubation (a tube placed incorrectly into a major airway) shown on the chest X-ray, which was then adjusted back into the trachea (windpipe)."
Arrived to the ED minimally responsive w/ no evidence of trauma.,He arrived at the emergency department barely responsive but with no signs of physical injury.
"# Stage III NSCLC with brain mets: continued levetiracetam, dexamethasone, PRN oxycodone.","For stage III non-small cell lung cancer that has spread to the brain, continued treatment includes levetiracetam (seizure medication), dexamethasone (steroid), and oxycodone as needed for pain."
Underwent urgent surgery. IV heparinization began in the emergency room.,"He had urgent surgery and was started on intravenous heparin, a medication to prevent blood clots, in the emergency room."
Upon arrival to hospital1 18 in the ED the patient reported 3-25 chest pain and his EKG was notable for ST depressions in V1-V3.,"Upon arrival at the emergency department, the patient reported chest pain rated 3 to 25, and his electrocardiogram showed concerning changes (ST depressions) in leads V1 to V3, indicating possible heart issues."
"Tried IV amiodarone load, but without change from aflutter in 140s, discontinued amiodarone after the load and went back to metoprolol for rate control, with doses varying from 75 tid to 100 qid, with caution regarding BP (mostly SBP 100-130) and concern for","They tried giving amiodarone intravenously to control his heart's rapid fluttering rhythm but stopped after no change was seen. They switched back to metoprolol, a different heart rate medication, with doses adjusted and careful monitoring of his blood pressure."
"70 yo man with remote hx UGIB, known diverticulosis who presented with BRBPR at home and proceeded to have multiple episodes in-house with significant HCT drop 1) lower GI bleed secondary to diverticulosis several episodes BRBPR (7-9) on admission to the floor, noted to have HCT","A 70-year-old man with a history of upper gastrointestinal bleeding and known diverticulosis (small, bulging pouches in the digestive tract) experienced visible rectal bleeding at home and continued to have multiple bleeding episodes in the hospital, leading to a significant drop in his hematocrit (a measure of red blood cells), indicating a lower gastrointestinal bleed."
In the MICU a noncontrast CT spine was obtained and was concerning for new fracture above the level of instrumentation.,"In the medical intensive care unit, a CT scan of the spine without contrast was performed and showed a new fracture above the area where he previously had surgical hardware placed."
"POD #0 - remained in PACU 2166-12-29 overnight for brief neo administration, volume resuscitation, 1u PRBC, and observation.","On postoperative day zero, he stayed overnight in the post-anesthesia care unit for a short administration of neostigmine, fluid resuscitation, one unit of packed red blood cells, and monitoring."
"86yo m w/ hx of SCC s/p XRT who presents with shortness of breath, hypoxia and multifocal PNA.","An 86-year-old man with a history of squamous cell carcinoma (a type of skin cancer) after radiation therapy came in with shortness of breath, low oxygen levels, and multifocal pneumonia (infection in multiple areas of the lungs)."
"After stabilizing in ICU, off BiPAP and on doing well on RA he was sent to the medicine floor.","After stabilizing in the intensive care unit, no longer needing BiPAP (a machine to help breathe) and doing well on room air, he was moved to the general medical floor."
"She was transferred to hospital1 18 ED where CK > 200,000 and creatinine 3.0 with UA + blood, no RBCs, + muddy brown casts.","She was transferred to the emergency department where tests showed very high levels of CK (a muscle enzyme), high creatinine (a waste product indicating kidney function), blood in her urine analysis but no red blood cells, and signs of kidney damage ('muddy brown casts')."
Extubated early the following morning in SR on insulin and neo drips.,She had the breathing tube removed early the next morning in the surgical recovery room while receiving insulin and neostigmine drips.
"In the ED, the patient arrived tachypneic to the 40s, using her accessory muscles, and saturating in the 80s.","In the emergency department, the patient was breathing very rapidly at a rate of about 40 breaths per minute, using extra muscles to breathe, and her oxygen level was low, in the 80s percentage."
By this time her OR wound cultures from 2168-3-2 confirmed 'beta group A streptococcus' and she continued on her course of ceftriaxone and clindamycin IV per ID recommendations.,"By then, tests from her surgery wound confirmed an infection with 'beta group A streptococcus,' a type of bacteria. She continued receiving ceftriaxone and clindamycin, antibiotics given through IV, as recommended by infectious disease specialists."
"GI: Pt with hx of liver disease, hepatocellular carcinoma status post month/day (3) 54267.","Gastrointestinal: Patient with a history of liver disease and hepatocellular carcinoma (a type of liver cancer), noted in their record under the identifier 54267."
Known lastname 26890 was admitted to ED from clinic for increasing SOB.,Patient known as 26890 was admitted to the emergency department from a clinic due to increasing shortness of breath.
"She will need 3 more weeks of IV Last Name (LF) 112289, First Name3 (LF) follow-up with her primary care physician Last Name (Namepattern4) 2 weeks, then with pulmonology in about a month (scheduling in process at time of discharge).","She will need three more weeks of IV treatment. She is scheduled to follow up with her primary care physician in two weeks and then see a lung specialist in about a month, with appointments being arranged at the time of her discharge."
"She was diuresed aggressively for this, and will follow up with a CXR next week.",She was treated aggressively with medications to remove excess fluid from her body and will have a chest X-ray (CXR) next week to check her progress.
"# HTN - Elevated BP on admission, was given metoprolol in the ED without much effect, but also in setting of volume overload.","High blood pressure - Her blood pressure was high when admitted. She was given metoprolol, a blood pressure medication, in the emergency department, which did not have much effect, possibly due to excess body fluid."
"He was kept NPO, given IV fluids; serial hematocrits and abdominal exams were followed closely.","He was not allowed to eat or drink (NPO), received IV fluids, and had repeated blood tests to measure his red blood cell level (hematocrits) and frequent abdominal exams to monitor his condition."
He was intubated at an outside hospital transferred to hospital1 18 ED.,He had a breathing tube placed at another hospital before being transferred to the emergency department of hospital1 18.
He eventually agreed to HD and tunnel cath placed by IR in R SC on 2171-4-4.,"He eventually agreed to have hemodialysis (HD, a kidney treatment) and had a tunnel catheter placed in his right subclavian (chest area) by interventional radiology on April 4, 2171."
Patient presented with epigastric pain radiating to the back.,The patient had pain in the upper stomach area that spread to the back.
"Diagnosed with acute cholecystitis, underwent laparoscopic cholecystectomy.",Diagnosed with inflammation of the gallbladder and had surgery to remove the gallbladder using small incisions and a camera.
"Admitted with symptoms of congestive heart failure, started on diuretics.","Admitted to the hospital with signs of heart failure where the heart can't pump blood well, and was treated with medications to remove excess fluid."
"Presented to ER with left-sided weakness and speech difficulties, suspected stroke.","Came to the emergency room with weakness on the left side and trouble speaking, suspected to have had a stroke."
Underwent MRI which confirmed multiple sclerosis.,"Had an MRI scan that confirmed a diagnosis of multiple sclerosis, a disease affecting the brain and spinal cord."
Treated for pneumonia with a course of antibiotics and oxygen therapy.,Received treatment for lung infection with antibiotics and oxygen to help breathing.
"Patient developed sepsis following surgery, required intensive care.","After surgery, the patient developed a severe infection that spread in the body, requiring care in the intensive care unit."
Discharged on oral anticoagulants following a pulmonary embolism.,Sent home with blood thinners after treatment for a blood clot in the lungs.
Diagnosed with type 2 diabetes; advised lifestyle changes and metformin started.,"Found to have type 2 diabetes and recommended to change diet and exercise habits, started on metformin medication."
"Underwent biopsy of thyroid nodule, awaiting pathology results.","Had a sample taken from a lump in the thyroid gland to be tested for disease, waiting for test results."
Patient reported chronic fatigue and joint pain; suspected rheumatoid arthritis.,"The patient reported ongoing tiredness and pain in the joints; doctors suspect rheumatoid arthritis, an autoimmune disease that affects the joints."
Underwent endoscopic retrograde cholangiopancreatography for suspected gallstone pancreatitis.,Had a procedure using a camera and tools (endoscopic retrograde cholangiopancreatography) to check for pancreatitis caused by gallstones.
"Presented with acute abdominal pain, CT scan showed appendicitis.","Came in with sudden severe belly pain, and a CT scan revealed inflammation of the appendix, known as appendicitis."
Treated for urinary tract infection with IV antibiotics in the hospital.,Received treatment for an infection in the urinary system with antibiotics given through an IV while in the hospital.
Patient experiencing vertigo and nausea; diagnosed with benign positional vertigo.,"Patient feeling dizzy and nauseous was diagnosed with benign positional vertigo, a disorder causing brief episodes of dizziness."
Received corticosteroid injections for severe osteoarthritis in the knees.,"Got steroid injections to treat severe arthritis, which causes pain and stiffness, in the knees."
"Suffered a minor myocardial infarction, placed on dual antiplatelet therapy.",Had a minor heart attack and was started on dual antiplatelet therapy to prevent blood clots.
Diagnosed with atrial fibrillation; started on rate control medication and anticoagulation.,"Found to have atrial fibrillation, a heart rhythm problem, and began treatment to control heart rate and prevent blood clots."
Patient with severe depression underwent electroconvulsive therapy after medication failure.,"Patient with severe depression received electroconvulsive therapy, a treatment involving electric brain stimulation, after medications did not work."
"Diagnosed with stage II breast cancer, began chemotherapy and radiation treatment.",Found to have stage II breast cancer and started treatment with chemotherapy and radiation to destroy cancer cells.
Patient reported severe headaches and photophobia; diagnosed with migraine.,"The patient complained of severe headaches and sensitivity to light, and was diagnosed with migraines, a condition that causes powerful headaches."
Underwent total hip replacement due to advanced osteoarthritis.,"Had a total hip replacement surgery because of severe arthritis in the hip, which causes joint damage and pain."
"Patient presented with symptoms of hyperthyroidism, confirmed by blood tests.","Came in showing signs of an overactive thyroid, such as high energy levels and weight loss, which was confirmed with blood tests."
Treated for a severe allergic reaction with epinephrine and antihistamines.,Received treatment for a severe allergic reaction using epinephrine and antihistamine medications to manage swelling and other symptoms.
Diagnosed with diverticulitis after presenting with lower left quadrant pain and fever.,"Found to have diverticulitis, an inflammation of small pouches in the intestines, after reporting pain in the lower left part of the abdomen and fever."
Underwent coronary angioplasty with stent placement for coronary artery disease.,"Had a procedure to open blocked heart arteries and place a stent, a small tube to keep the artery open, due to heart disease."
Patient suffered from a stroke with left-sided weakness; undergoing rehabilitation.,Experienced a stroke that caused weakness on the left side of the body and is currently in rehabilitation to improve movement and strength.
Treated for bacterial pneumonia with a course of broad-spectrum antibiotics.,Received treatment for lung infection caused by bacteria with a broad range of antibiotics to fight the infection.
Patient with chronic kidney disease undergoing regular dialysis treatments.,Patient with long-term kidney disease receiving regular dialysis treatments to help the kidneys filter blood.
"Diagnosed with prostate cancer, undergoing hormone therapy and radiation.",Found to have prostate cancer and started treatment with hormone therapy to block cancer growth and radiation to kill cancer cells.
Patient admitted for elective knee arthroscopy due to chronic pain and reduced mobility.,Patient checked into the hospital for a planned knee scope surgery to address ongoing pain and difficulty moving.
"Diagnosed with acute pancreatitis; managed with IV fluids, pain relief, and fasting.","Found to have acute pancreatitis, an inflammation of the pancreas, and treated with intravenous fluids, medications for pain, and no food intake to rest the pancreas."
Presented with sudden dizziness and loss of balance; diagnosed with vestibular neuritis.,"Came in with sudden feelings of dizziness and unsteadiness, diagnosed with vestibular neuritis, an inner ear problem that affects balance."
Underwent appendectomy for ruptured appendix with peritonitis.,Had surgery to remove a burst appendix that had caused widespread inflammation in the abdomen (peritonitis).
Patient presented with severe anemia; received blood transfusions and iron supplements.,Came in with very low red blood cell counts (severe anemia) and was treated with blood transfusions and iron supplements.
Diagnosed with bipolar disorder; started on mood stabilizers and psychotherapy.,"Found to have bipolar disorder, a mental health condition with extreme mood swings, and began treatment with medications to stabilize mood and therapy to manage symptoms."
Patient with severe asthma attack treated with high-dose corticosteroids and bronchodilators.,Treated for a severe asthma attack with high doses of steroids to reduce inflammation and bronchodilators to open airways.
Underwent cataract surgery on the right eye; postoperative recovery is uneventful.,Had surgery to remove a cataract (cloudy lens) in the right eye; the recovery after surgery has been smooth without complications.
Patient reported chronic lower back pain; referred for MRI which showed lumbar disc degeneration.,"Patient reported ongoing lower back pain and was sent for an MRI scan, which showed wear and tear of the discs in the lower spine."
"Diagnosed with infectious mononucleosis; advised rest, hydration, and symptomatic treatment.","Found to have infectious mononucleosis, a viral infection often causing fever and sore throat, and recommended to rest, stay hydrated, and treatment to relieve symptoms."
Patient exhibited signs of congestive heart failure and was treated with diuretics and ACE inhibitors.,"Patient showed symptoms of heart failure, where the heart struggles to pump blood efficiently, and was treated with medications to remove excess fluid and improve heart function."
Admitted with cellulitis of the lower leg; managed with intravenous antibiotics and pain medication.,"Came into the hospital with cellulitis, an infection of the skin on the lower leg, treated with antibiotics given through an IV and medication for pain."
Patient presented with acute renal failure; initiated on emergency hemodialysis.,"Patient arrived with sudden kidney failure and began emergency kidney dialysis, a treatment to remove waste from the blood when kidneys are not functioning."
Underwent therapeutic endoscopy for esophageal varices bleeding.,"Had a procedure using a special camera to stop bleeding from enlarged veins in the esophagus, the tube that connects the throat to the stomach."
Diagnosed with severe preeclampsia; delivered via emergency cesarean section.,"Found to have severe preeclampsia, a serious pregnancy complication causing high blood pressure, and had an emergency C-section to deliver the baby."
Patient with deep vein thrombosis received anticoagulation therapy.,Patient with a blood clot in a deep vein was treated with medication to prevent further clotting.
Treated for pneumothorax with chest tube placement to re-expand the collapsed lung.,Received treatment for a collapsed lung (pneumothorax) by placing a tube in the chest to help the lung expand back.
Patient experienced a grand mal seizure and was started on antiepileptic drugs.,"Patient had a severe type of seizure involving loss of consciousness and violent muscle contractions, and began treatment with medications to prevent seizures."
Underwent laparoscopic surgery for gallbladder removal due to chronic cholecystitis.,Had minimally invasive surgery to remove the gallbladder because of chronic inflammation.
Presented with acute gout attack; treated with colchicine and advised dietary changes.,"Came in with a sudden gout attack, an intense joint pain due to uric acid build-up, treated with colchicine medication and recommended changes in diet."
Patient reported persistent cough and was diagnosed with chronic bronchitis.,"Patient had an ongoing cough and was found to have chronic bronchitis, a long-term inflammation of the bronchial tubes in the lungs."
Underwent diagnostic laparoscopy for suspected pelvic inflammatory disease.,"Had a minor surgical procedure using a camera to check for pelvic inflammatory disease, an infection of the female reproductive organs."
Diagnosed with acute myeloid leukemia and started on chemotherapy.,"Found to have acute myeloid leukemia, a type of cancer of the blood and bone marrow, and began chemotherapy treatment."
Patient suffered a traumatic brain injury and required craniotomy to alleviate pressure.,Patient experienced a serious brain injury and underwent a surgical procedure to open the skull to relieve pressure.
Admitted for severe dehydration and treated with intravenous fluids.,Came to the hospital for severe dehydration and received treatment with fluids given through an IV.
Diagnosed with peripheral neuropathy and prescribed gabapentin for nerve pain.,"Found to have peripheral neuropathy, a condition causing nerve damage outside the brain and spinal cord, and prescribed gabapentin to relieve pain."
Underwent repair of a ruptured abdominal aortic aneurysm.,"Had surgery to fix a ruptured aneurysm in the abdomen, which is a ballooned and weakened area in the main artery that can burst."
Patient with advanced Parkinson's disease managed with carbidopa-levodopa and physical therapy.,"Patient with severe Parkinson's disease, a disorder affecting movement, treated with medications and physical therapy to manage symptoms."
Diagnosed with scleroderma and started on immunosuppressive therapy.,"Found to have scleroderma, a disease causing hardening and tightening of the skin and connective tissues, and began treatment to suppress the immune system."
Presented with symptoms of irritable bowel syndrome and started on a FODMAP diet.,"Showed symptoms of irritable bowel syndrome, a digestive disorder, and began a specific diet to reduce stomach discomfort."
Underwent tonsillectomy due to recurrent tonsillitis.,"Had surgery to remove the tonsils after multiple episodes of tonsillitis, an infection of the tonsils."
Treated for testicular torsion with surgical intervention to save affected testis.,"Received emergency surgery for testicular torsion, a painful twisting of the testicles that can cut off blood flow, to try to save the affected testicle."
Patient with severe allergic conjunctivitis treated with steroid eye drops.,Patient experiencing intense allergy-related eye inflammation treated with steroid eye drops to reduce swelling and irritation.
Underwent partial nephrectomy for renal cell carcinoma.,"Had surgery to remove part of the kidney affected by renal cell carcinoma, a type of kidney cancer."
Diagnosed with Barrett's esophagus; monitored with regular endoscopies.,"Found to have Barrett's esophagus, a condition where the tube connecting the mouth and stomach is damaged by acid reflux, and checked regularly with camera-assisted examinations."
Patient with cystic fibrosis experiencing a pulmonary exacerbation treated with antibiotics.,"Patient with cystic fibrosis, a genetic disorder affecting the lungs, treated with antibiotics for a severe lung infection."
"Diagnosed with major depressive disorder, started on SSRIs and cognitive behavioral therapy.",Found to have major depressive disorder and started treatment with antidepressants (SSRIs) and therapy to improve mental health through behavior change.
Patient presented with acute manic episode and was hospitalized for stabilization.,"Came in during a severe manic episode, an extremely elevated mood state, and was admitted to the hospital for treatment to stabilize their condition."
Underwent resection of malignant melanoma with sentinel lymph node biopsy.,"Had surgery to remove malignant melanoma, a serious skin cancer, including testing of the nearest lymph nodes to check for cancer spread."
Treated for clostridium difficile colitis with oral vancomycin.,"Received treatment for an infection of the colon caused by clostridium difficile bacteria, using oral vancomycin, an antibiotic."
Patient admitted with an acute exacerbation of COPD requiring supplemental oxygen.,Patient came to the hospital with a severe worsening of chronic obstructive pulmonary disease (COPD) and needed extra oxygen.
"Underwent excision of a benign breast lump, with follow-up planned for pathology results.","Had surgery to remove a non-cancerous lump in the breast, with plans to check the removed tissue for any signs of disease."
Diagnosed with ulcerative colitis and started on biologic therapy.,"Found to have ulcerative colitis, a type of inflammatory bowel disease, and began treatment with biologic medications that target specific parts of the immune system."
Presented with acute cholangitis and treated with ERCP and antibiotics.,Came in with inflammation of the bile ducts (acute cholangitis) and was treated with a procedure to examine the bile ducts (ERCP) and antibiotics.
Suffered a closed head injury with a concussion; observed overnight and given discharge instructions.,"Had a head injury without a skull fracture (closed head injury) involving a concussion, was monitored overnight, and given instructions upon discharge."
Patient with history of venous insufficiency underwent sclerotherapy for varicose veins.,Patient with poor vein function had a treatment called sclerotherapy to address enlarged veins (varicose veins).
Diagnosed with atrial flutter; underwent successful cardioversion to restore normal rhythm.,"Found to have atrial flutter, a heart rhythm problem, and underwent a procedure to reset the heart's rhythm successfully."
Treated for septic arthritis of the knee with joint aspiration and IV antibiotics.,"Received treatment for an infection in the knee joint, involving fluid removal from the joint and antibiotics given through an IV."
Underwent robotic-assisted prostatectomy for prostate cancer.,Had a robot-assisted surgery to remove the prostate gland due to prostate cancer.
Patient presented with septic shock and managed with vasopressors and fluid resuscitation.,"Came in with septic shock, a severe infection leading to dangerously low blood pressure, and was treated with medications to raise blood pressure and fluids."
Diagnosed with Lyme disease; treated with a course of doxycycline.,"Found to have Lyme disease, an infection from tick bites, and treated with doxycycline, an antibiotic."
Underwent placement of an intra-aortic balloon pump for cardiac support post-myocardial infarction.,Had a device placed inside the aorta to help the heart pump blood after a heart attack.
Patient with sickle cell anemia presented in vaso-occlusive crisis; treated with hydration and pain management.,"Patient with sickle cell anemia came in during a pain crisis caused by blocked blood vessels, treated with fluids and pain relief."
"Admitted for observation after reporting transient ischemic attacks, with plans for carotid ultrasound.","Hospitalized for monitoring after reporting brief episodes of stroke-like symptoms, with plans to examine the neck arteries using ultrasound."
Treated for orbital cellulitis with intravenous antibiotics and corticosteroids.,Received treatment for an infection around the eye with IV antibiotics and steroids to reduce inflammation.
Diagnosed with hereditary angioedema; started on C1 inhibitor therapy.,"Found to have hereditary angioedema, a genetic condition causing swelling, and began treatment with C1 inhibitor, a protein to reduce swelling."
Underwent surgical debridement of a diabetic foot ulcer.,"Had surgery to clean out a deep sore on the foot, which was complicated by diabetes."
Patient with acute pancreatitis placed on NPO status and treated with pain medication.,Patient with inflammation of the pancreas was not allowed to eat or drink (NPO) and received medication for pain.
Underwent endovascular repair of thoracic aortic aneurysm.,Had a minimally invasive procedure to fix an enlarged area in the main artery in the chest (thoracic aorta).
Treated for hypokalemia with oral and IV potassium supplementation.,Received treatment for low potassium levels with potassium supplements taken by mouth and through an IV.
Patient admitted with epistaxis not responsive to conservative management; required nasal packing.,Patient was admitted with a nosebleed that didn't stop with basic treatment and needed a procedure to pack the nose and stop the bleeding.
Underwent gastric bypass surgery for morbid obesity.,Had surgery to reduce the size of the stomach to help with severe obesity.
Diagnosed with osteoporosis and started on bisphosphonates to prevent bone fractures.,"Found to have osteoporosis, a condition that weakens bones, and began treatment with medications to help strengthen bones and prevent breaks."
Admitted for acute liver failure; received liver transplantation.,Hospitalized for sudden liver failure and underwent a liver transplant.
Presented with chest pain and was diagnosed with costochondritis after cardiac causes ruled out.,"Came in with chest pain, diagnosed with costochondritis, an inflammation of chest cartilage, after heart-related causes were excluded."
Patient with severe emphysema required supplemental oxygen and pulmonary rehabilitation.,"Patient with advanced emphysema, a lung condition, needed extra oxygen and specialized lung therapy to help with breathing."
Underwent mastectomy for stage II breast cancer.,Had breast removal surgery for stage II breast cancer.
Diagnosed with Ménière's disease; treated with diuretics and low-salt diet.,"Found to have Ménière's disease, an inner ear disorder causing vertigo and hearing loss, treated with water pills and a diet low in salt."
Treated for acute kidney injury with fluids and temporary dialysis.,Received treatment for sudden kidney damage with fluids and short-term dialysis to help the kidneys filter blood.
Patient suffered second-degree burns on arms and treated with topical antibiotics and dressing changes.,Patient had second-degree burns on the arms and was treated with antibiotic creams and regular changes of bandages.
Diagnosed with chronic myeloid leukemia and started on tyrosine kinase inhibitors.,"Found to have chronic myeloid leukemia, a type of cancer affecting blood cells, and began treatment with medications that target specific cancer enzymes."
Underwent hemicolectomy for colon cancer.,Had surgery to remove part of the colon due to colon cancer.
Patient with bipolar disorder admitted for manic episode; managed with mood stabilizers and antipsychotics.,Patient with bipolar disorder was hospitalized for a manic episode and treated with medications to control mood swings and manage psychotic symptoms.
Presented with anaphylactic shock after bee sting; treated with epinephrine and observed in ED.,"Came in with a severe allergic reaction to a bee sting, treated with epinephrine to counteract the reaction, and monitored in the emergency department."
Admitted with diabetic ketoacidosis; treated with insulin therapy and fluid replacement.,"Hospitalized for diabetic ketoacidosis, a serious diabetes complication, and treated with insulin and fluids."
Diagnosed with pulmonary embolism and started on anticoagulant therapy.,"Found to have a pulmonary embolism, a blood clot in the lungs, and began treatment to prevent further clotting."
Underwent varicocele repair to alleviate pain and improve fertility.,"Had surgery to fix varicocele, an enlargement of veins within the scrotum, to reduce pain and help with fertility issues."
Patient with chronic pancreatitis managed with pain control and pancreatic enzyme supplements.,Patient with long-term inflammation of the pancreas treated with pain management and supplements to help digestion.
Treated for Clostridium difficile infection with fecal microbiota transplantation.,Received treatment for a bacterial infection of the colon with a stool transplant to restore healthy bacteria.
Underwent decompressive craniectomy for severe traumatic brain injury.,Had a surgical procedure to remove part of the skull to relieve pressure on the brain after a severe injury.
Diagnosed with glaucoma; treated with laser trabeculoplasty to relieve intraocular pressure.,"Found to have glaucoma, an eye disease that increases pressure inside the eye, and treated with a laser procedure to improve fluid drainage."
Patient with cervical radiculopathy underwent cervical spinal fusion.,Patient with nerve pain originating from the neck underwent surgery to fuse vertebrae and relieve pressure on the nerves.
Diagnosed with endometrial cancer; treated with hysterectomy and follow-up radiation.,Found to have cancer of the lining of the uterus and treated with surgery to remove the uterus followed by radiation.
Treated for Legionnaires' disease with intravenous antibiotics in the ICU.,"Received treatment for Legionnaires' disease, a severe form of pneumonia, with IV antibiotics in the intensive care unit."
Underwent anterior cruciate ligament reconstruction due to sports injury.,"Had surgery to repair a torn anterior cruciate ligament in the knee, commonly injured during sports."
Patient with severe depression underwent transcranial magnetic stimulation.,Patient with severe depression received a non-invasive treatment using magnetic fields to stimulate nerve cells in the brain.
Diagnosed with multiple sclerosis; started on disease-modifying therapy to slow progression.,"Found to have multiple sclerosis, a disease affecting the central nervous system, and began treatment to slow its progression."
Patient presented with acute otitis media; treated with antibiotics and analgesics.,Came in with an ear infection (acute otitis media) and was treated with antibiotics to fight the infection and pain relievers.
Underwent excision of malignant melanoma on the back with sentinel lymph node biopsy.,"Had a surgery to remove skin cancer (malignant melanoma) on the back, including testing of the nearest lymph nodes for cancer spread."
Treated for chronic obstructive pulmonary disease exacerbation with steroids and bronchodilators.,Received treatment for a severe worsening of chronic obstructive pulmonary disease with steroids to reduce inflammation and medications to open airways.
Patient presented with symptomatic bradycardia and received a permanent pacemaker.,Patient came in with a heart rate that was too slow and received a device implant (pacemaker) to help control the heart rate.
Diagnosed with acute appendicitis; underwent an emergency appendectomy.,Found to have an inflamed appendix (acute appendicitis) and had surgery to remove it urgently.
Underwent bilateral knee replacement due to severe arthritis.,Had surgery to replace both knees because of severe joint damage from arthritis.
Patient with severe eczema treated with topical steroids and moisturizers.,Patient with severe skin irritation (eczema) treated with steroid creams and skin moisturizers.
Presented with acute manic symptoms; admitted for psychiatric evaluation and medication adjustment.,Came in with severe symptoms of mania and was hospitalized for mental health evaluation and changes to medication.
Diagnosed with infective endocarditis; started on IV antibiotics for six weeks.,Found to have an infection of the heart lining (infective endocarditis) and began six weeks of antibiotics given through an IV.
Underwent repair of a retinal detachment to prevent vision loss.,Had surgery to fix a detached retina in the eye to avoid losing vision.
Treated for severe anaphylactic reaction to peanuts with epinephrine and hospitalization.,Received urgent treatment for a severe allergic reaction to peanuts with an adrenaline injection and was admitted to the hospital.
Patient with history of heart failure presented with fluid overload; treated with IV diuretics.,Patient with a history of heart disease came in with excess body fluid and was treated with diuretics administered through an IV to remove fluid.
Underwent thyroidectomy for thyroid cancer.,Had surgery to remove the thyroid gland due to thyroid cancer.
Patient presented with Raynaud's phenomenon; advised on lifestyle modifications and calcium channel blockers.,"Patient came in with Raynaud's phenomenon, a condition causing decreased blood flow to the fingers and toes, and was advised to make lifestyle changes and take medications to help blood flow."
Diagnosed with a herniated lumbar disc and treated with physical therapy and anti-inflammatories.,Found to have a slipped disc in the lower back and treated with physical therapy and medications to reduce inflammation.
Underwent laparoscopic cholecystectomy for symptomatic gallstones.,Had minimally invasive surgery to remove the gallbladder because of painful gallstones.
Treated for acute bronchitis with antibiotics and cough suppressants.,"Received treatment for bronchitis, an inflammation of the airways, with antibiotics and medications to help control coughing."
Diagnosed with narcolepsy; started on modafinil to manage excessive daytime sleepiness.,"Found to have narcolepsy, a condition causing sudden sleep attacks, and began treatment with modafinil to stay awake during the day."
Patient underwent fasciotomy for compartment syndrome in the lower leg.,Had a surgical procedure to relieve pressure in the muscles of the lower leg due to compartment syndrome.
Diagnosed with pernicious anemia; started on vitamin B12 injections.,"Found to have pernicious anemia, a deficiency in vitamin B12, and started on vitamin B12 shots."
Underwent surgical excision of malignant melanoma on the arm.,Had surgery to remove skin cancer (malignant melanoma) on the arm.
Treated for acute otitis externa with topical antibiotic drops.,Received treatment for an outer ear infection (swimmer's ear) with antibiotic ear drops.
Diagnosed with vestibular migraine; treated with preventive medications and vestibular rehabilitation.,"Found to have vestibular migraine, a type of migraine that affects balance, and treated with medications to prevent attacks and balance therapy."
Patient admitted with ischemic colitis; managed with bowel rest and IV fluids.,"Hospitalized with ischemic colitis, a condition where blood flow to the colon is reduced, and treated with no food intake to rest the bowels and IV fluids."
Underwent ureteroscopy for kidney stones.,Had a procedure using a small scope to remove stones from the kidney.
Treated for Clostridium difficile colitis with oral vancomycin.,"Received treatment for a colon infection caused by Clostridium difficile bacteria with oral vancomycin, an antibiotic."
Patient presented with frozen shoulder; managed with corticosteroid injections and physical therapy.,"Came in with frozen shoulder, a condition that restricts shoulder movement, and treated with steroid injections and physical therapy."
Diagnosed with acute sinusitis and treated with nasal decongestants and saline irrigation.,"Found to have acute sinusitis, an infection of the sinus, and treated with nasal decongestants and saline nasal wash."
Underwent anterior cruciate ligament (ACL) reconstruction after a sports injury.,"Had surgery to rebuild the anterior cruciate ligament in the knee, commonly injured in sports."
Patient with cystic fibrosis treated for a pulmonary exacerbation with IV antibiotics and airway clearance techniques.,"Patient with cystic fibrosis, a genetic lung disease, treated for a lung flare-up with IV antibiotics and techniques to clear airways."
Diagnosed with idiopathic intracranial hypertension; treated with acetazolamide and weight loss recommendations.,"Found to have idiopathic intracranial hypertension, a condition with high pressure around the brain, and treated with medication and advised to lose weight."
Patient underwent a colectomy for ulcerative colitis.,"Had surgery to remove part or all of the colon due to ulcerative colitis, a type of inflammatory bowel disease."
"Diagnosed with acute pancreatitis; managed with NPO, IV fluids, and pain management.","Found to have acute pancreatitis, inflammation of the pancreas, and treated with no oral intake, IV fluids, and pain relief."
Patient presented with acute lower back pain; treated with NSAIDs and physical therapy.,Patient came in with sudden severe pain in the lower back and was treated with anti-inflammatory drugs and physical therapy.
Diagnosed with chronic obstructive pulmonary disease (COPD) exacerbation; received steroids and supplemental oxygen.,Found to have a severe worsening of chronic obstructive pulmonary disease (COPD) and treated with steroids to reduce inflammation and extra oxygen to help breathing.
Underwent bariatric surgery for obesity management; on postoperative liquid diet.,Had weight loss surgery due to obesity and followed a liquid diet after the surgery for recovery.
Patient admitted with sepsis originating from a urinary tract infection; treated with broad-spectrum antibiotics.,"Hospitalized with sepsis, a serious body response to an infection, which started from a urinary tract infection, treated with wide-ranging antibiotics."
Underwent mitral valve replacement due to severe mitral regurgitation.,"Had surgery to replace the mitral valve in the heart because it was leaking severely, allowing blood to flow backward."
Patient diagnosed with multiple myeloma; initiated on chemotherapy and stem cell transplant planned.,"Found to have multiple myeloma, a type of cancer affecting plasma cells in the bone marrow, started chemotherapy and planned for a stem cell transplant."
Presented with diabetic foot ulcer; treated with debridement and antibiotic therapy.,"Came in with a foot ulcer caused by diabetes, treated with surgical cleaning of the ulcer and antibiotics."
Patient with acute myocardial infarction underwent percutaneous coronary intervention.,Patient with a heart attack had a procedure to open blocked coronary arteries and restore blood flow to the heart.
Diagnosed with chronic kidney disease stage 3; advised diet modification and control of blood pressure.,Found to have stage 3 chronic kidney disease and advised to change diet and manage blood pressure to slow disease progression.
Underwent spinal fusion surgery for lumbar spinal stenosis.,"Had surgery to join vertebrae in the lower back due to narrowing of the spinal canal, which causes pressure on the spinal cord and nerves."
Treated for Bell's palsy with corticosteroids and physical therapy.,"Received treatment for Bell's palsy, a sudden weakness in the muscles on one side of the face, with steroids to reduce inflammation and physical therapy to restore muscle function."
Patient with atrial fibrillation underwent electrical cardioversion to restore normal heart rhythm.,Patient with an irregular and often rapid heart rate underwent a procedure using electric shocks to reset the heart rhythm to normal.
Diagnosed with deep vein thrombosis; treated with anticoagulants to prevent clot extension and embolism.,Found to have a blood clot in a deep vein and treated with blood thinners to stop the clot from growing and prevent it from moving to the lungs.
Underwent cataract surgery with intraocular lens implantation.,Had surgery to remove cloudy lens from the eye and replace it with an artificial lens.
Patient presenting with hypothyroidism started on levothyroxine to normalize thyroid function.,Patient with an underactive thyroid gland started on levothyroxine medication to help restore normal thyroid function.
Diagnosed with acute lymphoblastic leukemia; began induction chemotherapy.,"Found to have acute lymphoblastic leukemia, a type of blood cancer, and started on aggressive chemotherapy to kill cancer cells."
Underwent anterior cruciate ligament (ACL) repair following a sports injury.,"Had surgery to fix a damaged anterior cruciate ligament in the knee, commonly injured in sports."
Treated for exacerbation of asthma with inhalers and systemic steroids.,Received treatment for a severe asthma attack using inhalers to open airways and steroids to reduce inflammation.
Diagnosed with benign prostatic hyperplasia; started on alpha blockers and advised on watchful waiting.,"Found to have benign prostatic hyperplasia, an enlargement of the prostate gland, started on medication to relax muscle fibers and advised to monitor the condition."
Underwent total thyroidectomy for thyroid cancer; on thyroid hormone replacement therapy.,Had surgery to remove the entire thyroid gland due to cancer and started on hormone replacement therapy to maintain necessary hormone levels.
Patient with symptomatic gallstones underwent cholecystectomy.,Patient with painful gallstones had surgery to remove the gallbladder.
Diagnosed with Parkinson's disease; began treatment with dopamine agonists and physical therapy.,"Found to have Parkinson's disease, a brain disorder that affects movement, and started on medications to mimic dopamine (a brain chemical) and physical therapy."
Treated for bacterial meningitis with intravenous antibiotics and admitted to intensive care for monitoring.,"Received treatment for bacterial meningitis, an infection of the protective membranes covering the brain and spinal cord, with IV antibiotics and was monitored in the intensive care unit."
Patient underwent angioplasty and stent placement for coronary artery disease.,Had a procedure to widen narrowed or blocked coronary arteries and placed a stent to keep the artery open.
Diagnosed with peptic ulcer disease; treated with proton pump inhibitors and lifestyle changes.,"Found to have peptic ulcer disease, which causes sores in the stomach lining, and treated with medications to reduce stomach acid and recommended lifestyle changes."
Patient with cystic fibrosis developed a pulmonary exacerbation treated with IV antibiotics.,"Patient with cystic fibrosis, a genetic condition affecting the lungs, had a severe lung infection treated with IV antibiotics."
Diagnosed with postpartum depression; started on antidepressants and referred to counseling.,Found to have depression following childbirth and began treatment with antidepressant medications and referred to mental health counseling.
Underwent excision of a basal cell carcinoma on the nose.,Had surgery to remove a type of skin cancer called basal cell carcinoma on the nose.
Patient with severe gastroesophageal reflux disease (GERD) underwent Nissen fundoplication.,Patient with severe acid reflux had surgery to wrap the top part of the stomach around the esophagus to prevent acid from coming up.
"Treated for acute pancreatitis with pain management, IV fluids, and dietary restrictions.","Received treatment for inflammation of the pancreas with pain control, IV fluids, and dietary limits to rest the pancreas."
Patient diagnosed with colorectal cancer; started on combination chemotherapy.,Patient found to have colorectal cancer and began treatment with a combination of chemotherapy drugs to target cancer cells.
Underwent excision of a benign ovarian cyst via laparoscopy.,Had a non-cancerous cyst on the ovary removed through a minimally invasive surgical procedure using small incisions and a camera.
Patient with chronic heart failure was hospitalized due to exacerbation and treated with IV diuretics.,Patient with long-term heart failure came to the hospital for worsening symptoms and was treated with intravenous fluids to remove excess water from the body.
Diagnosed with esophageal cancer and treated with radiation therapy and chemotherapy.,Found to have cancer in the esophagus and received treatment with radiation to destroy cancer cells and chemotherapy.
Patient presented with acute renal colic; managed with pain relief and fluids.,Patient came in with severe pain due to kidney stones and was managed with pain medication and fluids to help pass the stones.
Underwent anterior lumbar interbody fusion for chronic low back pain.,Had surgery to join two vertebrae in the lower back to relieve persistent lower back pain.
Diagnosed with advanced glaucoma; underwent trabeculectomy to relieve intraocular pressure.,"Found to have advanced glaucoma, a serious eye condition, and had surgery to help drain fluid from the eye and lower the pressure inside it."
Treated for severe psoriasis with systemic biologics and topical treatments.,Received treatment for severe skin condition psoriasis with biologic drugs that affect the immune system and creams applied to the skin.
Patient with symptomatic hyperparathyroidism underwent parathyroidectomy.,Patient with problems due to an overactive parathyroid gland had surgery to remove the gland.
Diagnosed with vestibular neuritis; treated with steroids and vestibular rehabilitation exercises.,"Found to have inflammation of the inner ear nerve that affects balance, treated with steroids to reduce inflammation and exercises to improve balance."
Underwent Mohs surgery for removal of a squamous cell carcinoma on the scalp.,"Had a specialized surgery to remove a type of skin cancer located on the scalp, ensuring all cancerous cells were removed while preserving as much healthy tissue as possible."
Patient with a history of atrial fibrillation had a stroke; started on anticoagulation therapy.,Patient with an irregular heart rhythm (atrial fibrillation) experienced a stroke and began treatment with medication to prevent blood clots.
Diagnosed with acute lymphoblastic leukemia; began targeted therapy with monoclonal antibodies.,Found to have a type of blood cancer and started treatment with targeted drugs designed to bind to cancer cells and help destroy them.
Patient underwent UPPP for obstructive sleep apnea.,"Patient had surgery to remove tissues from the throat to treat sleep apnea, a condition that causes breathing to stop and start during sleep."
Diagnosed with chronic myeloid leukemia; initiated on tyrosine kinase inhibitor therapy.,Found to have a type of leukemia affecting the blood and bone marrow and started on medication that targets specific cancer-causing proteins.
"Treated for acute pancreatitis with IV fluids, pain management, and dietary modifications.","Received treatment for inflammation of the pancreas with intravenous fluids, pain control, and changes in diet."
Patient presented with anaphylaxis to peanut allergy; administered epinephrine immediately.,Patient had a severe allergic reaction to peanuts and was quickly treated with an injection of epinephrine to counteract the reaction.
Underwent laparoscopic appendectomy for acute appendicitis.,Had minimally invasive surgery to remove the appendix due to inflammation (appendicitis).
Diagnosed with meningitis; treated aggressively with intravenous antibiotics and corticosteroids.,"Found to have meningitis, an inflammation of the brain and spinal cord membranes, and treated intensively with IV antibiotics and steroids."
Patient with severe burns underwent skin grafting and received intensive wound care.,Patient with serious burns had surgery to replace damaged skin and received extensive care for the wounds.
Diagnosed with a ruptured ovarian cyst; managed conservatively with pain medication.,Found to have a burst cyst on the ovary and managed with medication to relieve pain.
Underwent total colectomy for ulcerative colitis.,Had surgery to remove the entire colon due to a condition causing inflammation and ulcers in the colon (ulcerative colitis).
Patient treated for Legionnaires' disease with antibiotics and respiratory support.,"Received treatment for Legionnaires' disease, a severe form of pneumonia, with antibiotics and support for breathing."
Diagnosed with non-Hodgkin's lymphoma; started on chemotherapy and radiation therapy.,Found to have a type of lymphoma (cancer of the lymphatic system) and began treatment with chemotherapy and radiation to kill cancer cells.
Patient with severe ulcerative colitis underwent proctocolectomy and ileostomy.,Patient with severe inflammation and ulcers in the colon and rectum had surgery to remove these parts and create a new opening for waste (ileostomy).
Underwent coronary artery bypass grafting for coronary artery disease.,Had surgery to create new paths around blocked arteries in the heart due to heart disease.
Patient with a fractured femur underwent open reduction and internal fixation.,Patient with a broken thigh bone had surgery to realign and stabilize the bone using metal hardware.
Treated for pelvic inflammatory disease with antibiotics and follow-up care for reproductive health.,Received treatment for an infection of the female reproductive organs with antibiotics and continued care for reproductive health.
Diagnosed with acute otitis externa and treated with antibiotic ear drops and pain relievers.,Found to have an infection of the outer ear canal and treated with antibiotic ear drops and medication to relieve pain.
Underwent removal of pituitary tumor via transsphenoidal approach.,Had surgery to remove a tumor from the pituitary gland through the nasal cavity.
Diagnosed with acute gout and treated with anti-inflammatory medications.,"Found to have a sudden onset of gout, a form of arthritis, and treated with medications to reduce inflammation."
Patient diagnosed with aortic dissection; underwent emergency endovascular stent graft placement.,"Patient found to have aortic dissection, a serious condition where the main artery tears, and received emergency surgery to place a stent to repair it."
Underwent excision of basal cell carcinoma on the cheek; lesion sent for histopathological examination.,"Had surgery to remove a type of skin cancer on the cheek, with the removed tissue sent for detailed lab analysis."
Treated for severe dehydration secondary to gastroenteritis with intravenous rehydration therapy.,Received treatment for severe dehydration caused by stomach flu with IV fluids to restore body water levels.
Diagnosed with osteosarcoma of the femur; initiated on neoadjuvant chemotherapy prior to surgical resection.,Found to have bone cancer in the thigh bone and started on chemotherapy to shrink the tumor before surgery to remove it.
"Patient presenting with syncope; evaluated with ECG and holter monitoring, diagnosed with vasovagal syncope.","Patient came in after fainting; heart was checked with an ECG and continuous monitoring, diagnosed with vasovagal syncope, a common cause of fainting."
Underwent total hip arthroplasty for advanced osteoarthritis; postoperative physiotherapy initiated.,Had total hip replacement surgery due to severe arthritis and began physiotherapy after surgery to help recover movement.
Diagnosed with chronic sinusitis; started on prolonged course of nasal corticosteroids and saline irrigation.,Found to have long-term sinus inflammation and started on a long-term treatment with nasal steroids and salt water rinses.
Patient with cystic fibrosis admitted for exacerbation of pulmonary symptoms; treated with antibiotics and chest physiotherapy.,"Patient with cystic fibrosis, a genetic lung condition, hospitalized for worsening lung symptoms and treated with antibiotics and special exercises to clear the lungs."
Underwent laparoscopic surgery for ectopic pregnancy.,Had minimally invasive surgery to manage a pregnancy located outside the uterus.
Patient diagnosed with acute pericarditis; treated with anti-inflammatory medications and colchicine.,Found to have inflammation of the heart's outer layer and treated with anti-inflammatory drugs and colchicine to reduce symptoms.
Diagnosed with advanced pancreatic cancer; initiated on palliative care to manage symptoms and improve quality of life.,Found to have late-stage pancreatic cancer and started on palliative care focused on relieving symptoms and improving comfort.
Patient underwent resection of malignant melanoma with wide local excision.,"Had surgery to remove a malignant melanoma, a type of skin cancer, ensuring a wide area around the tumor was also removed to reduce recurrence risk."
Treated for acute myocarditis with high-dose corticosteroids and cardiac monitoring.,Received treatment for inflammation of the heart muscle with high doses of steroids and continuous heart monitoring.
Underwent surgical repair of ruptured Achilles tendon.,Had surgery to fix a torn Achilles tendon at the back of the ankle.
Patient with severe pre-eclampsia underwent emergency delivery via cesarean section.,Patient with severe high blood pressure during pregnancy had an emergency C-section to deliver the baby safely.
Diagnosed with retinal detachment; underwent vitrectomy and laser photocoagulation.,Found to have a detached retina and had surgery to remove the vitreous gel from the eye and laser treatment to repair the retina.
Treated for acute cholecystitis with cholecystectomy.,Received treatment for inflammation of the gallbladder by surgically removing the gallbladder.
Patient with atrial fibrillation underwent catheter ablation to restore normal heart rhythm.,Patient with irregular heart rhythm had a procedure using catheters to destroy areas in the heart causing the abnormal rhythm.
Underwent coronary artery bypass surgery for triple vessel coronary artery disease.,Had surgery to create new routes around blocked arteries in the heart due to disease in three major heart arteries.
Diagnosed with invasive ductal carcinoma of the breast; started on targeted therapy and radiation.,Found to have a type of breast cancer and began treatment with drugs targeting cancer cells and radiation to kill cancer cells.
Diagnosed with cataracts in both eyes; underwent bilateral cataract extraction with intraocular lens implantation.,Found to have clouding of the lens in both eyes (cataracts) and had surgery to remove the cataracts and replace them with artificial lenses.
Patient presented with acute angle-closure glaucoma; treated with laser iridotomy.,Came in with a type of glaucoma where eye pressure rises quickly and was treated with a laser procedure to create a small opening in the iris to relieve pressure.
Diagnosed with diabetic retinopathy; underwent panretinal photocoagulation to prevent vision loss.,Found to have damage to the retina due to diabetes and received laser treatment over the whole retina to prevent further vision loss.
Treated for macular degeneration with intravitreal injections of anti-VEGF medication.,Received treatment for deterioration of the central part of the retina (macular degeneration) with eye injections of medication to slow progression.
Patient with dry eye syndrome prescribed artificial tears and punctal plugs.,Patient suffering from dry eyes was prescribed lubricating eye drops and tiny plugs to block tear drainage and keep eyes moist.
Underwent corneal transplant for keratoconus.,"Had a cornea transplant due to keratoconus, a condition where the clear outer layer of the eye bulges outward."
Diagnosed with bacterial conjunctivitis; treated with antibiotic eye drops.,Found to have an eye infection (bacterial conjunctivitis) and treated with antibiotic drops.
Patient presented with uveitis; managed with corticosteroid eye drops and systemic immunosuppressants.,Came in with inflammation inside the eye (uveitis) and was treated with steroid eye drops and medications to suppress the immune system.
Underwent vitrectomy for retinal detachment.,Had a surgical procedure to remove the vitreous gel from the eye to repair a detached retina.
Treated for ocular hypertension with topical beta-blockers and prostaglandin analogs.,Received treatment for high pressure inside the eye with eye drops that reduce fluid production and increase fluid outflow.
Diagnosed with blepharitis; recommended eyelid hygiene and topical antibiotics.,Found to have inflammation of the eyelids (blepharitis) and advised to clean eyelids regularly and use antibiotic ointments.
Patient with pterygium underwent surgical excision and conjunctival autograft.,Had surgery to remove an abnormal growth of tissue on the white of the eye and cover the area with a tissue graft from another part of the eye.
Underwent LASIK surgery for myopia correction.,"Had laser surgery to correct nearsightedness, reshaping the cornea to focus light directly on the retina."
Treated for chemical eye burn with copious irrigation and topical steroid therapy.,Received treatment for an eye injury caused by a chemical with extensive flushing of the eye and steroid eye drops to reduce inflammation.
Diagnosed with optic neuritis; treated with high-dose intravenous steroids.,Found to have inflammation of the optic nerve (optic neuritis) and treated with high doses of IV steroids to reduce swelling and damage.
Patient presenting with episcleritis; managed with topical NSAIDs.,Came in with inflammation of the outer layer of the white of the eye (episcleritis) and was treated with anti-inflammatory eye drops.
Underwent scleral buckling for retinal tear.,Had surgery involving a band around the eye to treat a tear in the retina and prevent detachment.
Treated for orbital cellulitis with IV antibiotics and surgical drainage of abscess.,Received treatment for infection of the tissues around the eye (orbital cellulitis) with IV antibiotics and surgery to drain an abscess.
Diagnosed with age-related macular degeneration; started on antioxidant vitamins and zinc supplements.,Found to have age-related deterioration of the central part of the retina and began treatment with vitamins and zinc to slow disease progression.
Patient with night blindness given vitamin A supplementation.,Patient experiencing difficulty seeing in low light treated with vitamin A supplements to improve vision.
Underwent enucleation of the right eye due to malignant melanoma.,Had the right eye surgically removed due to cancer (malignant melanoma) in the eye.
Treated for scleritis with oral corticosteroids and immune-modulating therapy.,Received treatment for inflammation of the white of the eye (scleritis) with oral steroids and therapy to regulate the immune system.
Diagnosed with strabismus; underwent corrective surgery for eye muscle realignment.,Found to have misaligned eyes (strabismus) and had surgery to adjust the eye muscles for proper alignment.
Patient presented with acute allergic conjunctivitis; treated with antihistamine eye drops.,Came in with sudden allergic eye reaction (conjunctivitis) and treated with eye drops that block allergy symptoms.
Underwent trabeculectomy for uncontrolled glaucoma.,Had surgery to create a new drainage path in the eye to treat glaucoma that was not controlled by other treatments.
Diagnosed with corneal ulcer; treated with antibacterial and antifungal eye drops.,Found to have an ulcer on the cornea and treated with drops to prevent bacterial and fungal infection.
Patient with choroidal nevus monitored for changes; no treatment required currently.,Patient has a benign eye mole (choroidal nevus) being watched for any changes that might require treatment later.
"Treated for retinoblastoma with chemotherapy, radiation, and enucleation of the affected eye.","Received treatment for eye cancer (retinoblastoma) with chemotherapy, radiation, and removal of the affected eye."
Underwent photodynamic therapy for central serous retinopathy.,"Had a special light treatment to address a condition where fluid builds up under the retina, causing vision distortion."
Patient with conjunctival hemorrhage advised rest and cold compresses; self-resolving condition.,Patient with bleeding under the eye's surface advised to rest and apply cold packs; the condition usually heals on its own.
Diagnosed with gastritis; treated with proton pump inhibitors and dietary modifications.,Found to have inflammation of the stomach lining (gastritis) and treated with medications to reduce stomach acid and changes in diet.
Underwent endoscopic resection for early-stage gastric cancer.,"Had a minimally invasive procedure to remove early-stage stomach cancer using an endoscope, a flexible tube with a camera."
Patient with peptic ulcer disease prescribed H2 blockers and advised to avoid NSAIDs.,Patient with ulcers in the stomach or upper intestine treated with medications to decrease stomach acid and advised to avoid anti-inflammatory drugs that can worsen ulcers.
Diagnosed with celiac disease; started on a strict gluten-free diet.,"Found to have celiac disease, an immune reaction to eating gluten, and began a diet completely free of gluten to manage symptoms."
Treated for Zollinger-Ellison syndrome with high-dose proton pump inhibitors.,"Received treatment for Zollinger-Ellison syndrome, a condition causing excessive stomach acid, with high doses of medications to reduce acid production."
Patient with chronic gastritis underwent Helicobacter pylori eradication therapy.,"Patient with long-term stomach inflammation treated with specific antibiotics to eliminate Helicobacter pylori, a bacteria that can cause gastritis."
Diagnosed with gastric polyps during routine endoscopy; polyps were removed and sent for biopsy.,Found to have noncancerous growths in the stomach during a routine camera examination; growths were removed and examined for signs of cancer.
Underwent partial gastrectomy for severe gastric ulcer bleeding.,Had surgery to remove part of the stomach due to severe bleeding from a stomach ulcer.
Treated for gastroenteritis with oral rehydration solutions and antiemetics.,Received treatment for inflammation of the stomach and intestines with solutions to restore hydration and medications to control vomiting.
Patient with gastroesophageal reflux disease (GERD) started on lifestyle changes and antacids.,"Patient with acid reflux, where stomach acid backs up into the esophagus, advised to make lifestyle changes and use antacids to relieve symptoms."
Diagnosed with stomach volvulus; underwent emergency surgery to correct twisted stomach.,Found to have a twisted stomach (volvulus) and received emergency surgery to untwist it and prevent serious complications.
Patient with gastroparesis treated with dietary modifications and prokinetic agents.,Patient with delayed stomach emptying (gastroparesis) managed with changes in diet and medications to help the stomach move food more effectively.
Underwent laparoscopic fundoplication for chronic GERD.,Had minimally invasive surgery to wrap the upper part of the stomach around the esophagus to prevent acid reflux in chronic GERD.
Diagnosed with linitis plastica type of gastric cancer; started on palliative chemotherapy.,Found to have a type of stomach cancer that causes thickening of the stomach wall; began chemotherapy to relieve symptoms and slow cancer progression.
Treated for stomach abscess with intravenous antibiotics and percutaneous drainage.,Received treatment for a pus-filled pocket in the stomach with IV antibiotics and a procedure to drain the abscess.
Patient presented with bezoar; removed via endoscopic intervention.,"Patient had a mass of indigestible material (bezoar) in the stomach, removed using an endoscope."
Diagnosed with achalasia; treated with pneumatic dilation to help open the lower esophageal sphincter.,"Found to have achalasia, a condition where the esophagus is unable to move food into the stomach properly, treated with a procedure to widen the entry to the stomach."
Underwent gastric banding for morbid obesity.,Had surgery to place a band around the upper part of the stomach to restrict food intake due to severe obesity.
Treated for duodenal ulcer with endoscopic clipping to stop bleeding.,Received treatment for an ulcer in the small intestine with a procedure using an endoscope to clip and stop the ulcer from bleeding.
Diagnosed with Menetrier's disease; treated with symptomatic care and periodic protein infusions.,"Found to have Menetrier's disease, a rare condition that causes excessive stomach lining growth, treated with care to manage symptoms and infusions to maintain protein levels."
Patient with Barrett's esophagus underwent radiofrequency ablation to prevent progression to cancer.,"Patient with Barrett's esophagus, a condition where stomach acid damages esophagus cells, underwent a procedure to destroy abnormal cells and reduce cancer risk."
Diagnosed with gastric dumping syndrome; managed with dietary adjustments and medication to slow stomach emptying.,"Found to have gastric dumping syndrome, where food moves too quickly from the stomach to the small intestine, managed with dietary changes and medication."
Patient with Mallory-Weiss tear treated with endoscopic hemostasis.,Patient with a tear in the mucous membrane at the junction of the stomach and esophagus treated with a procedure to stop the bleeding.
Underwent total gastrectomy for diffuse gastric cancer.,Had surgery to remove the entire stomach due to widespread stomach cancer.
Treated for Helicobacter pylori infection with triple therapy (two antibiotics and a proton pump inhibitor).,"Received treatment for an infection by Helicobacter pylori, a bacterium linked to ulcers, with a combination of two antibiotics and a medication to reduce stomach acid."
Diagnosed with hypertrophic pyloric stenosis; corrected with pyloromyotomy.,"Found to have an abnormally thickened pylorus (the opening from the stomach into the small intestine) that obstructs food passage, corrected with surgical cutting of the pyloric muscle."
Patient presented with gastric varices; treated with endoscopic band ligation.,Patient came in with enlarged veins in the stomach (gastric varices) and treated with a procedure to tie off the veins to prevent bleeding.
Diagnosed with antral gastritis; managed with acid suppressants and protective agents.,Found to have inflammation in the lower part of the stomach and managed with medications to lower stomach acid and protect the stomach lining.
Underwent vertical sleeve gastrectomy for weight loss.,Had a type of weight-loss surgery where a large part of the stomach is removed to help decrease food intake.
Patient with non-ulcer dyspepsia treated with dietary management and prokinetics.,Patient suffering from indigestion without an ulcer treated with changes in diet and medications to enhance stomach motility.
Diagnosed with breast cancer; initiated on neoadjuvant chemotherapy to shrink the tumor before surgery.,Found to have breast cancer and started on chemotherapy before surgery to reduce the size of the tumor.
Underwent radical prostatectomy for prostate cancer.,Had surgery to remove the prostate gland due to prostate cancer.
Patient with lung cancer treated with targeted therapy based on genetic testing.,Patient with lung cancer received specific drugs tailored to the genetic characteristics of the cancer cells.
Diagnosed with colorectal cancer; underwent colon resection and started on adjuvant chemotherapy.,"Found to have colorectal cancer, had part of the colon surgically removed, and began chemotherapy after surgery to kill any remaining cancer cells."
Treated for cervical cancer with concurrent chemoradiation therapy.,Received treatment for cervical cancer with both chemotherapy and radiation at the same time to enhance the effectiveness of treatment.
Underwent partial hepatectomy for hepatocellular carcinoma.,Had surgery to remove part of the liver affected by liver cancer (hepatocellular carcinoma).
Patient with pancreatic cancer treated with a Whipple procedure to remove the tumor.,"Patient with pancreatic cancer underwent a Whipple procedure, a complex surgery to remove the head of the pancreas and surrounding areas."
Diagnosed with ovarian cancer; treated with cytoreductive surgery followed by platinum-based chemotherapy.,"Found to have ovarian cancer, underwent surgery to reduce tumor size followed by chemotherapy based on platinum drugs."
Patient with skin melanoma underwent wide excision and sentinel lymph node biopsy.,"Patient with melanoma, a serious type of skin cancer, had the cancerous area widely removed and a procedure to check nearby lymph nodes for cancer spread."
Treated for bladder cancer with transurethral resection of bladder tumor (TURBT) and intravesical therapy.,Received treatment for bladder cancer with surgery to remove the tumor through the urethra and therapy with drugs applied directly into the bladder.
Underwent mastectomy and lymph node dissection for advanced breast cancer.,Had breast removal surgery and surgical removal of lymph nodes due to advanced breast cancer.
Diagnosed with thyroid cancer; treated with total thyroidectomy and radioactive iodine.,"Found to have thyroid cancer, had the entire thyroid gland removed, and treated with radioactive iodine to destroy any remaining cancer cells."
Patient with esophageal cancer underwent esophagectomy and reconstruction.,Patient with cancer of the esophagus had the affected part of the esophagus removed and reconstructed.
Treated for testicular cancer with orchiectomy and adjuvant chemotherapy.,Received treatment for testicular cancer with surgery to remove the affected testicle and chemotherapy after surgery to prevent cancer recurrence.
Diagnosed with multiple myeloma; started on combination therapy including immunomodulatory drugs and proteasome inhibitors.,"Found to have multiple myeloma, a cancer of plasma cells, and began treatment with a combination of drugs that modify the immune system and block cancer cell growth."
Patient with renal cell carcinoma treated with nephrectomy and targeted therapy.,Patient with kidney cancer treated by removing the kidney (nephrectomy) and targeted therapy to attack specific cancer cells.
"Diagnosed with glioblastoma; treated with surgical resection, radiotherapy, and temozolomide.","Found to have glioblastoma, a type of brain tumor, and treated with surgery, radiation therapy, and chemotherapy with temozolomide."
Underwent lumpectomy and radiation therapy for stage I breast cancer.,Had a surgery to remove a small breast cancer tumor and radiation therapy to eliminate any remaining cancer cells.
Patient with endometrial cancer underwent hysterectomy and bilateral salpingo-oophorectomy.,Patient with cancer of the uterus had the uterus removed along with both ovaries and fallopian tubes.
Treated for soft tissue sarcoma with limb-sparing surgery and neoadjuvant radiation.,Received treatment for a type of cancer that occurs in the body's soft tissues with surgery to save the limb and radiation before surgery to shrink the tumor.
Diagnosed with nasopharyngeal carcinoma; received concurrent chemoradiotherapy.,Found to have cancer in the upper part of the throat behind the nose and treated with both chemotherapy and radiation simultaneously.
Underwent surgical resection for oral squamous cell carcinoma.,Had surgery to remove a type of skin cancer located in the mouth.
Patient with Hodgkin's lymphoma treated with ABVD chemotherapy regimen.,Patient with a type of lymph node cancer (Hodgkin's lymphoma) treated with a specific chemotherapy regimen called ABVD.
Diagnosed with mesothelioma; started on pemetrexed and cisplatin chemotherapy.,"Found to have mesothelioma, a rare cancer linked to asbestos exposure, and began chemotherapy with pemetrexed and cisplatin."
Underwent en bloc resection for spinal tumor to preserve nerve function.,Had surgery to remove a tumor from the spine in one piece to avoid damaging nerves.
Patient with bone metastases from breast cancer treated with bisphosphonates and radiation therapy.,Patient with breast cancer that has spread to the bones treated with medications to strengthen bones and radiation therapy to relieve pain and prevent fractures.
Diagnosed with basal cell carcinoma on the eyelid; treated with Mohs micrographic surgery.,Found to have a common type of skin cancer on the eyelid and treated with a precise surgical technique to remove all cancerous cells while sparing healthy tissue.
Patient with cholangiocarcinoma underwent hepaticojejunostomy after tumor resection.,Patient with bile duct cancer had a surgery to remove the tumor and connect the liver to the small intestine to aid bile flow.
Underwent debulking surgery for ovarian cancer followed by chemotherapy.,Had surgery to remove as much of the ovarian cancer as possible followed by chemotherapy to kill remaining cancer cells.
Treated for lymphoma with R-CHOP chemotherapy protocol.,"Received treatment for lymphoma, a type of cancer that affects the lymphatic system, using a specific chemotherapy protocol known as R-CHOP."
Diagnosed with major depressive disorder; initiated on SSRIs and referred for cognitive-behavioral therapy.,Found to have major depressive disorder and started on antidepressant medications (SSRIs) and referred for a type of therapy that helps modify negative thoughts and behaviors.
Patient with bipolar disorder underwent a psychiatric evaluation; started on mood stabilizers and psychotherapy.,"Patient with bipolar disorder, which causes extreme mood swings, received a psychiatric evaluation and began treatment with medications to stabilize mood and counseling."
Diagnosed with generalized anxiety disorder; treated with anxiolytics and cognitive behavioral therapy.,"Found to have generalized anxiety disorder, a condition causing persistent and excessive worry, and treated with anxiety-reducing medications and therapy to manage anxiety."
Underwent treatment for schizophrenia with antipsychotics and was enrolled in a community support program.,"Received treatment for schizophrenia, a disorder that affects a person's ability to think, feel, and behave clearly, with medications and support from community-based programs."
Patient presenting with symptoms of post-traumatic stress disorder (PTSD); started on EMDR therapy and SSRIs.,"Patient showing symptoms of PTSD, a condition triggered by a terrifying event, began Eye Movement Desensitization and Reprocessing (EMDR) therapy and antidepressants."
Diagnosed with obsessive-compulsive disorder; initiated on serotonin reuptake inhibitors (SRIs) and exposure and response prevention therapy.,"Found to have obsessive-compulsive disorder, a condition where a person has uncontrollable, reoccurring thoughts and behaviors, and started on medications that affect serotonin in the brain and a type of therapy that involves facing fears."
Treated for panic disorder with cognitive behavioral therapy and benzodiazepines for acute anxiety episodes.,"Received treatment for panic disorder, which includes sudden episodes of intense fear, with therapy to change thinking patterns and medications for quick relief from anxiety."
Patient with social anxiety disorder treated with SSRIs and group therapy.,"Patient with social anxiety disorder, which causes extreme fear in social situations, treated with antidepressants and therapy in a group setting."
Diagnosed with borderline personality disorder; engaged in dialectical behavior therapy (DBT) and medication management.,"Found to have borderline personality disorder, a disorder characterized by unstable moods and behaviors, and participated in a therapy that helps build life skills and managed medications."
"Underwent therapy for anorexia nervosa with a multidisciplinary team including dietitians, psychiatrists, and therapists.","Received treatment for anorexia nervosa, an eating disorder characterized by an abnormally low body weight, with a team of health professionals including diet specialists and mental health experts."
Patient with attention-deficit/hyperactivity disorder (ADHD) started on stimulant medication and behavioral interventions.,"Patient with ADHD, which affects attention and behavior, began treatment with stimulant drugs that improve focus and behavior modification techniques."
Treated for chronic insomnia with pharmacotherapy and sleep hygiene education.,Received treatment for chronic difficulty sleeping with medications and education on practices that promote better sleep.
Diagnosed with dissociative identity disorder; engaged in long-term psychotherapy and crisis intervention as needed.,"Found to have dissociative identity disorder, a severe form of dissociation involving multiple personalities, and received ongoing psychotherapy and immediate help during crises."
Patient with alcohol use disorder underwent detoxification and started on medication-assisted therapy (MAT) and counseling.,Patient with alcohol dependence went through detox and began treatment with medications to help reduce alcohol craving and counseling.
Underwent treatment for seasonal affective disorder (SAD) with light therapy and SSRIs.,Received treatment for depression that occurs at the same time each year (seasonal affective disorder) with light therapy to compensate for lack of sunlight and antidepressants.
Diagnosed with narcolepsy; treated with stimulants to help stay awake during the day and scheduled naps.,"Found to have narcolepsy, a condition causing excessive daytime sleepiness, and treated with stimulant medications and planned daytime naps."
Patient with somatic symptom disorder treated with cognitive-behavioral therapy and regular follow-up with a psychiatrist.,Patient with a condition where a person feels extreme anxiety about physical symptoms treated with therapy to manage thoughts and behaviors and regular mental health check-ups.
Underwent electroconvulsive therapy (ECT) for severe depression unresponsive to medications.,"Received electroconvulsive therapy, a procedure where small electric currents are passed through the brain, for severe depression that didn’t improve with medication."
Diagnosed with adjustment disorder; treated with short-term psychotherapy and stress management techniques.,"Found to have adjustment disorder, a stress-related condition, and treated with temporary therapy and learning to manage stress."
Patient with gambling addiction engaged in cognitive behavioral therapy to develop skills to reduce gambling behavior.,Patient with a gambling problem received therapy to change harmful gambling behaviors and develop better coping skills.
"Diagnosed with viral fever; treated with rest, fluids, and antipyretics.","Found to have a fever caused by a virus and treated with rest, drinking fluids, and medications to reduce fever."
Patient with acute bronchitis treated with cough suppressants and steam inhalation.,"Patient with bronchitis, an inflammation of the airways, treated with medications to suppress cough and steam inhalation to soothe the airways."
Diagnosed with strep throat; prescribed antibiotics and advised to gargle with salt water.,"Found to have strep throat, a bacterial infection, and treated with antibiotics and salt water gargles to relieve throat pain."
Treated for seasonal allergies with antihistamines and nasal corticosteroids.,Received treatment for seasonal allergies with medications to reduce allergic reactions and nasal sprays to relieve congestion.
Patient with sinusitis prescribed decongestants and recommended warm compresses.,"Patient with sinusitis, inflammation of the sinuses, treated with decongestants to reduce swelling and warm compresses to ease pain."
Underwent removal of ingrown toenail and advised on proper foot hygiene.,Had surgery to remove an ingrown toenail and received advice on how to take care of feet to prevent future problems.
Treated for urinary tract infection with antibiotics and advised to increase fluid intake.,Received treatment for a urinary tract infection with antibiotics and recommended to drink more fluids to help flush out bacteria.
Patient with dehydration treated with oral rehydration solution and monitored for improvement.,Patient with dehydration treated with a special drink to quickly restore body fluids and monitored for recovery.
Diagnosed with conjunctivitis; treated with antibiotic eye drops and advised to keep eyes clean.,"Found to have conjunctivitis, an eye infection, and treated with antibiotic drops and instructions to keep eyes clean."
Patient with gastroenteritis treated with antiemetic medication and oral rehydration salts.,"Patient with gastroenteritis, an intestinal infection, treated with medications to stop vomiting and salts to restore hydration."
"Treated for a sprained ankle with RICE (Rest, Ice, Compression, Elevation) and pain relievers.",Received treatment for a sprained ankle using RICE method and medications to relieve pain.
Diagnosed with eczema; prescribed topical corticosteroids and moisturizers.,"Found to have eczema, a skin condition causing itchiness and dryness, and treated with steroid creams and skin moisturizers."
"Patient with food poisoning treated with rest, fluids, and anti-nausea medication.","Patient with symptoms of food poisoning treated with rest, plenty of fluids, and medications to control nausea."
Treated for migraine with triptans and advised on lifestyle modifications to prevent triggers.,Received treatment for migraine headaches with triptan medications and advised to make changes in habits to avoid headache triggers.
Patient with athlete's foot treated with antifungal creams and advised to keep feet dry and clean.,Patient with a fungal infection of the foot treated with antifungal creams and instructions to keep feet dry and clean.
Diagnosed with contact dermatitis; treated with topical steroids and cool baths.,"Found to have contact dermatitis, a skin reaction to irritants, and treated with steroid creams and cool baths to soothe the skin."
Treated for sunburn with aloe vera gel and pain relief medication.,Received treatment for sunburn with aloe vera to soothe the skin and pain relievers to manage discomfort.
"Patient with laryngitis treated with voice rest, humidifiers, and hydration.","Patient with inflammation of the voice box (laryngitis) treated with rest for the voice, humidified air, and lots of fluids to soothe the throat."
Diagnosed with chickenpox; treated with antiviral drugs and calamine lotion for itching.,"Found to have chickenpox, a viral infection, and treated with antiviral medications and lotion to relieve itching."
"Treated for a bee sting with ice packs, antihistamines, and monitoring for allergic reactions.","Received treatment for a bee sting with ice to reduce swelling, antihistamines to control allergic symptoms, and monitored for severe reactions."
Patient with tinnitus advised on sound therapy and coping strategies to manage symptoms.,Patient with ringing in the ears (tinnitus) advised on using sound therapy and strategies to help cope with the noise.
Underwent treatment for ingrown fingernail with nail correction and local antibiotics.,Received treatment for an ingrown fingernail with a procedure to correct the nail growth and local antibiotics to prevent infection.
"Diagnosed with heat exhaustion; treated with cool environment, hydration, and electrolytes.","Found to have heat exhaustion and treated with a cool place to rest, plenty of fluids, and electrolyte replenishment."
Patient with oral thrush treated with antifungal medication and good oral hygiene practices.,Patient with a fungal infection in the mouth (oral thrush) treated with antifungal drugs and advised on maintaining good oral cleanliness.
Treated for scabies with topical permethrin and advised on laundering all clothing and bedding.,"Received treatment for scabies, a skin infestation, with a cream to kill the mites and instructions to wash all fabrics to prevent re-infestation."
Patient with hemorrhoids treated with topical creams and recommended dietary fiber increase.,Patient with swollen blood vessels in the rectum (hemorrhoids) treated with creams to reduce swelling and advised to eat more fiber.
Diagnosed with ringworm; treated with topical antifungal medication and hygiene education.,"Found to have ringworm, a fungal skin infection, and treated with antifungal cream and education on keeping the affected area clean."
Patient with cystitis treated with antibiotics and advised on urinary hygiene.,Patient with bladder inflammation (cystitis) treated with antibiotics and advised on how to maintain clean urinary habits.
Treated for minor burns with topical burn cream and sterile dressings.,Received treatment for minor skin burns with special cream to prevent infection and sterile bandages to protect the burn.
Diagnosed with acute rhinitis; treated with decongestant sprays and advised to avoid allergens.,Found to have inflammation of the nasal passages (acute rhinitis) and treated with nasal sprays to reduce swelling and advice to stay away from allergens.
Diagnosed with malaria; treated with artemisinin-based combination therapy (ACT).,"Found to have malaria, a mosquito-borne disease, and treated with a combination of drugs that include artemisinin to effectively combat the parasite."
Patient with cholera treated with oral rehydration solution and antibiotics.,"Patient with cholera, an infection causing severe diarrhea, treated with a special drink to replace lost fluids and antibiotics to kill the bacteria."
Diagnosed with acute diarrhea; managed with hydration therapy and dietary adjustments.,Found to have acute diarrhea and managed with fluids to stay hydrated and changes in diet to help reduce symptoms.
Patient with typhoid fever treated with fluoroquinolones and hydration management.,"Patient with typhoid fever, a bacterial infection from contaminated food or water, treated with a type of antibiotic and fluids to manage dehydration."
Treated for dengue fever with fluid support and pain relievers.,"Received treatment for dengue fever, a virus carried by mosquitoes, with supportive care to maintain body fluids and medications to alleviate pain."
"Diagnosed with hepatitis A; managed with rest, hydration, and liver function monitoring.","Found to have hepatitis A, a liver infection, and managed with rest, plenty of fluids, and regular checks on liver health."
Patient with leptospirosis treated with intravenous penicillin and supportive care.,"Patient with leptospirosis, a bacterial disease that can affect many parts of the body, treated with IV antibiotics and supportive care to manage symptoms."
Underwent treatment for giardiasis with metronidazole.,"Received treatment for giardiasis, an intestinal infection caused by a parasite, with metronidazole, an antibiotic."
Patient with rabies received post-exposure prophylaxis with rabies vaccine and immunoglobulin.,"Patient potentially exposed to rabies, a deadly virus from animal bites, received emergency vaccines and antibodies to prevent infection."
Diagnosed with yellow fever; treated with supportive care in hospital.,"Found to have yellow fever, a viral infection transmitted by mosquitoes, and received care in the hospital to support body functions."
Treated for rotavirus infection with rehydration fluids and zinc supplementation.,"Received treatment for rotavirus, a common cause of diarrhea in children, with fluids to prevent dehydration and zinc to boost the immune system."
Patient with amoebiasis treated with antiprotozoal medications and fluid replacement.,"Patient with amoebiasis, an intestinal illness caused by a parasite, treated with medications to kill the parasite and fluids to replace losses."
Diagnosed with cryptosporidiosis; managed with antiparasitic drugs and hydration therapy.,"Found to have cryptosporidiosis, a diarrheal disease caused by a parasite, and managed with drugs to eliminate the parasite and fluids to stay hydrated."
Patient with Lyme disease treated with doxycycline and symptomatic relief measures.,"Patient with Lyme disease, a tick-borne illness, treated with antibiotics and measures to relieve symptoms like joint pain and fatigue."
Diagnosed with schistosomiasis; treated with praziquantel.,"Found to have schistosomiasis, a disease caused by parasitic worms, and treated with praziquantel to kill the parasites."
Patient with pertussis (whooping cough) treated with macrolide antibiotics and isolation to prevent spread.,"Patient with whooping cough, a highly contagious respiratory disease, treated with a specific type of antibiotic and kept isolated to prevent infecting others."
Diagnosed with brucellosis; treated with a combination of doxycycline and rifampin.,"Found to have brucellosis, a bacterial infection from infected animals or products, treated with a combination of antibiotics to effectively clear the infection."
Patient with anthrax received antimicrobial therapy and antitoxin treatment.,"Patient with anthrax, a serious infectious disease, treated with antibiotics and toxins to combat the effects of the bacteria."
Diagnosed with trichinosis; treated with antiparasitic medications and corticosteroids to reduce inflammation.,"Found to have trichinosis, an infection from eating raw or undercooked meat, treated with medications to kill the parasites and steroids to reduce body inflammation."
Treated for salmonella poisoning with fluid replacement and antibiotics.,"Received treatment for salmonella, a bacterial food poisoning, with fluids to stay hydrated and antibiotics if symptoms are severe."
Patient with ehrlichiosis treated with doxycycline to target the causative bacteria.,"Patient with ehrlichiosis, a bacterial illness from ticks, treated with doxycycline, an antibiotic effective against this type of bacteria."
Diagnosed with histoplasmosis; managed with antifungal medications.,"Found to have histoplasmosis, a fungal infection from spore inhalation, and managed with medications to kill the fungus."
"Patient with Zika virus managed with rest, fluids, and symptomatic care.","Patient with Zika virus, a mosquito-borne virus, managed with rest, plenty of fluids, and care to relieve symptoms like fever and rash."
Treated for hookworm infection with anthelmintic drugs to eradicate the parasites.,"Received treatment for hookworm, a parasitic infection, with drugs designed to eliminate the worms."
Diagnosed with norovirus infection; supportive care with hydration and electrolyte management.,"Found to have norovirus, a highly contagious virus causing vomiting and diarrhea, and treated with supportive care to manage fluids and electrolytes."
Patient with toxoplasmosis treated with pyrimethamine and sulfadiazine.,"Patient with toxoplasmosis, an infection from a parasite found in cats and contaminated food, treated with a combination of medications to kill the parasite."
Diagnosed with SARS (Severe Acute Respiratory Syndrome); isolated and treated with antiviral drugs and supportive care.,"Found to have SARS, a viral respiratory illness, and isolated to prevent spread, treated with antiviral medications and supportive care for symptoms."
Patient with malaria treated with artemisinin-based combination therapy (ACT).,"Patient found to have malaria, a mosquito-borne disease, and treated with a combination of drugs that include artemisinin to effectively combat the parasite."
Treated for scabies with topical permethrin and advised on laundering all clothing and bedding.,"Received treatment for scabies, a skin infestation, with a cream to kill the mites and instructions to wash all fabrics to prevent re-infestation."
Diagnosed with enteric fever; treated with antibiotics and hydration therapy.,"Found to have enteric fever, a systemic infection caused by Salmonella, and treated with antibiotics and fluids to maintain hydration."
Diagnosed with Type 1 diabetes; started on insulin therapy and diabetes education.,"Found to have Type 1 diabetes, a condition where the body cannot produce insulin, and started on insulin injections and education to manage the disease."
Patient with Type 2 diabetes managed with oral hypoglycemic agents and lifestyle modifications.,"Patient with Type 2 diabetes, a condition where the body doesn't use insulin properly, managed with medications to lower blood sugar and changes in diet and exercise."
Diagnosed with gestational diabetes; monitored with glucose testing and controlled with diet and insulin as needed.,"Found to have gestational diabetes during pregnancy and monitored with regular blood sugar tests, managed with diet and insulin if necessary."
Patient with hypertension treated with ACE inhibitors and lifestyle changes including dietary adjustments.,Patient with high blood pressure treated with medications that relax blood vessels and changes in lifestyle such as a healthier diet.
Diagnosed with orthostatic hypotension; managed with increased salt intake and wearing compression stockings.,"Found to have orthostatic hypotension, a form of low blood pressure when standing up, and managed with more salt in the diet and special stockings to improve blood flow."
Patient with diabetic neuropathy treated with blood sugar control and medications to relieve nerve pain.,Patient with nerve damage due to diabetes treated by controlling blood sugar levels and medications to reduce nerve pain.
Underwent management for diabetic retinopathy with laser surgery and intravitreal injections.,Received treatment for diabetes-related damage to the retina with laser surgery and eye injections to prevent vision loss.
Treated for diabetic nephropathy with ACE inhibitors and regular monitoring of kidney function.,Received treatment for kidney damage due to diabetes with medications to lower blood pressure and regular checks on kidney health.
Patient with resistant hypertension managed with a combination of multiple blood pressure medications.,Patient with high blood pressure that is difficult to control treated with several different medications to effectively lower blood pressure.
"Diagnosed with diabetic foot ulcer; treated with wound care, antibiotics, and blood sugar control.","Found to have a diabetic foot ulcer and treated with proper wound care, antibiotics to prevent infection, and controlling blood sugar levels."
Patient with hypoglycemia (low blood sugar) treated with glucose tablets and adjustments in diabetes medication.,Patient with low blood sugar treated with glucose tablets to quickly raise blood sugar and adjustments made to diabetes medications.
Diagnosed with pulmonary hypertension; treated with vasodilators to lower blood pressure in the lungs.,Found to have high blood pressure in the arteries of the lungs and treated with medications to widen blood vessels and lower pressure.
"Patient with diabetic ketoacidosis treated with intravenous fluids, insulin, and electrolyte replacement.","Patient with a serious diabetes complication where acids build in the blood treated with IV fluids, insulin to lower blood sugar, and electrolytes to restore balance."
Managed secondary hypertension due to adrenal gland tumors with surgery and medications.,Treated high blood pressure caused by tumors in the adrenal glands with surgery to remove tumors and medications to control blood pressure.
"Treated for hyperglycemic hyperosmolar state (a serious complication of diabetes) with IV fluids, insulin, and electrolytes.","Received treatment for a severe condition due to high blood sugar with IV fluids, insulin, and electrolytes to restore normal body function."
Patient with neurogenic orthostatic hypotension treated with medications to increase blood pressure and non-pharmacological measures.,Patient with a type of low blood pressure due to nerve problems treated with medications to raise blood pressure and other non-drug methods.
"Diagnosed with pre-diabetes; managed with diet, exercise, and regular monitoring of blood glucose levels.","Found to have pre-diabetes, a state where blood sugar levels are high but not yet in the diabetes range, managed with diet, exercise, and regular blood sugar testing."
Patient with masked hypertension monitored with ambulatory blood pressure measurement to accurately assess blood pressure levels.,Patient with high blood pressure that isn't always detected in the doctor's office monitored with a device that measures blood pressure continuously over 24 hours for accurate assessment.
Diagnosed with white coat hypertension; recommended regular home blood pressure monitoring.,"Found to have white coat hypertension, where blood pressure is high in a medical setting but normal at home, recommended to regularly monitor blood pressure at home."
Treated for renal artery stenosis (a cause of high blood pressure) with angioplasty and stenting.,"Received treatment for narrowing of the arteries to the kidneys, a condition that can cause high blood pressure, with a procedure to widen the artery and place a stent."
Patient with diabetes managed with continuous glucose monitoring system for better glucose control.,Patient with diabetes uses a device that continuously monitors glucose levels to maintain good blood sugar control.
Underwent lifestyle interventions for metabolic syndrome to reduce risk of developing diabetes and cardiovascular disease.,"Engaged in lifestyle changes such as diet and exercise to manage metabolic syndrome, a cluster of conditions that increase the risk of heart disease and diabetes."
"Diagnosed with postural tachycardia syndrome; managed with increased fluid intake, salt supplementation, and medications.","Found to have postural tachycardia syndrome, a condition that affects blood flow and heart rate when standing, managed with more fluids, extra salt, and medications to stabilize heart rate and blood flow."
Patient with diabetes educated on the importance of foot care to prevent ulcers and infections.,Patient with diabetes received education on how to care for feet to prevent complications like ulcers and infections.
Treated for malignant hypertension with emergency medications to quickly lower blood pressure.,Received emergency treatment for very high blood pressure that can cause damage to the body organs with medications to rapidly reduce blood pressure.
Managed gestational diabetes with insulin therapy and close monitoring of fetal growth and maternal health.,Managed diabetes that developed during pregnancy with insulin and close checks on the health of both the mother and the unborn baby.
Diagnosed with insulin resistance; treated with metformin and lifestyle changes to improve insulin sensitivity.,"Found to have insulin resistance, a condition where cells in the body do not respond well to insulin, and treated with medication and lifestyle changes to increase insulin effectiveness."
Patient with hypertensive crisis treated with intravenous antihypertensive drugs and intensive monitoring.,Patient with dangerously high blood pressure treated urgently with IV medications to lower blood pressure and intensive monitoring for stability.
Diagnosed with labile hypertension; managed with stress reduction techniques and blood pressure medication adjustments.,Found to have fluctuating high blood pressure and managed with techniques to reduce stress and adjustments to blood pressure medications.
Diagnosed with iron deficiency anemia; treated with oral iron supplements and dietary changes.,"Found to have iron deficiency anemia, a condition where there isn't enough iron to produce healthy red blood cells, and treated with iron pills and changes in diet to increase iron intake."
Patient with vitamin B12 deficiency anemia treated with B12 injections and dietary advice.,Patient with a type of anemia caused by low vitamin B12 levels treated with injections to quickly increase B12 and advice on B12-rich foods.
"Diagnosed with sickle cell anemia; managed with pain medications, hydration, and regular blood transfusions.","Found to have sickle cell anemia, a genetic disorder that causes misshapen red blood cells, and managed with medications for pain, fluids to prevent complications, and blood transfusions."
Patient with aplastic anemia treated with immunosuppressive therapy and bone marrow transplant.,"Patient with aplastic anemia, where the bone marrow fails to produce enough new cells, treated with medications to suppress the immune system and a bone marrow transplant to restore cell production."
Diagnosed with thalassemia; managed with blood transfusions and chelation therapy to remove excess iron.,"Found to have thalassemia, a genetic blood disorder affecting red blood cell production, managed with regular blood transfusions and treatment to remove excess iron from the body."
Patient with hemolytic anemia treated with steroids to reduce immune system activity and prevent red blood cell destruction.,"Patient with hemolytic anemia, where red blood cells are destroyed faster than they are made, treated with steroids to calm the immune system and stop it from attacking the red blood cells."
Diagnosed with pernicious anemia; treated with regular injections of vitamin B12.,"Found to have pernicious anemia, a condition that prevents the body from absorbing vitamin B12, treated with regular injections to provide necessary B12."
Patient with polycythemia vera managed with therapeutic phlebotomy to reduce blood volume and blood thinners.,"Patient with polycythemia vera, a condition causing too many red blood cells, managed by removing some blood regularly and medications to thin the blood."
Diagnosed with leukopenia; treated with growth factors to stimulate white blood cell production.,"Found to have leukopenia, low white blood cell count, treated with drugs that encourage the bone marrow to produce more white blood cells."
Patient with neutropenia due to chemotherapy treated with colony-stimulating factors to increase white blood cell count.,"Patient with neutropenia, a low level of a type of white blood cell, caused by chemotherapy, treated with medications to help increase white blood cell numbers."
"Diagnosed with lymphoma; treated with chemotherapy, radiation therapy, and sometimes stem cell transplant.","Found to have lymphoma, a type of cancer that originates in the lymphatic system, treated with chemotherapy, radiation, and potentially a stem cell transplant to replace damaged bone marrow."
Patient with myelodysplastic syndrome treated with blood transfusions and medications to promote blood cell production.,"Patient with myelodysplastic syndrome, a bone marrow disorder, treated with blood transfusions and medications that help the bone marrow produce healthy cells."
Treated for immune thrombocytopenic purpura (ITP) with immunoglobulins and corticosteroids to increase platelet count.,"Received treatment for ITP, a disorder causing low platelet counts that can lead to easy or excessive bruising and bleeding, with immune proteins and steroids to boost platelet numbers."
Diagnosed with leukocytosis; monitored for underlying causes and treated based on specific diagnosis.,"Found to have leukocytosis, an increased number of white blood cells, monitored to find the cause and treated based on the underlying condition identified."
Patient with anemia of chronic disease managed with treatment of the underlying condition and erythropoiesis-stimulating agents.,Patient with anemia caused by another long-term medical condition managed by treating the underlying disease and medications that help the body make more red blood cells.
Diagnosed with fanconi anemia; managed with gene therapy and bone marrow transplantation as potential treatments.,"Found to have fanconi anemia, a rare genetic disorder that affects bone marrow, managed with experimental gene therapy and bone marrow transplant."
Treated for monoclonal gammopathy of undetermined significance (MGUS) with regular monitoring for progression to more serious conditions.,"Treated for MGUS, a condition where an abnormal protein is found in the blood, with regular check-ups to watch for any development into serious diseases like myeloma."
Patient with autoimmune hemolytic anemia treated with immunosuppressive drugs to reduce antibody production against red blood cells.,Patient with a type of anemia where the body's immune system destroys its own red blood cells treated with drugs that suppress the immune response.
Diagnosed with Diamond-Blackfan anemia; treated with corticosteroids and chronic blood transfusion therapy.,"Found to have Diamond-Blackfan anemia, a rare blood disorder, and treated with steroids and regular blood transfusions to maintain healthy blood cell levels."
Patient with hereditary spherocytosis managed with folic acid supplementation and possible splenectomy.,"Patient with hereditary spherocytosis, a condition affecting red blood cell shape and health, managed with folic acid to aid red blood cell production and potentially removing the spleen."
